#-----------------------------------------------------------
# Vivado v2024.2 (64-bit)
# SW Build 5239630 on Fri Nov 08 22:35:27 MST 2024
# IP Build 5239520 on Sun Nov 10 16:12:51 MST 2024
# SharedData Build 5239561 on Fri Nov 08 14:39:27 MST 2024
# Start of session at: Wed Apr 23 17:03:05 2025
# Process ID         : 11008
# Current directory  : C:/CSEE4280/GRP2ADD/FinalProject/MemVga
# Command line       : vivado.exe -gui_launcher_event rodinguilauncherevent22488 C:\CSEE4280\GRP2ADD\FinalProject\MemVga\MemVga.xpr
# Log file           : C:/CSEE4280/GRP2ADD/FinalProject/MemVga/vivado.log
# Journal file       : C:/CSEE4280/GRP2ADD/FinalProject/MemVga\vivado.jou
# Running On         : LAPTOP-RH96MGM6
# Platform           : Windows Server 2016 or Windows 10
# Operating System   : 26100
# Processor Detail   : 12th Gen Intel(R) Core(TM) i5-1235U
# CPU Frequency      : 2496 MHz
# CPU Physical cores : 10
# CPU Logical cores  : 12
# Host memory        : 8216 MB
# Swap memory        : 11811 MB
# Total Virtual      : 20027 MB
# Available Virtual  : 9607 MB
#-----------------------------------------------------------
start_gui
open_project C:/CSEE4280/GRP2ADD/FinalProject/MemVga/MemVga.xpr
WARNING: [Board 49-26] cannot add Board Part xilinx.com:zcu208ld:part0:2.0 available at C:/Xilinx/Vivado/2024.2/data/xhub/boards/XilinxBoardStore/boards/Xilinx/zcu208ld/production/2.0/board.xml as part xczu58dr-fsvg1517-2-i specified in board_part file is either invalid or not available
WARNING: [Board 49-26] cannot add Board Part xilinx.com:zcu216ld:part0:2.0 available at C:/Xilinx/Vivado/2024.2/data/xhub/boards/XilinxBoardStore/boards/Xilinx/zcu216ld/production/2.0/board.xml as part xczu59dr-ffvf1760-2-i specified in board_part file is either invalid or not available
WARNING: [Board 49-26] cannot add Board Part xilinx.com:zcu670ld:part0:1.0 available at C:/Xilinx/Vivado/2024.2/data/xhub/boards/XilinxBoardStore/boards/Xilinx/zcu670ld/1.0/board.xml as part xczu57dr-fsve1156-2-i specified in board_part file is either invalid or not available
INFO: [Project 1-313] Project file moved from '/home/student/Desktop/CSEE4280/GRP2ADD/FinalProject/MemVga' since last save.
INFO: [filemgmt 56-3] Default IP Output Path : Could not find the directory 'C:/CSEE4280/GRP2ADD/FinalProject/MemVga/MemVga.gen/sources_1'.
Scanning sources...
Finished scanning sources
INFO: [IP_Flow 19-234] Refreshing IP repositories
INFO: [IP_Flow 19-1704] No user IP repositories specified
INFO: [IP_Flow 19-2313] Loaded Vivado IP repository 'C:/Xilinx/Vivado/2024.2/data/ip'.
open_project: Time (s): cpu = 00:00:19 ; elapsed = 00:00:10 . Memory (MB): peak = 1346.945 ; gain = 274.582
update_compile_order -fileset sources_1
open_hw_manager
reset_run synth_1
INFO: [Project 1-1161] Replacing file C:/CSEE4280/GRP2ADD/FinalProject/MemVga/MemVga.srcs/utils_1/imports/synth_1/Top.dcp with file C:/CSEE4280/GRP2ADD/FinalProject/MemVga/MemVga.runs/synth_1/Top.dcp
launch_runs impl_1 -to_step write_bitstream -jobs 12
[Wed Apr 23 17:55:56 2025] Launched synth_1...
Run output will be captured here: C:/CSEE4280/GRP2ADD/FinalProject/MemVga/MemVga.runs/synth_1/runme.log
[Wed Apr 23 17:55:56 2025] Launched impl_1...
Run output will be captured here: C:/CSEE4280/GRP2ADD/FinalProject/MemVga/MemVga.runs/impl_1/runme.log
connect_hw_server -allow_non_jtag
INFO: [Labtools 27-2285] Connecting to hw_server url TCP:localhost:3121
INFO: [Labtools 27-2222] Launching hw_server...
INFO: [Labtools 27-2221] Launch Output:

****** Xilinx hw_server v2024.2
  **** Build date : Oct 29 2024 at 10:25:41
    ** Copyright 1986-2022 Xilinx, Inc. All Rights Reserved.


INFO: [Labtools 27-3415] Connecting to cs_server url TCP:localhost:0
INFO: [Labtools 27-3417] Launching cs_server...
INFO: [Labtools 27-2221] Launch Output:


******** Xilinx cs_server v2024.2.0
  ****** Build date   : Oct 30 2024-14:19:07
    **** Build number : 2024.2.1730312347
      ** Copyright 2017-2022 Xilinx, Inc. All Rights Reserved.
      ** Copyright 2022-2025 Advanced Micro Devices, Inc. All Rights Reserved.



connect_hw_server: Time (s): cpu = 00:00:00 ; elapsed = 00:00:07 . Memory (MB): peak = 1385.410 ; gain = 4.762
open_hw_target
INFO: [Labtoolstcl 44-466] Opening hw_target localhost:3121/xilinx_tcf/Digilent/210292BCFCD9A
set_property PROGRAM.FILE {C:/CSEE4280/GRP2ADD/FinalProject/MemVga/MemVga.runs/impl_1/Top.bit} [get_hw_devices xc7a100t_0]
current_hw_device [get_hw_devices xc7a100t_0]
refresh_hw_device -update_hw_probes false [lindex [get_hw_devices xc7a100t_0] 0]
INFO: [Labtools 27-1434] Device xc7a100t (JTAG device index = 0) is programmed with a design that has no supported debug core(s) in it.
set_property PROBES.FILE {} [get_hw_devices xc7a100t_0]
set_property FULL_PROBES.FILE {} [get_hw_devices xc7a100t_0]
set_property PROGRAM.FILE {C:/CSEE4280/GRP2ADD/FinalProject/MemVga/MemVga.runs/impl_1/Top.bit} [get_hw_devices xc7a100t_0]
program_hw_devices [get_hw_devices xc7a100t_0]
INFO: [Labtools 27-3164] End of startup status: HIGH
refresh_hw_device [lindex [get_hw_devices xc7a100t_0] 0]
INFO: [Labtools 27-1434] Device xc7a100t (JTAG device index = 0) is programmed with a design that has no supported debug core(s) in it.
ERROR: [Labtoolstcl 44-513] HW Target shutdown. Closing target: localhost:3121/xilinx_tcf/Digilent/210292BCFCD9A
WARNING: [Board 49-26] cannot add Board Part xilinx.com:zcu208ld:part0:2.0 available at C:/Xilinx/Vivado/2024.2/data/xhub/boards/XilinxBoardStore/boards/Xilinx/zcu208ld/production/2.0/board.xml as part xczu58dr-fsvg1517-2-i specified in board_part file is either invalid or not available
WARNING: [Board 49-26] cannot add Board Part xilinx.com:zcu216ld:part0:2.0 available at C:/Xilinx/Vivado/2024.2/data/xhub/boards/XilinxBoardStore/boards/Xilinx/zcu216ld/production/2.0/board.xml as part xczu59dr-ffvf1760-2-i specified in board_part file is either invalid or not available
WARNING: [Board 49-26] cannot add Board Part xilinx.com:zcu670ld:part0:1.0 available at C:/Xilinx/Vivado/2024.2/data/xhub/boards/XilinxBoardStore/boards/Xilinx/zcu670ld/1.0/board.xml as part xczu57dr-fsve1156-2-i specified in board_part file is either invalid or not available
WARNING: [Board 49-26] cannot add Board Part xilinx.com:zcu208ld:part0:2.0 available at C:/Xilinx/Vivado/2024.2/data/xhub/boards/XilinxBoardStore/boards/Xilinx/zcu208ld/production/2.0/board.xml as part xczu58dr-fsvg1517-2-i specified in board_part file is either invalid or not available
WARNING: [Board 49-26] cannot add Board Part xilinx.com:zcu216ld:part0:2.0 available at C:/Xilinx/Vivado/2024.2/data/xhub/boards/XilinxBoardStore/boards/Xilinx/zcu216ld/production/2.0/board.xml as part xczu59dr-ffvf1760-2-i specified in board_part file is either invalid or not available
WARNING: [Board 49-26] cannot add Board Part xilinx.com:zcu670ld:part0:1.0 available at C:/Xilinx/Vivado/2024.2/data/xhub/boards/XilinxBoardStore/boards/Xilinx/zcu670ld/1.0/board.xml as part xczu57dr-fsve1156-2-i specified in board_part file is either invalid or not available
WARNING: [Board 49-26] cannot add Board Part xilinx.com:zcu208ld:part0:2.0 available at C:/Xilinx/Vivado/2024.2/data/xhub/boards/XilinxBoardStore/boards/Xilinx/zcu208ld/production/2.0/board.xml as part xczu58dr-fsvg1517-2-i specified in board_part file is either invalid or not available
WARNING: [Board 49-26] cannot add Board Part xilinx.com:zcu216ld:part0:2.0 available at C:/Xilinx/Vivado/2024.2/data/xhub/boards/XilinxBoardStore/boards/Xilinx/zcu216ld/production/2.0/board.xml as part xczu59dr-ffvf1760-2-i specified in board_part file is either invalid or not available
WARNING: [Board 49-26] cannot add Board Part xilinx.com:zcu670ld:part0:1.0 available at C:/Xilinx/Vivado/2024.2/data/xhub/boards/XilinxBoardStore/boards/Xilinx/zcu670ld/1.0/board.xml as part xczu57dr-fsve1156-2-i specified in board_part file is either invalid or not available
close_project
create_project Keypad C:/CSEE4280/GRP2ADD/FinalProject/Keypad -part xc7a100tcsg324-1
INFO: [IP_Flow 19-234] Refreshing IP repositories
INFO: [IP_Flow 19-1704] No user IP repositories specified
INFO: [IP_Flow 19-2313] Loaded Vivado IP repository 'C:/Xilinx/Vivado/2024.2/data/ip'.
set_property board_part digilentinc.com:arty-a7-100:part0:1.1 [current_project]
file mkdir C:/CSEE4280/GRP2ADD/FinalProject/Keypad/Keypad.srcs/sources_1/new
close [ open C:/CSEE4280/GRP2ADD/FinalProject/Keypad/Keypad.srcs/sources_1/new/Keypad.v w ]
add_files C:/CSEE4280/GRP2ADD/FinalProject/Keypad/Keypad.srcs/sources_1/new/Keypad.v
update_compile_order -fileset sources_1
file mkdir C:/CSEE4280/GRP2ADD/FinalProject/Keypad/Keypad.srcs/constrs_1
file mkdir C:/CSEE4280/GRP2ADD/FinalProject/Keypad/Keypad.srcs/constrs_1/new
close [ open C:/CSEE4280/GRP2ADD/FinalProject/Keypad/Keypad.srcs/constrs_1/new/keypad.xdc w ]
add_files -fileset constrs_1 C:/CSEE4280/GRP2ADD/FinalProject/Keypad/Keypad.srcs/constrs_1/new/keypad.xdc
launch_runs impl_1 -to_step write_bitstream -jobs 12
[Wed Apr 23 18:53:00 2025] Launched synth_1...
Run output will be captured here: C:/CSEE4280/GRP2ADD/FinalProject/Keypad/Keypad.runs/synth_1/runme.log
[Wed Apr 23 18:53:00 2025] Launched impl_1...
Run output will be captured here: C:/CSEE4280/GRP2ADD/FinalProject/Keypad/Keypad.runs/impl_1/runme.log
reset_run synth_1
INFO: [Project 1-1160] Copying file C:/CSEE4280/GRP2ADD/FinalProject/Keypad/Keypad.runs/synth_1/Keypad.dcp to C:/CSEE4280/GRP2ADD/FinalProject/Keypad/Keypad.srcs/utils_1/imports/synth_1 and adding it to utils fileset
launch_runs impl_1 -to_step write_bitstream -jobs 12
[Wed Apr 23 18:57:29 2025] Launched synth_1...
Run output will be captured here: C:/CSEE4280/GRP2ADD/FinalProject/Keypad/Keypad.runs/synth_1/runme.log
[Wed Apr 23 18:57:29 2025] Launched impl_1...
Run output will be captured here: C:/CSEE4280/GRP2ADD/FinalProject/Keypad/Keypad.runs/impl_1/runme.log
open_hw_manager
connect_hw_server -allow_non_jtag
INFO: [Labtools 27-2285] Connecting to hw_server url TCP:localhost:3121
INFO: [Labtools 27-2222] Launching hw_server...
INFO: [Labtools 27-2221] Launch Output:

****** Xilinx hw_server v2024.2
  **** Build date : Oct 29 2024 at 10:25:41
    ** Copyright 1986-2022 Xilinx, Inc. All Rights Reserved.


INFO: [Labtools 27-3415] Connecting to cs_server url TCP:localhost:0
INFO: [Labtools 27-3417] Launching cs_server...
INFO: [Labtools 27-2221] Launch Output:


******** Xilinx cs_server v2024.2.0
  ****** Build date   : Oct 30 2024-14:19:07
    **** Build number : 2024.2.1730312347
      ** Copyright 2017-2022 Xilinx, Inc. All Rights Reserved.
      ** Copyright 2022-2025 Advanced Micro Devices, Inc. All Rights Reserved.



connect_hw_server: Time (s): cpu = 00:00:01 ; elapsed = 00:00:07 . Memory (MB): peak = 1524.938 ; gain = 0.000
open_hw_target
INFO: [Labtoolstcl 44-466] Opening hw_target localhost:3121/xilinx_tcf/Digilent/210292BB36A2A
set_property PROGRAM.FILE {C:/CSEE4280/GRP2ADD/FinalProject/Keypad/Keypad.runs/impl_1/Keypad.bit} [get_hw_devices xc7a100t_0]
current_hw_device [get_hw_devices xc7a100t_0]
refresh_hw_device -update_hw_probes false [lindex [get_hw_devices xc7a100t_0] 0]
INFO: [Labtools 27-1434] Device xc7a100t (JTAG device index = 0) is programmed with a design that has no supported debug core(s) in it.
set_property PROBES.FILE {} [get_hw_devices xc7a100t_0]
set_property FULL_PROBES.FILE {} [get_hw_devices xc7a100t_0]
set_property PROGRAM.FILE {C:/CSEE4280/GRP2ADD/FinalProject/Keypad/Keypad.runs/impl_1/Keypad.bit} [get_hw_devices xc7a100t_0]
program_hw_devices [get_hw_devices xc7a100t_0]
INFO: [Labtools 27-3164] End of startup status: HIGH
refresh_hw_device [lindex [get_hw_devices xc7a100t_0] 0]
INFO: [Labtools 27-1434] Device xc7a100t (JTAG device index = 0) is programmed with a design that has no supported debug core(s) in it.
close_hw_manager
close_project
open_project C:/CSEE4280/GRP2ADD/FinalProject/MemVga/MemVga.xpr
INFO: [filemgmt 56-3] Default IP Output Path : Could not find the directory 'C:/CSEE4280/GRP2ADD/FinalProject/MemVga/MemVga.gen/sources_1'.
Scanning sources...
Finished scanning sources
INFO: [IP_Flow 19-234] Refreshing IP repositories
INFO: [IP_Flow 19-1704] No user IP repositories specified
INFO: [IP_Flow 19-2313] Loaded Vivado IP repository 'C:/Xilinx/Vivado/2024.2/data/ip'.
update_compile_order -fileset sources_1
open_hw_manager
connect_hw_server -allow_non_jtag
INFO: [Labtools 27-2285] Connecting to hw_server url TCP:localhost:3121
INFO: [Labtools 27-2222] Launching hw_server...
INFO: [Labtools 27-2221] Launch Output:

****** Xilinx hw_server v2024.2
  **** Build date : Oct 29 2024 at 10:25:41
    ** Copyright 1986-2022 Xilinx, Inc. All Rights Reserved.


INFO: [Labtools 27-3415] Connecting to cs_server url TCP:localhost:0
INFO: [Labtools 27-3417] Launching cs_server...
INFO: [Labtools 27-2221] Launch Output:


******** Xilinx cs_server v2024.2.0
  ****** Build date   : Oct 30 2024-14:19:07
    **** Build number : 2024.2.1730312347
      ** Copyright 2017-2022 Xilinx, Inc. All Rights Reserved.
      ** Copyright 2022-2025 Advanced Micro Devices, Inc. All Rights Reserved.



connect_hw_server: Time (s): cpu = 00:00:00 ; elapsed = 00:00:06 . Memory (MB): peak = 1524.938 ; gain = 0.000
open_hw_target
INFO: [Labtoolstcl 44-466] Opening hw_target localhost:3121/xilinx_tcf/Digilent/210292BB36A2A
set_property PROGRAM.FILE {C:/CSEE4280/GRP2ADD/FinalProject/MemVga/MemVga.runs/impl_1/Top.bit} [get_hw_devices xc7a100t_0]
current_hw_device [get_hw_devices xc7a100t_0]
refresh_hw_device -update_hw_probes false [lindex [get_hw_devices xc7a100t_0] 0]
INFO: [Labtools 27-1434] Device xc7a100t (JTAG device index = 0) is programmed with a design that has no supported debug core(s) in it.
set_property PROBES.FILE {} [get_hw_devices xc7a100t_0]
set_property FULL_PROBES.FILE {} [get_hw_devices xc7a100t_0]
set_property PROGRAM.FILE {C:/CSEE4280/GRP2ADD/FinalProject/MemVga/MemVga.runs/impl_1/Top.bit} [get_hw_devices xc7a100t_0]
program_hw_devices [get_hw_devices xc7a100t_0]
INFO: [Labtools 27-3164] End of startup status: HIGH
refresh_hw_device [lindex [get_hw_devices xc7a100t_0] 0]
INFO: [Labtools 27-1434] Device xc7a100t (JTAG device index = 0) is programmed with a design that has no supported debug core(s) in it.
ERROR: [Labtoolstcl 44-513] HW Target shutdown. Closing target: localhost:3121/xilinx_tcf/Digilent/210292BB36A2A
close_project
open_project C:/CSEE4280/GRP2ADD/FinalProject/Keypad/Keypad.xpr
INFO: [filemgmt 56-3] Default IP Output Path : Could not find the directory 'C:/CSEE4280/GRP2ADD/FinalProject/Keypad/Keypad.gen/sources_1'.
Scanning sources...
Finished scanning sources
INFO: [IP_Flow 19-234] Refreshing IP repositories
INFO: [IP_Flow 19-1704] No user IP repositories specified
INFO: [IP_Flow 19-2313] Loaded Vivado IP repository 'C:/Xilinx/Vivado/2024.2/data/ip'.
update_compile_order -fileset sources_1
reset_run synth_1
INFO: [Project 1-1161] Replacing file C:/CSEE4280/GRP2ADD/FinalProject/Keypad/Keypad.srcs/utils_1/imports/synth_1/Keypad.dcp with file C:/CSEE4280/GRP2ADD/FinalProject/Keypad/Keypad.runs/synth_1/Keypad.dcp
launch_runs impl_1 -to_step write_bitstream -jobs 12
[Thu Apr 24 08:36:38 2025] Launched synth_1...
Run output will be captured here: C:/CSEE4280/GRP2ADD/FinalProject/Keypad/Keypad.runs/synth_1/runme.log
[Thu Apr 24 08:36:38 2025] Launched impl_1...
Run output will be captured here: C:/CSEE4280/GRP2ADD/FinalProject/Keypad/Keypad.runs/impl_1/runme.log
open_hw_manager
connect_hw_server -allow_non_jtag
INFO: [Labtools 27-2285] Connecting to hw_server url TCP:localhost:3121
INFO: [Labtools 27-2222] Launching hw_server...
INFO: [Labtools 27-2221] Launch Output:

****** Xilinx hw_server v2024.2
  **** Build date : Oct 29 2024 at 10:25:41
    ** Copyright 1986-2022 Xilinx, Inc. All Rights Reserved.


INFO: [Labtools 27-3415] Connecting to cs_server url TCP:localhost:0
INFO: [Labtools 27-3417] Launching cs_server...
INFO: [Labtools 27-2221] Launch Output:


******** Xilinx cs_server v2024.2.0
  ****** Build date   : Oct 30 2024-14:19:07
    **** Build number : 2024.2.1730312347
      ** Copyright 2017-2022 Xilinx, Inc. All Rights Reserved.
      ** Copyright 2022-2025 Advanced Micro Devices, Inc. All Rights Reserved.



connect_hw_server: Time (s): cpu = 00:00:01 ; elapsed = 00:00:06 . Memory (MB): peak = 1524.938 ; gain = 0.000
open_hw_target
INFO: [Labtoolstcl 44-466] Opening hw_target localhost:3121/xilinx_tcf/Digilent/210292BB36A2A
set_property PROGRAM.FILE {C:/CSEE4280/GRP2ADD/FinalProject/Keypad/Keypad.runs/impl_1/Keypad.bit} [get_hw_devices xc7a100t_0]
current_hw_device [get_hw_devices xc7a100t_0]
refresh_hw_device -update_hw_probes false [lindex [get_hw_devices xc7a100t_0] 0]
INFO: [Labtools 27-1435] Device xc7a100t (JTAG device index = 0) is not programmed (DONE status = 0).
set_property PROBES.FILE {} [get_hw_devices xc7a100t_0]
set_property FULL_PROBES.FILE {} [get_hw_devices xc7a100t_0]
set_property PROGRAM.FILE {C:/CSEE4280/GRP2ADD/FinalProject/Keypad/Keypad.runs/impl_1/Keypad.bit} [get_hw_devices xc7a100t_0]
program_hw_devices [get_hw_devices xc7a100t_0]
INFO: [Labtools 27-3164] End of startup status: HIGH
refresh_hw_device [lindex [get_hw_devices xc7a100t_0] 0]
INFO: [Labtools 27-1434] Device xc7a100t (JTAG device index = 0) is programmed with a design that has no supported debug core(s) in it.
ERROR: [Labtoolstcl 44-513] HW Target shutdown. Closing target: localhost:3121/xilinx_tcf/Digilent/210292BB36A2A
INFO: [Labtoolstcl 44-466] Opening hw_target localhost:3121/xilinx_tcf/Digilent/210292BB36A2A
INFO: [Labtools 27-1435] Device xc7a100t (JTAG device index = 0) is not programmed (DONE status = 0).
WARNING: [Labtoolstcl 44-129] No matching hw_ila_data was found.
set_property PROBES.FILE {} [get_hw_devices xc7a100t_0]
set_property FULL_PROBES.FILE {} [get_hw_devices xc7a100t_0]
set_property PROGRAM.FILE {C:/CSEE4280/GRP2ADD/FinalProject/Keypad/Keypad.runs/impl_1/Keypad.bit} [get_hw_devices xc7a100t_0]
program_hw_devices [get_hw_devices xc7a100t_0]
INFO: [Labtools 27-3164] End of startup status: HIGH
refresh_hw_device [lindex [get_hw_devices xc7a100t_0] 0]
INFO: [Labtools 27-1434] Device xc7a100t (JTAG device index = 0) is programmed with a design that has no supported debug core(s) in it.
ERROR: [Labtoolstcl 44-513] HW Target shutdown. Closing target: localhost:3121/xilinx_tcf/Digilent/210292BB36A2A
INFO: [Labtoolstcl 44-466] Opening hw_target localhost:3121/xilinx_tcf/Digilent/210292BB36A2A
INFO: [Labtools 27-1435] Device xc7a100t (JTAG device index = 0) is not programmed (DONE status = 0).
WARNING: [Labtoolstcl 44-129] No matching hw_ila_data was found.
set_property PROBES.FILE {} [get_hw_devices xc7a100t_0]
set_property FULL_PROBES.FILE {} [get_hw_devices xc7a100t_0]
set_property PROGRAM.FILE {C:/CSEE4280/GRP2ADD/FinalProject/Keypad/Keypad.runs/impl_1/Keypad.bit} [get_hw_devices xc7a100t_0]
program_hw_devices [get_hw_devices xc7a100t_0]
INFO: [Labtools 27-3164] End of startup status: HIGH
refresh_hw_device [lindex [get_hw_devices xc7a100t_0] 0]
INFO: [Labtools 27-1434] Device xc7a100t (JTAG device index = 0) is programmed with a design that has no supported debug core(s) in it.
ERROR: [Labtoolstcl 44-513] HW Target shutdown. Closing target: localhost:3121/xilinx_tcf/Digilent/210292BB36A2A
close_project
open_project C:/CSEE4280/GRP2ADD/FinalProject/MemVga/MemVga.xpr
INFO: [filemgmt 56-3] Default IP Output Path : Could not find the directory 'C:/CSEE4280/GRP2ADD/FinalProject/MemVga/MemVga.gen/sources_1'.
Scanning sources...
Finished scanning sources
INFO: [IP_Flow 19-234] Refreshing IP repositories
INFO: [IP_Flow 19-1704] No user IP repositories specified
INFO: [IP_Flow 19-2313] Loaded Vivado IP repository 'C:/Xilinx/Vivado/2024.2/data/ip'.
update_compile_order -fileset sources_1
close [ open C:/CSEE4280/GRP2ADD/FinalProject/MemVga/MemVga.srcs/sources_1/new/Start_Control.v w ]
add_files C:/CSEE4280/GRP2ADD/FinalProject/MemVga/MemVga.srcs/sources_1/new/Start_Control.v
update_compile_order -fileset sources_1
export_ip_user_files -of_objects  [get_files C:/CSEE4280/GRP2ADD/FinalProject/MemVga/MemVga.srcs/sources_1/new/Start_Control.v] -no_script -reset -force -quiet
remove_files  C:/CSEE4280/GRP2ADD/FinalProject/MemVga/MemVga.srcs/sources_1/new/Start_Control.v
remove_files  C:/CSEE4280/GRP2ADD/FinalProject/MemVga/MemVga.srcs/sources_1/new/Start_Control.v
WARNING: [Vivado 12-818] No files matched 'C:/CSEE4280/GRP2ADD/FinalProject/MemVga/MemVga.srcs/sources_1/new/Start_Control.v'
WARNING: [filemgmt 56-199] Attempt to get parsing info during refresh. "On-the-fly" syntax checking information may be incorrect. [C:\CSEE4280\GRP2ADD\FinalProject\Processing\Processing.srcs\sources_1\new\Start_Control.v:]
WARNING: [filemgmt 56-199] Attempt to get parsing info during refresh. "On-the-fly" syntax checking information may be incorrect. [C:\CSEE4280\GRP2ADD\FinalProject\MemVga\MemVga.srcs\sources_1\new\Control_And_Start.v:]
WARNING: [filemgmt 56-199] Attempt to get parsing info during refresh. "On-the-fly" syntax checking information may be incorrect. [C:\CSEE4280\GRP2ADD\FinalProject\MemVga\MemVga.srcs\sources_1\new\Start_Control.v:]
WARNING: [filemgmt 56-199] Attempt to get parsing info during refresh. "On-the-fly" syntax checking information may be incorrect. [C:\CSEE4280\GRP2ADD\FinalProject\Processing\Processing.srcs\sources_1\new\Start_Control.v:]
WARNING: [filemgmt 56-199] Attempt to get parsing info during refresh. "On-the-fly" syntax checking information may be incorrect. [C:\CSEE4280\GRP2ADD\FinalProject\Processing\Processing.srcs\sources_1\new\Start_Control.v:]
set_property SOURCE_SET sources_1 [get_filesets sim_1]
close [ open C:/CSEE4280/GRP2ADD/FinalProject/MemVga/MemVga.srcs/sim_1/new/Start_Control_tb.v w ]
add_files -fileset sim_1 C:/CSEE4280/GRP2ADD/FinalProject/MemVga/MemVga.srcs/sim_1/new/Start_Control_tb.v
WARNING: [filemgmt 56-199] Attempt to get parsing info during refresh. "On-the-fly" syntax checking information may be incorrect. [C:\CSEE4280\GRP2ADD\FinalProject\Processing\Processing.srcs\sources_1\new\Start_Control.v:]
WARNING: [filemgmt 56-199] Attempt to get parsing info during refresh. "On-the-fly" syntax checking information may be incorrect. [C:\CSEE4280\GRP2ADD\FinalProject\MemVga\MemVga.srcs\sources_1\new\Control_And_Start.v:]
WARNING: [filemgmt 56-199] Attempt to get parsing info during refresh. "On-the-fly" syntax checking information may be incorrect. [C:\CSEE4280\GRP2ADD\FinalProject\MemVga\MemVga.srcs\sources_1\new\Start_Control.v:]
WARNING: [filemgmt 56-199] Attempt to get parsing info during refresh. "On-the-fly" syntax checking information may be incorrect. [C:\CSEE4280\GRP2ADD\FinalProject\Processing\Processing.srcs\sources_1\new\Start_Control.v:]
WARNING: [filemgmt 56-199] Attempt to get parsing info during refresh. "On-the-fly" syntax checking information may be incorrect. [C:\CSEE4280\GRP2ADD\FinalProject\Processing\Processing.srcs\sources_1\new\Start_Control.v:]
WARNING: [filemgmt 56-199] Attempt to get parsing info during refresh. "On-the-fly" syntax checking information may be incorrect. [C:\CSEE4280\GRP2ADD\FinalProject\Processing\Processing.srcs\sources_1\new\Start_Control.v:]
WARNING: [filemgmt 56-199] Attempt to get parsing info during refresh. "On-the-fly" syntax checking information may be incorrect. [C:\CSEE4280\GRP2ADD\FinalProject\MemVga\MemVga.srcs\sources_1\new\Control_And_Start.v:]
WARNING: [filemgmt 56-199] Attempt to get parsing info during refresh. "On-the-fly" syntax checking information may be incorrect. [C:\CSEE4280\GRP2ADD\FinalProject\MemVga\MemVga.srcs\sources_1\new\Start_Control.v:]
WARNING: [filemgmt 56-199] Attempt to get parsing info during refresh. "On-the-fly" syntax checking information may be incorrect. [C:\CSEE4280\GRP2ADD\FinalProject\MemVga\MemVga.srcs\sources_1\new\Control_And_Start.v:]
WARNING: [filemgmt 56-199] Attempt to get parsing info during refresh. "On-the-fly" syntax checking information may be incorrect. [C:\CSEE4280\GRP2ADD\FinalProject\MemVga\MemVga.srcs\sources_1\new\Control_And_Start.v:]
update_compile_order -fileset sim_1
WARNING: [filemgmt 56-199] Attempt to get parsing info during refresh. "On-the-fly" syntax checking information may be incorrect. [C:\CSEE4280\GRP2ADD\FinalProject\Processing\Processing.srcs\sources_1\new\Start_Control.v:]
WARNING: [filemgmt 56-199] Attempt to get parsing info during refresh. "On-the-fly" syntax checking information may be incorrect. [C:\CSEE4280\GRP2ADD\FinalProject\MemVga\MemVga.srcs\sources_1\new\Control_And_Start.v:]
WARNING: [filemgmt 56-199] Attempt to get parsing info during refresh. "On-the-fly" syntax checking information may be incorrect. [C:\CSEE4280\GRP2ADD\FinalProject\MemVga\MemVga.srcs\sources_1\new\Start_Control.v:]
WARNING: [filemgmt 56-199] Attempt to get parsing info during refresh. "On-the-fly" syntax checking information may be incorrect. [C:\CSEE4280\GRP2ADD\FinalProject\Processing\Processing.srcs\sources_1\new\Start_Control.v:]
WARNING: [filemgmt 56-199] Attempt to get parsing info during refresh. "On-the-fly" syntax checking information may be incorrect. [C:\CSEE4280\GRP2ADD\FinalProject\Processing\Processing.srcs\sources_1\new\Start_Control.v:]
WARNING: [filemgmt 56-199] Attempt to get parsing info during refresh. "On-the-fly" syntax checking information may be incorrect. [C:\CSEE4280\GRP2ADD\FinalProject\MemVga\MemVga.srcs\sim_1\new\Start_Control_tb.v:]
WARNING: [filemgmt 56-199] Attempt to get parsing info during refresh. "On-the-fly" syntax checking information may be incorrect. [C:\CSEE4280\GRP2ADD\FinalProject\Processing\Processing.srcs\sources_1\new\Start_Control.v:]
WARNING: [filemgmt 56-199] Attempt to get parsing info during refresh. "On-the-fly" syntax checking information may be incorrect. [C:\CSEE4280\GRP2ADD\FinalProject\MemVga\MemVga.srcs\sources_1\new\Control_And_Start.v:]
WARNING: [filemgmt 56-199] Attempt to get parsing info during refresh. "On-the-fly" syntax checking information may be incorrect. [C:\CSEE4280\GRP2ADD\FinalProject\MemVga\MemVga.srcs\sources_1\new\Start_Control.v:]
WARNING: [filemgmt 56-199] Attempt to get parsing info during refresh. "On-the-fly" syntax checking information may be incorrect. [C:\CSEE4280\GRP2ADD\FinalProject\Processing\Processing.srcs\sources_1\new\Start_Control.v:]
WARNING: [filemgmt 56-199] Attempt to get parsing info during refresh. "On-the-fly" syntax checking information may be incorrect. [C:\CSEE4280\GRP2ADD\FinalProject\Processing\Processing.srcs\sources_1\new\Start_Control.v:]
WARNING: [filemgmt 56-199] Attempt to get parsing info during refresh. "On-the-fly" syntax checking information may be incorrect. [C:\CSEE4280\GRP2ADD\FinalProject\MemVga\MemVga.srcs\sim_1\new\Start_Control_tb.v:]
WARNING: [filemgmt 56-199] Attempt to get parsing info during refresh. "On-the-fly" syntax checking information may be incorrect. [C:\CSEE4280\GRP2ADD\FinalProject\Processing\Processing.srcs\sources_1\new\Start_Control.v:]
WARNING: [filemgmt 56-199] Attempt to get parsing info during refresh. "On-the-fly" syntax checking information may be incorrect. [C:\CSEE4280\GRP2ADD\FinalProject\MemVga\MemVga.srcs\sources_1\new\Control_And_Start.v:]
WARNING: [filemgmt 56-199] Attempt to get parsing info during refresh. "On-the-fly" syntax checking information may be incorrect. [C:\CSEE4280\GRP2ADD\FinalProject\MemVga\MemVga.srcs\sources_1\new\Start_Control.v:]
WARNING: [filemgmt 56-199] Attempt to get parsing info during refresh. "On-the-fly" syntax checking information may be incorrect. [C:\CSEE4280\GRP2ADD\FinalProject\MemVga\MemVga.srcs\sources_1\new\Control_And_Start.v:]
WARNING: [filemgmt 56-199] Attempt to get parsing info during refresh. "On-the-fly" syntax checking information may be incorrect. [C:\CSEE4280\GRP2ADD\FinalProject\MemVga\MemVga.srcs\sources_1\new\Control_And_Start.v:]
WARNING: [filemgmt 56-199] Attempt to get parsing info during refresh. "On-the-fly" syntax checking information may be incorrect. [C:\CSEE4280\GRP2ADD\FinalProject\MemVga\MemVga.srcs\sim_1\new\Start_Control_tb.v:]
WARNING: [filemgmt 56-199] Attempt to get parsing info during refresh. "On-the-fly" syntax checking information may be incorrect. [C:\CSEE4280\GRP2ADD\FinalProject\Processing\Processing.srcs\sources_1\new\Start_Control.v:]
WARNING: [filemgmt 56-199] Attempt to get parsing info during refresh. "On-the-fly" syntax checking information may be incorrect. [C:\CSEE4280\GRP2ADD\FinalProject\MemVga\MemVga.srcs\sources_1\new\Control_And_Start.v:]
WARNING: [filemgmt 56-199] Attempt to get parsing info during refresh. "On-the-fly" syntax checking information may be incorrect. [C:\CSEE4280\GRP2ADD\FinalProject\MemVga\MemVga.srcs\sources_1\new\Start_Control.v:]
WARNING: [filemgmt 56-199] Attempt to get parsing info during refresh. "On-the-fly" syntax checking information may be incorrect. [C:\CSEE4280\GRP2ADD\FinalProject\Processing\Processing.srcs\sources_1\new\Start_Control.v:]
WARNING: [filemgmt 56-199] Attempt to get parsing info during refresh. "On-the-fly" syntax checking information may be incorrect. [C:\CSEE4280\GRP2ADD\FinalProject\Processing\Processing.srcs\sources_1\new\Start_Control.v:]
WARNING: [filemgmt 56-199] Attempt to get parsing info during refresh. "On-the-fly" syntax checking information may be incorrect. [C:\CSEE4280\GRP2ADD\FinalProject\MemVga\MemVga.srcs\sim_1\new\Start_Control_tb.v:]
WARNING: [filemgmt 56-199] Attempt to get parsing info during refresh. "On-the-fly" syntax checking information may be incorrect. [C:\CSEE4280\GRP2ADD\FinalProject\Processing\Processing.srcs\sources_1\new\Start_Control.v:]
WARNING: [filemgmt 56-199] Attempt to get parsing info during refresh. "On-the-fly" syntax checking information may be incorrect. [C:\CSEE4280\GRP2ADD\FinalProject\MemVga\MemVga.srcs\sources_1\new\Control_And_Start.v:]
WARNING: [filemgmt 56-199] Attempt to get parsing info during refresh. "On-the-fly" syntax checking information may be incorrect. [C:\CSEE4280\GRP2ADD\FinalProject\MemVga\MemVga.srcs\sources_1\new\Start_Control.v:]
WARNING: [filemgmt 56-199] Attempt to get parsing info during refresh. "On-the-fly" syntax checking information may be incorrect. [C:\CSEE4280\GRP2ADD\FinalProject\MemVga\MemVga.srcs\sim_1\new\Start_Control_tb.v:]
WARNING: [filemgmt 56-199] Attempt to get parsing info during refresh. "On-the-fly" syntax checking information may be incorrect. [C:\CSEE4280\GRP2ADD\FinalProject\MemVga\MemVga.srcs\sim_1\new\Start_Control_tb.v:]
WARNING: [filemgmt 56-199] Attempt to get parsing info during refresh. "On-the-fly" syntax checking information may be incorrect. [C:\CSEE4280\GRP2ADD\FinalProject\MemVga\MemVga.srcs\sim_1\new\Start_Control_tb.v:]
WARNING: [filemgmt 56-199] Attempt to get parsing info during refresh. "On-the-fly" syntax checking information may be incorrect. [C:\CSEE4280\GRP2ADD\FinalProject\Processing\Processing.srcs\sources_1\new\Start_Control.v:]
WARNING: [filemgmt 56-199] Attempt to get parsing info during refresh. "On-the-fly" syntax checking information may be incorrect. [C:\CSEE4280\GRP2ADD\FinalProject\MemVga\MemVga.srcs\sources_1\new\Control_And_Start.v:]
WARNING: [filemgmt 56-199] Attempt to get parsing info during refresh. "On-the-fly" syntax checking information may be incorrect. [C:\CSEE4280\GRP2ADD\FinalProject\MemVga\MemVga.srcs\sources_1\new\Start_Control.v:]
WARNING: [filemgmt 56-199] Attempt to get parsing info during refresh. "On-the-fly" syntax checking information may be incorrect. [C:\CSEE4280\GRP2ADD\FinalProject\Processing\Processing.srcs\sources_1\new\Start_Control.v:]
WARNING: [filemgmt 56-199] Attempt to get parsing info during refresh. "On-the-fly" syntax checking information may be incorrect. [C:\CSEE4280\GRP2ADD\FinalProject\Processing\Processing.srcs\sources_1\new\Start_Control.v:]
WARNING: [filemgmt 56-199] Attempt to get parsing info during refresh. "On-the-fly" syntax checking information may be incorrect. [C:\CSEE4280\GRP2ADD\FinalProject\MemVga\MemVga.srcs\sim_1\new\Start_Control_tb.v:]
WARNING: [filemgmt 56-199] Attempt to get parsing info during refresh. "On-the-fly" syntax checking information may be incorrect. [C:\CSEE4280\GRP2ADD\FinalProject\Processing\Processing.srcs\sources_1\new\Start_Control.v:]
WARNING: [filemgmt 56-199] Attempt to get parsing info during refresh. "On-the-fly" syntax checking information may be incorrect. [C:\CSEE4280\GRP2ADD\FinalProject\MemVga\MemVga.srcs\sources_1\new\Control_And_Start.v:]
WARNING: [filemgmt 56-199] Attempt to get parsing info during refresh. "On-the-fly" syntax checking information may be incorrect. [C:\CSEE4280\GRP2ADD\FinalProject\MemVga\MemVga.srcs\sources_1\new\Start_Control.v:]
WARNING: [filemgmt 56-199] Attempt to get parsing info during refresh. "On-the-fly" syntax checking information may be incorrect. [C:\CSEE4280\GRP2ADD\FinalProject\MemVga\MemVga.srcs\sources_1\new\Control_And_Start.v:]
WARNING: [filemgmt 56-199] Attempt to get parsing info during refresh. "On-the-fly" syntax checking information may be incorrect. [C:\CSEE4280\GRP2ADD\FinalProject\MemVga\MemVga.srcs\sources_1\new\Control_And_Start.v:]
WARNING: [filemgmt 56-199] Attempt to get parsing info during refresh. "On-the-fly" syntax checking information may be incorrect. [C:\CSEE4280\GRP2ADD\FinalProject\MemVga\MemVga.srcs\sim_1\new\Start_Control_tb.v:]
WARNING: [filemgmt 56-199] Attempt to get parsing info during refresh. "On-the-fly" syntax checking information may be incorrect. [C:\CSEE4280\GRP2ADD\FinalProject\Processing\Processing.srcs\sources_1\new\Start_Control.v:]
WARNING: [filemgmt 56-199] Attempt to get parsing info during refresh. "On-the-fly" syntax checking information may be incorrect. [C:\CSEE4280\GRP2ADD\FinalProject\MemVga\MemVga.srcs\sources_1\new\Control_And_Start.v:]
WARNING: [filemgmt 56-199] Attempt to get parsing info during refresh. "On-the-fly" syntax checking information may be incorrect. [C:\CSEE4280\GRP2ADD\FinalProject\MemVga\MemVga.srcs\sources_1\new\Start_Control.v:]
WARNING: [filemgmt 56-199] Attempt to get parsing info during refresh. "On-the-fly" syntax checking information may be incorrect. [C:\CSEE4280\GRP2ADD\FinalProject\Processing\Processing.srcs\sources_1\new\Start_Control.v:]
WARNING: [filemgmt 56-199] Attempt to get parsing info during refresh. "On-the-fly" syntax checking information may be incorrect. [C:\CSEE4280\GRP2ADD\FinalProject\Processing\Processing.srcs\sources_1\new\Start_Control.v:]
WARNING: [filemgmt 56-199] Attempt to get parsing info during refresh. "On-the-fly" syntax checking information may be incorrect. [C:\CSEE4280\GRP2ADD\FinalProject\MemVga\MemVga.srcs\sim_1\new\Start_Control_tb.v:]
WARNING: [filemgmt 56-199] Attempt to get parsing info during refresh. "On-the-fly" syntax checking information may be incorrect. [C:\CSEE4280\GRP2ADD\FinalProject\Processing\Processing.srcs\sources_1\new\Start_Control.v:]
WARNING: [filemgmt 56-199] Attempt to get parsing info during refresh. "On-the-fly" syntax checking information may be incorrect. [C:\CSEE4280\GRP2ADD\FinalProject\MemVga\MemVga.srcs\sources_1\new\Control_And_Start.v:]
WARNING: [filemgmt 56-199] Attempt to get parsing info during refresh. "On-the-fly" syntax checking information may be incorrect. [C:\CSEE4280\GRP2ADD\FinalProject\MemVga\MemVga.srcs\sources_1\new\Start_Control.v:]
WARNING: [filemgmt 56-199] Attempt to get parsing info during refresh. "On-the-fly" syntax checking information may be incorrect. [C:\CSEE4280\GRP2ADD\FinalProject\MemVga\MemVga.srcs\sim_1\new\Start_Control_tb.v:]
WARNING: [filemgmt 56-199] Attempt to get parsing info during refresh. "On-the-fly" syntax checking information may be incorrect. [C:\CSEE4280\GRP2ADD\FinalProject\MemVga\MemVga.srcs\sim_1\new\Start_Control_tb.v:]
WARNING: [filemgmt 56-199] Attempt to get parsing info during refresh. "On-the-fly" syntax checking information may be incorrect. [C:\CSEE4280\GRP2ADD\FinalProject\Processing\Processing.srcs\sources_1\new\Start_Control.v:]
WARNING: [filemgmt 56-199] Attempt to get parsing info during refresh. "On-the-fly" syntax checking information may be incorrect. [C:\CSEE4280\GRP2ADD\FinalProject\MemVga\MemVga.srcs\sources_1\new\Control_And_Start.v:]
WARNING: [filemgmt 56-199] Attempt to get parsing info during refresh. "On-the-fly" syntax checking information may be incorrect. [C:\CSEE4280\GRP2ADD\FinalProject\MemVga\MemVga.srcs\sources_1\new\Start_Control.v:]
WARNING: [filemgmt 56-199] Attempt to get parsing info during refresh. "On-the-fly" syntax checking information may be incorrect. [C:\CSEE4280\GRP2ADD\FinalProject\MemVga\MemVga.srcs\sources_1\new\Control_And_Start.v:]
WARNING: [filemgmt 56-199] Attempt to get parsing info during refresh. "On-the-fly" syntax checking information may be incorrect. [C:\CSEE4280\GRP2ADD\FinalProject\MemVga\MemVga.srcs\sources_1\new\Control_And_Start.v:]
WARNING: [filemgmt 56-199] Attempt to get parsing info during refresh. "On-the-fly" syntax checking information may be incorrect. [C:\CSEE4280\GRP2ADD\FinalProject\MemVga\MemVga.srcs\sim_1\new\Start_Control_tb.v:]
WARNING: [filemgmt 56-199] Attempt to get parsing info during refresh. "On-the-fly" syntax checking information may be incorrect. [C:\CSEE4280\GRP2ADD\FinalProject\Processing\Processing.srcs\sources_1\new\Start_Control.v:]
WARNING: [filemgmt 56-199] Attempt to get parsing info during refresh. "On-the-fly" syntax checking information may be incorrect. [C:\CSEE4280\GRP2ADD\FinalProject\MemVga\MemVga.srcs\sources_1\new\Control_And_Start.v:]
WARNING: [filemgmt 56-199] Attempt to get parsing info during refresh. "On-the-fly" syntax checking information may be incorrect. [C:\CSEE4280\GRP2ADD\FinalProject\MemVga\MemVga.srcs\sources_1\new\Start_Control.v:]
WARNING: [filemgmt 56-199] Attempt to get parsing info during refresh. "On-the-fly" syntax checking information may be incorrect. [C:\CSEE4280\GRP2ADD\FinalProject\MemVga\MemVga.srcs\sim_1\new\Start_Control_tb.v:]
WARNING: [filemgmt 56-199] Attempt to get parsing info during refresh. "On-the-fly" syntax checking information may be incorrect. [C:\CSEE4280\GRP2ADD\FinalProject\MemVga\MemVga.srcs\sim_1\new\Start_Control_tb.v:]
WARNING: [filemgmt 56-199] Attempt to get parsing info during refresh. "On-the-fly" syntax checking information may be incorrect. [C:\CSEE4280\GRP2ADD\FinalProject\MemVga\MemVga.srcs\sim_1\new\Start_Control_tb.v:]
WARNING: [filemgmt 56-199] Attempt to get parsing info during refresh. "On-the-fly" syntax checking information may be incorrect. [C:\CSEE4280\GRP2ADD\FinalProject\Processing\Processing.srcs\sources_1\new\Start_Control.v:]
WARNING: [filemgmt 56-199] Attempt to get parsing info during refresh. "On-the-fly" syntax checking information may be incorrect. [C:\CSEE4280\GRP2ADD\FinalProject\MemVga\MemVga.srcs\sources_1\new\Control_And_Start.v:]
WARNING: [filemgmt 56-199] Attempt to get parsing info during refresh. "On-the-fly" syntax checking information may be incorrect. [C:\CSEE4280\GRP2ADD\FinalProject\MemVga\MemVga.srcs\sources_1\new\Start_Control.v:]
WARNING: [filemgmt 56-199] Attempt to get parsing info during refresh. "On-the-fly" syntax checking information may be incorrect. [C:\CSEE4280\GRP2ADD\FinalProject\MemVga\MemVga.srcs\sim_1\new\Start_Control_tb.v:]
WARNING: [filemgmt 56-199] Attempt to get parsing info during refresh. "On-the-fly" syntax checking information may be incorrect. [C:\CSEE4280\GRP2ADD\FinalProject\MemVga\MemVga.srcs\sim_1\new\Start_Control_tb.v:]
WARNING: [filemgmt 56-199] Attempt to get parsing info during refresh. "On-the-fly" syntax checking information may be incorrect. [C:\CSEE4280\GRP2ADD\FinalProject\MemVga\MemVga.srcs\sim_1\new\Start_Control_tb.v:]
WARNING: [filemgmt 56-199] Attempt to get parsing info during refresh. "On-the-fly" syntax checking information may be incorrect. [C:\CSEE4280\GRP2ADD\FinalProject\Processing\Processing.srcs\sources_1\new\Start_Control.v:]
WARNING: [filemgmt 56-199] Attempt to get parsing info during refresh. "On-the-fly" syntax checking information may be incorrect. [C:\CSEE4280\GRP2ADD\FinalProject\MemVga\MemVga.srcs\sources_1\new\Control_And_Start.v:]
WARNING: [filemgmt 56-199] Attempt to get parsing info during refresh. "On-the-fly" syntax checking information may be incorrect. [C:\CSEE4280\GRP2ADD\FinalProject\MemVga\MemVga.srcs\sources_1\new\Start_Control.v:]
WARNING: [filemgmt 56-199] Attempt to get parsing info during refresh. "On-the-fly" syntax checking information may be incorrect. [C:\CSEE4280\GRP2ADD\FinalProject\Processing\Processing.srcs\sources_1\new\Start_Control.v:]
WARNING: [filemgmt 56-199] Attempt to get parsing info during refresh. "On-the-fly" syntax checking information may be incorrect. [C:\CSEE4280\GRP2ADD\FinalProject\Processing\Processing.srcs\sources_1\new\Start_Control.v:]
set_property top Start_Control_tb [get_filesets sim_1]
set_property top_lib xil_defaultlib [get_filesets sim_1]
WARNING: [filemgmt 56-199] Attempt to get parsing info during refresh. "On-the-fly" syntax checking information may be incorrect. [C:\CSEE4280\GRP2ADD\FinalProject\Processing\Processing.srcs\sources_1\new\Start_Control.v:]
WARNING: [filemgmt 56-199] Attempt to get parsing info during refresh. "On-the-fly" syntax checking information may be incorrect. [C:\CSEE4280\GRP2ADD\FinalProject\MemVga\MemVga.srcs\sources_1\new\Control_And_Start.v:]
WARNING: [filemgmt 56-199] Attempt to get parsing info during refresh. "On-the-fly" syntax checking information may be incorrect. [C:\CSEE4280\GRP2ADD\FinalProject\MemVga\MemVga.srcs\sources_1\new\Start_Control.v:]
WARNING: [filemgmt 56-199] Attempt to get parsing info during refresh. "On-the-fly" syntax checking information may be incorrect. [C:\CSEE4280\GRP2ADD\FinalProject\Processing\Processing.srcs\sources_1\new\Start_Control.v:]
WARNING: [filemgmt 56-199] Attempt to get parsing info during refresh. "On-the-fly" syntax checking information may be incorrect. [C:\CSEE4280\GRP2ADD\FinalProject\Processing\Processing.srcs\sources_1\new\Start_Control.v:]
update_compile_order -fileset sim_1
WARNING: [filemgmt 56-199] Attempt to get parsing info during refresh. "On-the-fly" syntax checking information may be incorrect. [C:\CSEE4280\GRP2ADD\FinalProject\Processing\Processing.srcs\sources_1\new\Start_Control.v:]
WARNING: [filemgmt 56-199] Attempt to get parsing info during refresh. "On-the-fly" syntax checking information may be incorrect. [C:\CSEE4280\GRP2ADD\FinalProject\MemVga\MemVga.srcs\sources_1\new\Control_And_Start.v:]
WARNING: [filemgmt 56-199] Attempt to get parsing info during refresh. "On-the-fly" syntax checking information may be incorrect. [C:\CSEE4280\GRP2ADD\FinalProject\MemVga\MemVga.srcs\sources_1\new\Start_Control.v:]
WARNING: [filemgmt 56-199] Attempt to get parsing info during refresh. "On-the-fly" syntax checking information may be incorrect. [C:\CSEE4280\GRP2ADD\FinalProject\Processing\Processing.srcs\sources_1\new\Start_Control.v:]
WARNING: [filemgmt 56-199] Attempt to get parsing info during refresh. "On-the-fly" syntax checking information may be incorrect. [C:\CSEE4280\GRP2ADD\FinalProject\Processing\Processing.srcs\sources_1\new\Start_Control.v:]
launch_simulation
Command: launch_simulation 
INFO: [Vivado 12-12493] Simulation top is 'Start_Control_tb'
WARNING: [Vivado 12-13340] Unable to auto find GCC executables from simulator install path! (path not set)
INFO: [Vivado 12-5682] Launching behavioral simulation in 'C:/CSEE4280/GRP2ADD/FinalProject/MemVga/MemVga.sim/sim_1/behav/xsim'
INFO: [SIM-utils-51] Simulation object is 'sim_1'
INFO: [SIM-utils-72] Using boost library from 'C:/Xilinx/Vivado/2024.2/tps/boost_1_72_0'
INFO: [SIM-utils-54] Inspecting design source files for 'Start_Control_tb' in fileset 'sim_1'...
INFO: [USF-XSim-97] Finding global include files...
INFO: [USF-XSim-98] Fetching design files from 'sim_1'...
INFO: [USF-XSim-2] XSim::Compile design
INFO: [USF-XSim-61] Executing 'COMPILE and ANALYZE' step in 'C:/CSEE4280/GRP2ADD/FinalProject/MemVga/MemVga.sim/sim_1/behav/xsim'
"xvlog --incr --relax -prj Start_Control_tb_vlog.prj"
INFO: [VRFC 10-2263] Analyzing Verilog file "C:/CSEE4280/GRP2ADD/FinalProject/Processing/Processing.srcs/sources_1/new/Start_Control.v" into library xil_defaultlib
INFO: [VRFC 10-311] analyzing module Start_Control
INFO: [VRFC 10-2263] Analyzing Verilog file "C:/CSEE4280/GRP2ADD/FinalProject/MemVga/MemVga.srcs/sim_1/new/Start_Control_tb.v" into library xil_defaultlib
INFO: [VRFC 10-311] analyzing module Start_Control_tb
INFO: [VRFC 10-2263] Analyzing Verilog file "C:/CSEE4280/GRP2ADD/FinalProject/MemVga/MemVga.sim/sim_1/behav/xsim/glbl.v" into library xil_defaultlib
INFO: [VRFC 10-311] analyzing module glbl
INFO: [USF-XSim-69] 'compile' step finished in '2' seconds
INFO: [USF-XSim-3] XSim::Elaborate design
INFO: [USF-XSim-61] Executing 'ELABORATE' step in 'C:/CSEE4280/GRP2ADD/FinalProject/MemVga/MemVga.sim/sim_1/behav/xsim'
"xelab --incr --debug typical --relax --mt 2 -L xil_defaultlib -L unisims_ver -L unimacro_ver -L secureip --snapshot Start_Control_tb_behav xil_defaultlib.Start_Control_tb xil_defaultlib.glbl -log elaborate.log"
Vivado Simulator v2024.2.0
Copyright 1986-2022 Xilinx, Inc. All Rights Reserved.
Copyright 2022-2024 Advanced Micro Devices, Inc. All Rights Reserved.
Running: C:/Xilinx/Vivado/2024.2/bin/unwrapped/win64.o/xelab.exe --incr --debug typical --relax --mt 2 -L xil_defaultlib -L unisims_ver -L unimacro_ver -L secureip --snapshot Start_Control_tb_behav xil_defaultlib.Start_Control_tb xil_defaultlib.glbl -log elaborate.log 
Using 2 slave threads.
Starting static elaboration
Pass Through NonSizing Optimizer
Completed static elaboration
Starting simulation data flow analysis
Completed simulation data flow analysis
Time Resolution for simulation is 1ps
Compiling module xil_defaultlib.Start_Control
Compiling module xil_defaultlib.Start_Control_tb
Compiling module xil_defaultlib.glbl
Built simulation snapshot Start_Control_tb_behav
INFO: [USF-XSim-69] 'elaborate' step finished in '4' seconds
INFO: [USF-XSim-4] XSim::Simulate design
INFO: [USF-XSim-61] Executing 'SIMULATE' step in 'C:/CSEE4280/GRP2ADD/FinalProject/MemVga/MemVga.sim/sim_1/behav/xsim'
INFO: [USF-XSim-98] *** Running xsim
   with args "Start_Control_tb_behav -key {Behavioral:sim_1:Functional:Start_Control_tb} -tclbatch {Start_Control_tb.tcl} -log {simulate.log}"
INFO: [USF-XSim-8] Loading simulator feature
Time resolution is 1 ps
source Start_Control_tb.tcl
# set curr_wave [current_wave_config]
# if { [string length $curr_wave] == 0 } {
#   if { [llength [get_objects]] > 0} {
#     add_wave /
#     set_property needs_save false [current_wave_config]
#   } else {
#      send_msg_id Add_Wave-1 WARNING "No top level signals found. Simulator will start without a wave window. If you want to open a wave window go to 'File->New Waveform Configuration' or type 'create_wave_config' in the TCL console."
#   }
# }
# log_wave -r /
# run 50000ns
Test has finished with 0 errors
INFO: [USF-XSim-96] XSim completed. Design snapshot 'Start_Control_tb_behav' loaded.
INFO: [USF-XSim-97] XSim simulation ran for 50000ns
launch_simulation: Time (s): cpu = 00:00:03 ; elapsed = 00:00:10 . Memory (MB): peak = 1543.422 ; gain = 18.484
WARNING: [filemgmt 56-199] Attempt to get parsing info during refresh. "On-the-fly" syntax checking information may be incorrect. [C:\CSEE4280\GRP2ADD\FinalProject\MemVga\MemVga.srcs\sim_1\new\Start_Control_tb.v:]
WARNING: [filemgmt 56-199] Attempt to get parsing info during refresh. "On-the-fly" syntax checking information may be incorrect. [C:\CSEE4280\GRP2ADD\FinalProject\Processing\Processing.srcs\sources_1\new\Start_Control.v:]
WARNING: [filemgmt 56-199] Attempt to get parsing info during refresh. "On-the-fly" syntax checking information may be incorrect. [C:\CSEE4280\GRP2ADD\FinalProject\MemVga\MemVga.srcs\sources_1\new\Control_And_Start.v:]
WARNING: [filemgmt 56-199] Attempt to get parsing info during refresh. "On-the-fly" syntax checking information may be incorrect. [C:\CSEE4280\GRP2ADD\FinalProject\MemVga\MemVga.srcs\sources_1\new\Start_Control.v:]
WARNING: [filemgmt 56-199] Attempt to get parsing info during refresh. "On-the-fly" syntax checking information may be incorrect. [C:\CSEE4280\GRP2ADD\FinalProject\Processing\Processing.srcs\sources_1\new\Start_Control.v:]
WARNING: [filemgmt 56-199] Attempt to get parsing info during refresh. "On-the-fly" syntax checking information may be incorrect. [C:\CSEE4280\GRP2ADD\FinalProject\Processing\Processing.srcs\sources_1\new\Start_Control.v:]
WARNING: [filemgmt 56-199] Attempt to get parsing info during refresh. "On-the-fly" syntax checking information may be incorrect. [C:\CSEE4280\GRP2ADD\FinalProject\MemVga\MemVga.srcs\sim_1\new\Start_Control_tb.v:]
WARNING: [filemgmt 56-199] Attempt to get parsing info during refresh. "On-the-fly" syntax checking information may be incorrect. [C:\CSEE4280\GRP2ADD\FinalProject\Processing\Processing.srcs\sources_1\new\Start_Control.v:]
WARNING: [filemgmt 56-199] Attempt to get parsing info during refresh. "On-the-fly" syntax checking information may be incorrect. [C:\CSEE4280\GRP2ADD\FinalProject\MemVga\MemVga.srcs\sources_1\new\Control_And_Start.v:]
WARNING: [filemgmt 56-199] Attempt to get parsing info during refresh. "On-the-fly" syntax checking information may be incorrect. [C:\CSEE4280\GRP2ADD\FinalProject\MemVga\MemVga.srcs\sources_1\new\Start_Control.v:]
WARNING: [filemgmt 56-199] Attempt to get parsing info during refresh. "On-the-fly" syntax checking information may be incorrect. [C:\CSEE4280\GRP2ADD\FinalProject\MemVga\MemVga.srcs\sim_1\new\Start_Control_tb.v:]
WARNING: [filemgmt 56-199] Attempt to get parsing info during refresh. "On-the-fly" syntax checking information may be incorrect. [C:\CSEE4280\GRP2ADD\FinalProject\Processing\Processing.srcs\sources_1\new\Start_Control.v:]
WARNING: [filemgmt 56-199] Attempt to get parsing info during refresh. "On-the-fly" syntax checking information may be incorrect. [C:\CSEE4280\GRP2ADD\FinalProject\MemVga\MemVga.srcs\sources_1\new\Control_And_Start.v:]
WARNING: [filemgmt 56-199] Attempt to get parsing info during refresh. "On-the-fly" syntax checking information may be incorrect. [C:\CSEE4280\GRP2ADD\FinalProject\MemVga\MemVga.srcs\sources_1\new\Start_Control.v:]
WARNING: [filemgmt 56-199] Attempt to get parsing info during refresh. "On-the-fly" syntax checking information may be incorrect. [C:\CSEE4280\GRP2ADD\FinalProject\MemVga\MemVga.srcs\sources_1\new\Control_And_Start.v:]
WARNING: [filemgmt 56-199] Attempt to get parsing info during refresh. "On-the-fly" syntax checking information may be incorrect. [C:\CSEE4280\GRP2ADD\FinalProject\MemVga\MemVga.srcs\sources_1\new\Control_And_Start.v:]
WARNING: [filemgmt 56-199] Attempt to get parsing info during refresh. "On-the-fly" syntax checking information may be incorrect. [C:\CSEE4280\GRP2ADD\FinalProject\MemVga\MemVga.srcs\sim_1\new\Start_Control_tb.v:]
WARNING: [filemgmt 56-199] Attempt to get parsing info during refresh. "On-the-fly" syntax checking information may be incorrect. [C:\CSEE4280\GRP2ADD\FinalProject\Processing\Processing.srcs\sources_1\new\Start_Control.v:]
WARNING: [filemgmt 56-199] Attempt to get parsing info during refresh. "On-the-fly" syntax checking information may be incorrect. [C:\CSEE4280\GRP2ADD\FinalProject\MemVga\MemVga.srcs\sources_1\new\Control_And_Start.v:]
WARNING: [filemgmt 56-199] Attempt to get parsing info during refresh. "On-the-fly" syntax checking information may be incorrect. [C:\CSEE4280\GRP2ADD\FinalProject\MemVga\MemVga.srcs\sources_1\new\Start_Control.v:]
WARNING: [filemgmt 56-199] Attempt to get parsing info during refresh. "On-the-fly" syntax checking information may be incorrect. [C:\CSEE4280\GRP2ADD\FinalProject\MemVga\MemVga.srcs\sim_1\new\Start_Control_tb.v:]
WARNING: [filemgmt 56-199] Attempt to get parsing info during refresh. "On-the-fly" syntax checking information may be incorrect. [C:\CSEE4280\GRP2ADD\FinalProject\MemVga\MemVga.srcs\sim_1\new\Start_Control_tb.v:]
WARNING: [filemgmt 56-199] Attempt to get parsing info during refresh. "On-the-fly" syntax checking information may be incorrect. [C:\CSEE4280\GRP2ADD\FinalProject\MemVga\MemVga.srcs\sim_1\new\Start_Control_tb.v:]
WARNING: [filemgmt 56-199] Attempt to get parsing info during refresh. "On-the-fly" syntax checking information may be incorrect. [C:\CSEE4280\GRP2ADD\FinalProject\Processing\Processing.srcs\sources_1\new\Start_Control.v:]
WARNING: [filemgmt 56-199] Attempt to get parsing info during refresh. "On-the-fly" syntax checking information may be incorrect. [C:\CSEE4280\GRP2ADD\FinalProject\MemVga\MemVga.srcs\sources_1\new\Control_And_Start.v:]
WARNING: [filemgmt 56-199] Attempt to get parsing info during refresh. "On-the-fly" syntax checking information may be incorrect. [C:\CSEE4280\GRP2ADD\FinalProject\MemVga\MemVga.srcs\sources_1\new\Start_Control.v:]
WARNING: [filemgmt 56-199] Attempt to get parsing info during refresh. "On-the-fly" syntax checking information may be incorrect. [C:\CSEE4280\GRP2ADD\FinalProject\MemVga\MemVga.srcs\sim_1\new\Start_Control_tb.v:]
WARNING: [filemgmt 56-199] Attempt to get parsing info during refresh. "On-the-fly" syntax checking information may be incorrect. [C:\CSEE4280\GRP2ADD\FinalProject\MemVga\MemVga.srcs\sim_1\new\Start_Control_tb.v:]
WARNING: [filemgmt 56-199] Attempt to get parsing info during refresh. "On-the-fly" syntax checking information may be incorrect. [C:\CSEE4280\GRP2ADD\FinalProject\MemVga\MemVga.srcs\sim_1\new\Start_Control_tb.v:]
WARNING: [filemgmt 56-199] Attempt to get parsing info during refresh. "On-the-fly" syntax checking information may be incorrect. [C:\CSEE4280\GRP2ADD\FinalProject\Processing\Processing.srcs\sources_1\new\Start_Control.v:]
WARNING: [filemgmt 56-199] Attempt to get parsing info during refresh. "On-the-fly" syntax checking information may be incorrect. [C:\CSEE4280\GRP2ADD\FinalProject\MemVga\MemVga.srcs\sim_1\new\Start_Control_tb.v:]
WARNING: [filemgmt 56-199] Attempt to get parsing info during refresh. "On-the-fly" syntax checking information may be incorrect. [C:\CSEE4280\GRP2ADD\FinalProject\Processing\Processing.srcs\sources_1\new\Start_Control.v:]
WARNING: [filemgmt 56-199] Attempt to get parsing info during refresh. "On-the-fly" syntax checking information may be incorrect. [C:\CSEE4280\GRP2ADD\FinalProject\MemVga\MemVga.srcs\sources_1\new\Control_And_Start.v:]
WARNING: [filemgmt 56-199] Attempt to get parsing info during refresh. "On-the-fly" syntax checking information may be incorrect. [C:\CSEE4280\GRP2ADD\FinalProject\MemVga\MemVga.srcs\sources_1\new\Start_Control.v:]
WARNING: [filemgmt 56-199] Attempt to get parsing info during refresh. "On-the-fly" syntax checking information may be incorrect. [C:\CSEE4280\GRP2ADD\FinalProject\Processing\Processing.srcs\sources_1\new\Start_Control.v:]
WARNING: [filemgmt 56-199] Attempt to get parsing info during refresh. "On-the-fly" syntax checking information may be incorrect. [C:\CSEE4280\GRP2ADD\FinalProject\Processing\Processing.srcs\sources_1\new\Start_Control.v:]
WARNING: [filemgmt 56-199] Attempt to get parsing info during refresh. "On-the-fly" syntax checking information may be incorrect. [C:\CSEE4280\GRP2ADD\FinalProject\MemVga\MemVga.srcs\sim_1\new\Start_Control_tb.v:]
WARNING: [filemgmt 56-199] Attempt to get parsing info during refresh. "On-the-fly" syntax checking information may be incorrect. [C:\CSEE4280\GRP2ADD\FinalProject\Processing\Processing.srcs\sources_1\new\Start_Control.v:]
WARNING: [filemgmt 56-199] Attempt to get parsing info during refresh. "On-the-fly" syntax checking information may be incorrect. [C:\CSEE4280\GRP2ADD\FinalProject\MemVga\MemVga.srcs\sources_1\new\Control_And_Start.v:]
WARNING: [filemgmt 56-199] Attempt to get parsing info during refresh. "On-the-fly" syntax checking information may be incorrect. [C:\CSEE4280\GRP2ADD\FinalProject\MemVga\MemVga.srcs\sources_1\new\Start_Control.v:]
WARNING: [filemgmt 56-199] Attempt to get parsing info during refresh. "On-the-fly" syntax checking information may be incorrect. [C:\CSEE4280\GRP2ADD\FinalProject\MemVga\MemVga.srcs\sources_1\new\Control_And_Start.v:]
WARNING: [filemgmt 56-199] Attempt to get parsing info during refresh. "On-the-fly" syntax checking information may be incorrect. [C:\CSEE4280\GRP2ADD\FinalProject\MemVga\MemVga.srcs\sources_1\new\Control_And_Start.v:]
WARNING: [filemgmt 56-199] Attempt to get parsing info during refresh. "On-the-fly" syntax checking information may be incorrect. [C:\CSEE4280\GRP2ADD\FinalProject\MemVga\MemVga.srcs\sim_1\new\Start_Control_tb.v:]
WARNING: [filemgmt 56-199] Attempt to get parsing info during refresh. "On-the-fly" syntax checking information may be incorrect. [C:\CSEE4280\GRP2ADD\FinalProject\Processing\Processing.srcs\sources_1\new\Start_Control.v:]
WARNING: [filemgmt 56-199] Attempt to get parsing info during refresh. "On-the-fly" syntax checking information may be incorrect. [C:\CSEE4280\GRP2ADD\FinalProject\MemVga\MemVga.srcs\sources_1\new\Control_And_Start.v:]
WARNING: [filemgmt 56-199] Attempt to get parsing info during refresh. "On-the-fly" syntax checking information may be incorrect. [C:\CSEE4280\GRP2ADD\FinalProject\MemVga\MemVga.srcs\sources_1\new\Start_Control.v:]
WARNING: [filemgmt 56-199] Attempt to get parsing info during refresh. "On-the-fly" syntax checking information may be incorrect. [C:\CSEE4280\GRP2ADD\FinalProject\Processing\Processing.srcs\sources_1\new\Start_Control.v:]
WARNING: [filemgmt 56-199] Attempt to get parsing info during refresh. "On-the-fly" syntax checking information may be incorrect. [C:\CSEE4280\GRP2ADD\FinalProject\Processing\Processing.srcs\sources_1\new\Start_Control.v:]
WARNING: [filemgmt 56-199] Attempt to get parsing info during refresh. "On-the-fly" syntax checking information may be incorrect. [C:\CSEE4280\GRP2ADD\FinalProject\MemVga\MemVga.srcs\sim_1\new\Start_Control_tb.v:]
WARNING: [filemgmt 56-199] Attempt to get parsing info during refresh. "On-the-fly" syntax checking information may be incorrect. [C:\CSEE4280\GRP2ADD\FinalProject\Processing\Processing.srcs\sources_1\new\Start_Control.v:]
WARNING: [filemgmt 56-199] Attempt to get parsing info during refresh. "On-the-fly" syntax checking information may be incorrect. [C:\CSEE4280\GRP2ADD\FinalProject\MemVga\MemVga.srcs\sources_1\new\Control_And_Start.v:]
WARNING: [filemgmt 56-199] Attempt to get parsing info during refresh. "On-the-fly" syntax checking information may be incorrect. [C:\CSEE4280\GRP2ADD\FinalProject\MemVga\MemVga.srcs\sources_1\new\Start_Control.v:]
WARNING: [filemgmt 56-199] Attempt to get parsing info during refresh. "On-the-fly" syntax checking information may be incorrect. [C:\CSEE4280\GRP2ADD\FinalProject\MemVga\MemVga.srcs\sources_1\new\Control_And_Start.v:]
WARNING: [filemgmt 56-199] Attempt to get parsing info during refresh. "On-the-fly" syntax checking information may be incorrect. [C:\CSEE4280\GRP2ADD\FinalProject\MemVga\MemVga.srcs\sources_1\new\Control_And_Start.v:]
WARNING: [filemgmt 56-199] Attempt to get parsing info during refresh. "On-the-fly" syntax checking information may be incorrect. [C:\CSEE4280\GRP2ADD\FinalProject\MemVga\MemVga.srcs\sim_1\new\Start_Control_tb.v:]
WARNING: [filemgmt 56-199] Attempt to get parsing info during refresh. "On-the-fly" syntax checking information may be incorrect. [C:\CSEE4280\GRP2ADD\FinalProject\Processing\Processing.srcs\sources_1\new\Start_Control.v:]
WARNING: [filemgmt 56-199] Attempt to get parsing info during refresh. "On-the-fly" syntax checking information may be incorrect. [C:\CSEE4280\GRP2ADD\FinalProject\MemVga\MemVga.srcs\sources_1\new\Control_And_Start.v:]
WARNING: [filemgmt 56-199] Attempt to get parsing info during refresh. "On-the-fly" syntax checking information may be incorrect. [C:\CSEE4280\GRP2ADD\FinalProject\MemVga\MemVga.srcs\sources_1\new\Start_Control.v:]
WARNING: [filemgmt 56-199] Attempt to get parsing info during refresh. "On-the-fly" syntax checking information may be incorrect. [C:\CSEE4280\GRP2ADD\FinalProject\MemVga\MemVga.srcs\sources_1\new\Control_And_Start.v:]
WARNING: [filemgmt 56-199] Attempt to get parsing info during refresh. "On-the-fly" syntax checking information may be incorrect. [C:\CSEE4280\GRP2ADD\FinalProject\MemVga\MemVga.srcs\sources_1\new\Control_And_Start.v:]
WARNING: [filemgmt 56-199] Attempt to get parsing info during refresh. "On-the-fly" syntax checking information may be incorrect. [C:\CSEE4280\GRP2ADD\FinalProject\MemVga\MemVga.srcs\sim_1\new\Start_Control_tb.v:]
WARNING: [filemgmt 56-199] Attempt to get parsing info during refresh. "On-the-fly" syntax checking information may be incorrect. [C:\CSEE4280\GRP2ADD\FinalProject\Processing\Processing.srcs\sources_1\new\Start_Control.v:]
WARNING: [filemgmt 56-199] Attempt to get parsing info during refresh. "On-the-fly" syntax checking information may be incorrect. [C:\CSEE4280\GRP2ADD\FinalProject\MemVga\MemVga.srcs\sources_1\new\Control_And_Start.v:]
WARNING: [filemgmt 56-199] Attempt to get parsing info during refresh. "On-the-fly" syntax checking information may be incorrect. [C:\CSEE4280\GRP2ADD\FinalProject\MemVga\MemVga.srcs\sources_1\new\Start_Control.v:]
WARNING: [filemgmt 56-199] Attempt to get parsing info during refresh. "On-the-fly" syntax checking information may be incorrect. [C:\CSEE4280\GRP2ADD\FinalProject\MemVga\MemVga.srcs\sim_1\new\Start_Control_tb.v:]
WARNING: [filemgmt 56-199] Attempt to get parsing info during refresh. "On-the-fly" syntax checking information may be incorrect. [C:\CSEE4280\GRP2ADD\FinalProject\MemVga\MemVga.srcs\sim_1\new\Start_Control_tb.v:]
WARNING: [filemgmt 56-199] Attempt to get parsing info during refresh. "On-the-fly" syntax checking information may be incorrect. [C:\CSEE4280\GRP2ADD\FinalProject\MemVga\MemVga.srcs\sim_1\new\Start_Control_tb.v:]
WARNING: [filemgmt 56-199] Attempt to get parsing info during refresh. "On-the-fly" syntax checking information may be incorrect. [C:\CSEE4280\GRP2ADD\FinalProject\Processing\Processing.srcs\sources_1\new\Start_Control.v:]
WARNING: [filemgmt 56-199] Attempt to get parsing info during refresh. "On-the-fly" syntax checking information may be incorrect. [C:\CSEE4280\GRP2ADD\FinalProject\MemVga\MemVga.srcs\sources_1\new\Control_And_Start.v:]
WARNING: [filemgmt 56-199] Attempt to get parsing info during refresh. "On-the-fly" syntax checking information may be incorrect. [C:\CSEE4280\GRP2ADD\FinalProject\MemVga\MemVga.srcs\sources_1\new\Start_Control.v:]
WARNING: [filemgmt 56-199] Attempt to get parsing info during refresh. "On-the-fly" syntax checking information may be incorrect. [C:\CSEE4280\GRP2ADD\FinalProject\MemVga\MemVga.srcs\sources_1\new\Control_And_Start.v:]
WARNING: [filemgmt 56-199] Attempt to get parsing info during refresh. "On-the-fly" syntax checking information may be incorrect. [C:\CSEE4280\GRP2ADD\FinalProject\MemVga\MemVga.srcs\sources_1\new\Control_And_Start.v:]
WARNING: [filemgmt 56-199] Attempt to get parsing info during refresh. "On-the-fly" syntax checking information may be incorrect. [C:\CSEE4280\GRP2ADD\FinalProject\MemVga\MemVga.srcs\sim_1\new\Start_Control_tb.v:]
WARNING: [filemgmt 56-199] Attempt to get parsing info during refresh. "On-the-fly" syntax checking information may be incorrect. [C:\CSEE4280\GRP2ADD\FinalProject\Processing\Processing.srcs\sources_1\new\Start_Control.v:]
WARNING: [filemgmt 56-199] Attempt to get parsing info during refresh. "On-the-fly" syntax checking information may be incorrect. [C:\CSEE4280\GRP2ADD\FinalProject\MemVga\MemVga.srcs\sources_1\new\Control_And_Start.v:]
WARNING: [filemgmt 56-199] Attempt to get parsing info during refresh. "On-the-fly" syntax checking information may be incorrect. [C:\CSEE4280\GRP2ADD\FinalProject\MemVga\MemVga.srcs\sources_1\new\Start_Control.v:]
WARNING: [filemgmt 56-199] Attempt to get parsing info during refresh. "On-the-fly" syntax checking information may be incorrect. [C:\CSEE4280\GRP2ADD\FinalProject\MemVga\MemVga.srcs\sim_1\new\Start_Control_tb.v:]
WARNING: [filemgmt 56-199] Attempt to get parsing info during refresh. "On-the-fly" syntax checking information may be incorrect. [C:\CSEE4280\GRP2ADD\FinalProject\MemVga\MemVga.srcs\sim_1\new\Start_Control_tb.v:]
close_sim
INFO: [Simtcl 6-16] Simulation closed
launch_simulation
Command: launch_simulation 
INFO: [Vivado 12-12493] Simulation top is 'Start_Control_tb'
WARNING: [Vivado 12-13340] Unable to auto find GCC executables from simulator install path! (path not set)
INFO: [Vivado 12-5682] Launching behavioral simulation in 'C:/CSEE4280/GRP2ADD/FinalProject/MemVga/MemVga.sim/sim_1/behav/xsim'
INFO: [SIM-utils-51] Simulation object is 'sim_1'
INFO: [SIM-utils-72] Using boost library from 'C:/Xilinx/Vivado/2024.2/tps/boost_1_72_0'
INFO: [SIM-utils-54] Inspecting design source files for 'Start_Control_tb' in fileset 'sim_1'...
INFO: [USF-XSim-97] Finding global include files...
INFO: [USF-XSim-98] Fetching design files from 'sim_1'...
INFO: [USF-XSim-2] XSim::Compile design
INFO: [USF-XSim-61] Executing 'COMPILE and ANALYZE' step in 'C:/CSEE4280/GRP2ADD/FinalProject/MemVga/MemVga.sim/sim_1/behav/xsim'
"xvlog --incr --relax -prj Start_Control_tb_vlog.prj"
INFO: [VRFC 10-2263] Analyzing Verilog file "C:/CSEE4280/GRP2ADD/FinalProject/Processing/Processing.srcs/sources_1/new/Start_Control.v" into library xil_defaultlib
INFO: [VRFC 10-311] analyzing module Start_Control
INFO: [VRFC 10-2263] Analyzing Verilog file "C:/CSEE4280/GRP2ADD/FinalProject/MemVga/MemVga.srcs/sim_1/new/Start_Control_tb.v" into library xil_defaultlib
INFO: [VRFC 10-311] analyzing module Start_Control_tb
INFO: [USF-XSim-69] 'compile' step finished in '2' seconds
INFO: [USF-XSim-3] XSim::Elaborate design
INFO: [USF-XSim-61] Executing 'ELABORATE' step in 'C:/CSEE4280/GRP2ADD/FinalProject/MemVga/MemVga.sim/sim_1/behav/xsim'
"xelab --incr --debug typical --relax --mt 2 -L xil_defaultlib -L unisims_ver -L unimacro_ver -L secureip --snapshot Start_Control_tb_behav xil_defaultlib.Start_Control_tb xil_defaultlib.glbl -log elaborate.log"
Vivado Simulator v2024.2.0
Copyright 1986-2022 Xilinx, Inc. All Rights Reserved.
Copyright 2022-2024 Advanced Micro Devices, Inc. All Rights Reserved.
Running: C:/Xilinx/Vivado/2024.2/bin/unwrapped/win64.o/xelab.exe --incr --debug typical --relax --mt 2 -L xil_defaultlib -L unisims_ver -L unimacro_ver -L secureip --snapshot Start_Control_tb_behav xil_defaultlib.Start_Control_tb xil_defaultlib.glbl -log elaborate.log 
Using 2 slave threads.
Starting static elaboration
Pass Through NonSizing Optimizer
Completed static elaboration
Starting simulation data flow analysis
Completed simulation data flow analysis
Time Resolution for simulation is 1ps
Compiling module xil_defaultlib.Start_Control
Compiling module xil_defaultlib.Start_Control_tb
Compiling module xil_defaultlib.glbl
Built simulation snapshot Start_Control_tb_behav
INFO: [USF-XSim-69] 'elaborate' step finished in '1' seconds
INFO: [USF-XSim-4] XSim::Simulate design
INFO: [USF-XSim-61] Executing 'SIMULATE' step in 'C:/CSEE4280/GRP2ADD/FinalProject/MemVga/MemVga.sim/sim_1/behav/xsim'
INFO: [USF-XSim-98] *** Running xsim
   with args "Start_Control_tb_behav -key {Behavioral:sim_1:Functional:Start_Control_tb} -tclbatch {Start_Control_tb.tcl} -log {simulate.log}"
INFO: [USF-XSim-8] Loading simulator feature
Time resolution is 1 ps
source Start_Control_tb.tcl
# set curr_wave [current_wave_config]
# if { [string length $curr_wave] == 0 } {
#   if { [llength [get_objects]] > 0} {
#     add_wave /
#     set_property needs_save false [current_wave_config]
#   } else {
#      send_msg_id Add_Wave-1 WARNING "No top level signals found. Simulator will start without a wave window. If you want to open a wave window go to 'File->New Waveform Configuration' or type 'create_wave_config' in the TCL console."
#   }
# }
# log_wave -r /
# run 50000ns
Test has finished with 0 errors
INFO: [USF-XSim-96] XSim completed. Design snapshot 'Start_Control_tb_behav' loaded.
INFO: [USF-XSim-97] XSim simulation ran for 50000ns
launch_simulation: Time (s): cpu = 00:00:06 ; elapsed = 00:00:06 . Memory (MB): peak = 1586.117 ; gain = 0.000
open_project {C:/Users/dgchi/OneDrive/Desktop/UGA/Spring 2025/Capstone/Verilog_Projects/Synthesizer/Synthesizer/Synthesizer.xpr}
INFO: [ProjectBase 1-489] The host OS only allows 260 characters in a normal path. The project is stored in a path with more than 80 characters. If you experience issues with IP, Block Designs, or files not being found, please consider moving the project to a location with a shorter path. Alternately consider using the OS subst command to map part of the path to a drive letter.
Current project path is 'C:/Users/dgchi/OneDrive/Desktop/UGA/Spring 2025/Capstone/Verilog_Projects/Synthesizer/Synthesizer'
INFO: [filemgmt 56-3] Default IP Output Path : Could not find the directory 'C:/Users/dgchi/OneDrive/Desktop/UGA/Spring 2025/Capstone/Verilog_Projects/Synthesizer/Synthesizer/Synthesizer.gen/sources_1'.
Scanning sources...
Finished scanning sources
INFO: [IP_Flow 19-234] Refreshing IP repositories
INFO: [IP_Flow 19-1704] No user IP repositories specified
WARNING: [filemgmt 56-199] Attempt to get parsing info during refresh. "On-the-fly" syntax checking information may be incorrect. [C:\CSEE4280\GRP2ADD\FinalProject\MemVga\MemVga.srcs\sim_1\new\Start_Control_tb.v:]
WARNING: [filemgmt 56-199] Attempt to get parsing info during refresh. "On-the-fly" syntax checking information may be incorrect. [C:\CSEE4280\GRP2ADD\FinalProject\Processing\Processing.srcs\sources_1\new\Start_Control.v:]
WARNING: [filemgmt 56-199] Attempt to get parsing info during refresh. "On-the-fly" syntax checking information may be incorrect. [C:\CSEE4280\GRP2ADD\FinalProject\MemVga\MemVga.srcs\sources_1\new\Control_And_Start.v:]
WARNING: [filemgmt 56-199] Attempt to get parsing info during refresh. "On-the-fly" syntax checking information may be incorrect. [C:\CSEE4280\GRP2ADD\FinalProject\MemVga\MemVga.srcs\sources_1\new\Start_Control.v:]
WARNING: [filemgmt 56-199] Attempt to get parsing info during refresh. "On-the-fly" syntax checking information may be incorrect. [C:\CSEE4280\GRP2ADD\FinalProject\Processing\Processing.srcs\sources_1\new\Start_Control.v:]
WARNING: [filemgmt 56-199] Attempt to get parsing info during refresh. "On-the-fly" syntax checking information may be incorrect. [C:\CSEE4280\GRP2ADD\FinalProject\Processing\Processing.srcs\sources_1\new\Start_Control.v:]
WARNING: [filemgmt 56-199] Attempt to get parsing info during refresh. "On-the-fly" syntax checking information may be incorrect. [C:\CSEE4280\GRP2ADD\FinalProject\MemVga\MemVga.srcs\sim_1\new\Start_Control_tb.v:]
WARNING: [filemgmt 56-199] Attempt to get parsing info during refresh. "On-the-fly" syntax checking information may be incorrect. [C:\CSEE4280\GRP2ADD\FinalProject\Processing\Processing.srcs\sources_1\new\Start_Control.v:]
WARNING: [filemgmt 56-199] Attempt to get parsing info during refresh. "On-the-fly" syntax checking information may be incorrect. [C:\CSEE4280\GRP2ADD\FinalProject\MemVga\MemVga.srcs\sources_1\new\Control_And_Start.v:]
WARNING: [filemgmt 56-199] Attempt to get parsing info during refresh. "On-the-fly" syntax checking information may be incorrect. [C:\CSEE4280\GRP2ADD\FinalProject\MemVga\MemVga.srcs\sources_1\new\Start_Control.v:]
WARNING: [filemgmt 56-199] Attempt to get parsing info during refresh. "On-the-fly" syntax checking information may be incorrect. [C:\CSEE4280\GRP2ADD\FinalProject\MemVga\MemVga.srcs\sim_1\new\Start_Control_tb.v:]
WARNING: [filemgmt 56-199] Attempt to get parsing info during refresh. "On-the-fly" syntax checking information may be incorrect. [C:\CSEE4280\GRP2ADD\FinalProject\MemVga\MemVga.srcs\sim_1\new\Start_Control_tb.v:]
INFO: [IP_Flow 19-2313] Loaded Vivado IP repository 'C:/Xilinx/Vivado/2024.2/data/ip'.
WARNING: [Board 49-26] cannot add Board Part xilinx.com:zcu208ld:part0:2.0 available at C:/Xilinx/Vivado/2024.2/data/xhub/boards/XilinxBoardStore/boards/Xilinx/zcu208ld/production/2.0/board.xml as part xczu58dr-fsvg1517-2-i specified in board_part file is either invalid or not available
WARNING: [Board 49-26] cannot add Board Part xilinx.com:zcu216ld:part0:2.0 available at C:/Xilinx/Vivado/2024.2/data/xhub/boards/XilinxBoardStore/boards/Xilinx/zcu216ld/production/2.0/board.xml as part xczu59dr-ffvf1760-2-i specified in board_part file is either invalid or not available
WARNING: [Board 49-26] cannot add Board Part xilinx.com:zcu670ld:part0:1.0 available at C:/Xilinx/Vivado/2024.2/data/xhub/boards/XilinxBoardStore/boards/Xilinx/zcu670ld/1.0/board.xml as part xczu57dr-fsve1156-2-i specified in board_part file is either invalid or not available
update_compile_order -fileset sources_1
close_project
WARNING: [filemgmt 56-199] Attempt to get parsing info during refresh. "On-the-fly" syntax checking information may be incorrect. [C:\CSEE4280\GRP2ADD\FinalProject\Processing\Processing.srcs\sources_1\new\Start_Control.v:]
WARNING: [filemgmt 56-199] Attempt to get parsing info during refresh. "On-the-fly" syntax checking information may be incorrect. [C:\CSEE4280\GRP2ADD\FinalProject\MemVga\MemVga.srcs\sources_1\new\Control_And_Start.v:]
WARNING: [filemgmt 56-199] Attempt to get parsing info during refresh. "On-the-fly" syntax checking information may be incorrect. [C:\CSEE4280\GRP2ADD\FinalProject\MemVga\MemVga.srcs\sources_1\new\Start_Control.v:]
WARNING: [filemgmt 56-199] Attempt to get parsing info during refresh. "On-the-fly" syntax checking information may be incorrect. [C:\CSEE4280\GRP2ADD\FinalProject\Processing\Processing.srcs\sources_1\new\Start_Control.v:]
WARNING: [filemgmt 56-199] Attempt to get parsing info during refresh. "On-the-fly" syntax checking information may be incorrect. [C:\CSEE4280\GRP2ADD\FinalProject\Processing\Processing.srcs\sources_1\new\Start_Control.v:]
WARNING: [filemgmt 56-199] Attempt to get parsing info during refresh. "On-the-fly" syntax checking information may be incorrect. [C:\CSEE4280\GRP2ADD\FinalProject\MemVga\MemVga.srcs\sim_1\new\Start_Control_tb.v:]
WARNING: [filemgmt 56-199] Attempt to get parsing info during refresh. "On-the-fly" syntax checking information may be incorrect. [C:\CSEE4280\GRP2ADD\FinalProject\Processing\Processing.srcs\sources_1\new\Start_Control.v:]
WARNING: [filemgmt 56-199] Attempt to get parsing info during refresh. "On-the-fly" syntax checking information may be incorrect. [C:\CSEE4280\GRP2ADD\FinalProject\MemVga\MemVga.srcs\sources_1\new\Control_And_Start.v:]
WARNING: [filemgmt 56-199] Attempt to get parsing info during refresh. "On-the-fly" syntax checking information may be incorrect. [C:\CSEE4280\GRP2ADD\FinalProject\MemVga\MemVga.srcs\sources_1\new\Start_Control.v:]
WARNING: [filemgmt 56-199] Attempt to get parsing info during refresh. "On-the-fly" syntax checking information may be incorrect. [C:\CSEE4280\GRP2ADD\FinalProject\MemVga\MemVga.srcs\sim_1\new\Start_Control_tb.v:]
WARNING: [filemgmt 56-199] Attempt to get parsing info during refresh. "On-the-fly" syntax checking information may be incorrect. [C:\CSEE4280\GRP2ADD\FinalProject\MemVga\MemVga.srcs\sim_1\new\Start_Control_tb.v:]
WARNING: [filemgmt 56-199] Attempt to get parsing info during refresh. "On-the-fly" syntax checking information may be incorrect. [C:\CSEE4280\GRP2ADD\FinalProject\MemVga\MemVga.srcs\sim_1\new\Start_Control_tb.v:]
WARNING: [filemgmt 56-199] Attempt to get parsing info during refresh. "On-the-fly" syntax checking information may be incorrect. [C:\CSEE4280\GRP2ADD\FinalProject\Processing\Processing.srcs\sources_1\new\Start_Control.v:]
WARNING: [filemgmt 56-199] Attempt to get parsing info during refresh. "On-the-fly" syntax checking information may be incorrect. [C:\CSEE4280\GRP2ADD\FinalProject\MemVga\MemVga.srcs\sources_1\new\Control_And_Start.v:]
WARNING: [filemgmt 56-199] Attempt to get parsing info during refresh. "On-the-fly" syntax checking information may be incorrect. [C:\CSEE4280\GRP2ADD\FinalProject\MemVga\MemVga.srcs\sources_1\new\Start_Control.v:]
WARNING: [filemgmt 56-199] Attempt to get parsing info during refresh. "On-the-fly" syntax checking information may be incorrect. [C:\CSEE4280\GRP2ADD\FinalProject\Processing\Processing.srcs\sources_1\new\Start_Control.v:]
WARNING: [filemgmt 56-199] Attempt to get parsing info during refresh. "On-the-fly" syntax checking information may be incorrect. [C:\CSEE4280\GRP2ADD\FinalProject\Processing\Processing.srcs\sources_1\new\Start_Control.v:]
close_sim
INFO: [Simtcl 6-16] Simulation closed
launch_simulation
Command: launch_simulation 
INFO: [Vivado 12-12493] Simulation top is 'Start_Control_tb'
WARNING: [Vivado 12-13340] Unable to auto find GCC executables from simulator install path! (path not set)
INFO: [Vivado 12-5682] Launching behavioral simulation in 'C:/CSEE4280/GRP2ADD/FinalProject/MemVga/MemVga.sim/sim_1/behav/xsim'
INFO: [SIM-utils-51] Simulation object is 'sim_1'
INFO: [SIM-utils-72] Using boost library from 'C:/Xilinx/Vivado/2024.2/tps/boost_1_72_0'
INFO: [SIM-utils-54] Inspecting design source files for 'Start_Control_tb' in fileset 'sim_1'...
INFO: [USF-XSim-97] Finding global include files...
INFO: [USF-XSim-98] Fetching design files from 'sim_1'...
INFO: [USF-XSim-2] XSim::Compile design
INFO: [USF-XSim-61] Executing 'COMPILE and ANALYZE' step in 'C:/CSEE4280/GRP2ADD/FinalProject/MemVga/MemVga.sim/sim_1/behav/xsim'
"xvlog --incr --relax -prj Start_Control_tb_vlog.prj"
INFO: [VRFC 10-2263] Analyzing Verilog file "C:/CSEE4280/GRP2ADD/FinalProject/Processing/Processing.srcs/sources_1/new/Start_Control.v" into library xil_defaultlib
INFO: [VRFC 10-311] analyzing module Start_Control
INFO: [VRFC 10-2263] Analyzing Verilog file "C:/CSEE4280/GRP2ADD/FinalProject/MemVga/MemVga.srcs/sim_1/new/Start_Control_tb.v" into library xil_defaultlib
INFO: [VRFC 10-311] analyzing module Start_Control_tb
INFO: [USF-XSim-69] 'compile' step finished in '2' seconds
INFO: [USF-XSim-3] XSim::Elaborate design
INFO: [USF-XSim-61] Executing 'ELABORATE' step in 'C:/CSEE4280/GRP2ADD/FinalProject/MemVga/MemVga.sim/sim_1/behav/xsim'
"xelab --incr --debug typical --relax --mt 2 -L xil_defaultlib -L unisims_ver -L unimacro_ver -L secureip --snapshot Start_Control_tb_behav xil_defaultlib.Start_Control_tb xil_defaultlib.glbl -log elaborate.log"
Vivado Simulator v2024.2.0
Copyright 1986-2022 Xilinx, Inc. All Rights Reserved.
Copyright 2022-2024 Advanced Micro Devices, Inc. All Rights Reserved.
Running: C:/Xilinx/Vivado/2024.2/bin/unwrapped/win64.o/xelab.exe --incr --debug typical --relax --mt 2 -L xil_defaultlib -L unisims_ver -L unimacro_ver -L secureip --snapshot Start_Control_tb_behav xil_defaultlib.Start_Control_tb xil_defaultlib.glbl -log elaborate.log 
Using 2 slave threads.
Starting static elaboration
Pass Through NonSizing Optimizer
ERROR: [VRFC 10-3236] concurrent assignment to a non-net 'start' is not permitted [C:/CSEE4280/GRP2ADD/FinalProject/MemVga/MemVga.srcs/sim_1/new/Start_Control_tb.v:137]
ERROR: [XSIM 43-3322] Static elaboration of top level Verilog design unit(s) in library work failed.
INFO: [USF-XSim-69] 'elaborate' step finished in '1' seconds
INFO: [USF-XSim-99] Step results log file:'C:/CSEE4280/GRP2ADD/FinalProject/MemVga/MemVga.sim/sim_1/behav/xsim/elaborate.log'
ERROR: [USF-XSim-62] 'elaborate' step failed with error(s). Please check the Tcl console output or 'C:/CSEE4280/GRP2ADD/FinalProject/MemVga/MemVga.sim/sim_1/behav/xsim/elaborate.log' file for more information.
ERROR: [Vivado 12-4473] Detected error while running simulation. Please correct the issue and retry this operation.
ERROR: [Common 17-39] 'launch_simulation' failed due to earlier errors.
WARNING: [filemgmt 56-199] Attempt to get parsing info during refresh. "On-the-fly" syntax checking information may be incorrect. [C:\CSEE4280\GRP2ADD\FinalProject\MemVga\MemVga.srcs\sim_1\new\Start_Control_tb.v:]
WARNING: [filemgmt 56-199] Attempt to get parsing info during refresh. "On-the-fly" syntax checking information may be incorrect. [C:\CSEE4280\GRP2ADD\FinalProject\Processing\Processing.srcs\sources_1\new\Start_Control.v:]
WARNING: [filemgmt 56-199] Attempt to get parsing info during refresh. "On-the-fly" syntax checking information may be incorrect. [C:\CSEE4280\GRP2ADD\FinalProject\MemVga\MemVga.srcs\sources_1\new\Control_And_Start.v:]
WARNING: [filemgmt 56-199] Attempt to get parsing info during refresh. "On-the-fly" syntax checking information may be incorrect. [C:\CSEE4280\GRP2ADD\FinalProject\MemVga\MemVga.srcs\sources_1\new\Start_Control.v:]
WARNING: [filemgmt 56-199] Attempt to get parsing info during refresh. "On-the-fly" syntax checking information may be incorrect. [C:\CSEE4280\GRP2ADD\FinalProject\MemVga\MemVga.srcs\sources_1\new\Control_And_Start.v:]
WARNING: [filemgmt 56-199] Attempt to get parsing info during refresh. "On-the-fly" syntax checking information may be incorrect. [C:\CSEE4280\GRP2ADD\FinalProject\MemVga\MemVga.srcs\sources_1\new\Control_And_Start.v:]
WARNING: [filemgmt 56-199] Attempt to get parsing info during refresh. "On-the-fly" syntax checking information may be incorrect. [C:\CSEE4280\GRP2ADD\FinalProject\MemVga\MemVga.srcs\sim_1\new\Start_Control_tb.v:]
WARNING: [filemgmt 56-199] Attempt to get parsing info during refresh. "On-the-fly" syntax checking information may be incorrect. [C:\CSEE4280\GRP2ADD\FinalProject\Processing\Processing.srcs\sources_1\new\Start_Control.v:]
WARNING: [filemgmt 56-199] Attempt to get parsing info during refresh. "On-the-fly" syntax checking information may be incorrect. [C:\CSEE4280\GRP2ADD\FinalProject\MemVga\MemVga.srcs\sources_1\new\Control_And_Start.v:]
WARNING: [filemgmt 56-199] Attempt to get parsing info during refresh. "On-the-fly" syntax checking information may be incorrect. [C:\CSEE4280\GRP2ADD\FinalProject\MemVga\MemVga.srcs\sources_1\new\Start_Control.v:]
WARNING: [filemgmt 56-199] Attempt to get parsing info during refresh. "On-the-fly" syntax checking information may be incorrect. [C:\CSEE4280\GRP2ADD\FinalProject\MemVga\MemVga.srcs\sim_1\new\Start_Control_tb.v:]
WARNING: [filemgmt 56-199] Attempt to get parsing info during refresh. "On-the-fly" syntax checking information may be incorrect. [C:\CSEE4280\GRP2ADD\FinalProject\MemVga\MemVga.srcs\sim_1\new\Start_Control_tb.v:]
launch_simulation
Command: launch_simulation 
INFO: [Vivado 12-12493] Simulation top is 'Start_Control_tb'
WARNING: [Vivado 12-13340] Unable to auto find GCC executables from simulator install path! (path not set)
INFO: [Vivado 12-5682] Launching behavioral simulation in 'C:/CSEE4280/GRP2ADD/FinalProject/MemVga/MemVga.sim/sim_1/behav/xsim'
INFO: [SIM-utils-51] Simulation object is 'sim_1'
INFO: [SIM-utils-72] Using boost library from 'C:/Xilinx/Vivado/2024.2/tps/boost_1_72_0'
INFO: [SIM-utils-54] Inspecting design source files for 'Start_Control_tb' in fileset 'sim_1'...
INFO: [USF-XSim-97] Finding global include files...
INFO: [USF-XSim-98] Fetching design files from 'sim_1'...
INFO: [USF-XSim-2] XSim::Compile design
INFO: [USF-XSim-61] Executing 'COMPILE and ANALYZE' step in 'C:/CSEE4280/GRP2ADD/FinalProject/MemVga/MemVga.sim/sim_1/behav/xsim'
"xvlog --incr --relax -prj Start_Control_tb_vlog.prj"
INFO: [VRFC 10-2263] Analyzing Verilog file "C:/CSEE4280/GRP2ADD/FinalProject/Processing/Processing.srcs/sources_1/new/Start_Control.v" into library xil_defaultlib
INFO: [VRFC 10-311] analyzing module Start_Control
INFO: [VRFC 10-2263] Analyzing Verilog file "C:/CSEE4280/GRP2ADD/FinalProject/MemVga/MemVga.srcs/sim_1/new/Start_Control_tb.v" into library xil_defaultlib
INFO: [VRFC 10-311] analyzing module Start_Control_tb
INFO: [USF-XSim-69] 'compile' step finished in '2' seconds
INFO: [USF-XSim-3] XSim::Elaborate design
INFO: [USF-XSim-61] Executing 'ELABORATE' step in 'C:/CSEE4280/GRP2ADD/FinalProject/MemVga/MemVga.sim/sim_1/behav/xsim'
"xelab --incr --debug typical --relax --mt 2 -L xil_defaultlib -L unisims_ver -L unimacro_ver -L secureip --snapshot Start_Control_tb_behav xil_defaultlib.Start_Control_tb xil_defaultlib.glbl -log elaborate.log"
Vivado Simulator v2024.2.0
Copyright 1986-2022 Xilinx, Inc. All Rights Reserved.
Copyright 2022-2024 Advanced Micro Devices, Inc. All Rights Reserved.
Running: C:/Xilinx/Vivado/2024.2/bin/unwrapped/win64.o/xelab.exe --incr --debug typical --relax --mt 2 -L xil_defaultlib -L unisims_ver -L unimacro_ver -L secureip --snapshot Start_Control_tb_behav xil_defaultlib.Start_Control_tb xil_defaultlib.glbl -log elaborate.log 
Using 2 slave threads.
Starting static elaboration
Pass Through NonSizing Optimizer
ERROR: [VRFC 10-3236] concurrent assignment to a non-net 'start' is not permitted [C:/CSEE4280/GRP2ADD/FinalProject/MemVga/MemVga.srcs/sim_1/new/Start_Control_tb.v:137]
ERROR: [XSIM 43-3322] Static elaboration of top level Verilog design unit(s) in library work failed.
INFO: [USF-XSim-69] 'elaborate' step finished in '1' seconds
INFO: [USF-XSim-99] Step results log file:'C:/CSEE4280/GRP2ADD/FinalProject/MemVga/MemVga.sim/sim_1/behav/xsim/elaborate.log'
ERROR: [USF-XSim-62] 'elaborate' step failed with error(s). Please check the Tcl console output or 'C:/CSEE4280/GRP2ADD/FinalProject/MemVga/MemVga.sim/sim_1/behav/xsim/elaborate.log' file for more information.
ERROR: [Vivado 12-4473] Detected error while running simulation. Please correct the issue and retry this operation.
ERROR: [Common 17-39] 'launch_simulation' failed due to earlier errors.
WARNING: [filemgmt 56-199] Attempt to get parsing info during refresh. "On-the-fly" syntax checking information may be incorrect. [C:\CSEE4280\GRP2ADD\FinalProject\MemVga\MemVga.srcs\sim_1\new\Start_Control_tb.v:]
WARNING: [filemgmt 56-199] Attempt to get parsing info during refresh. "On-the-fly" syntax checking information may be incorrect. [C:\CSEE4280\GRP2ADD\FinalProject\Processing\Processing.srcs\sources_1\new\Start_Control.v:]
WARNING: [filemgmt 56-199] Attempt to get parsing info during refresh. "On-the-fly" syntax checking information may be incorrect. [C:\CSEE4280\GRP2ADD\FinalProject\MemVga\MemVga.srcs\sources_1\new\Control_And_Start.v:]
WARNING: [filemgmt 56-199] Attempt to get parsing info during refresh. "On-the-fly" syntax checking information may be incorrect. [C:\CSEE4280\GRP2ADD\FinalProject\MemVga\MemVga.srcs\sources_1\new\Start_Control.v:]
WARNING: [filemgmt 56-199] Attempt to get parsing info during refresh. "On-the-fly" syntax checking information may be incorrect. [C:\CSEE4280\GRP2ADD\FinalProject\Processing\Processing.srcs\sources_1\new\Start_Control.v:]
WARNING: [filemgmt 56-199] Attempt to get parsing info during refresh. "On-the-fly" syntax checking information may be incorrect. [C:\CSEE4280\GRP2ADD\FinalProject\Processing\Processing.srcs\sources_1\new\Start_Control.v:]
WARNING: [filemgmt 56-199] Attempt to get parsing info during refresh. "On-the-fly" syntax checking information may be incorrect. [C:\CSEE4280\GRP2ADD\FinalProject\MemVga\MemVga.srcs\sim_1\new\Start_Control_tb.v:]
WARNING: [filemgmt 56-199] Attempt to get parsing info during refresh. "On-the-fly" syntax checking information may be incorrect. [C:\CSEE4280\GRP2ADD\FinalProject\Processing\Processing.srcs\sources_1\new\Start_Control.v:]
WARNING: [filemgmt 56-199] Attempt to get parsing info during refresh. "On-the-fly" syntax checking information may be incorrect. [C:\CSEE4280\GRP2ADD\FinalProject\MemVga\MemVga.srcs\sources_1\new\Control_And_Start.v:]
WARNING: [filemgmt 56-199] Attempt to get parsing info during refresh. "On-the-fly" syntax checking information may be incorrect. [C:\CSEE4280\GRP2ADD\FinalProject\MemVga\MemVga.srcs\sources_1\new\Start_Control.v:]
WARNING: [filemgmt 56-199] Attempt to get parsing info during refresh. "On-the-fly" syntax checking information may be incorrect. [C:\CSEE4280\GRP2ADD\FinalProject\MemVga\MemVga.srcs\sources_1\new\Control_And_Start.v:]
WARNING: [filemgmt 56-199] Attempt to get parsing info during refresh. "On-the-fly" syntax checking information may be incorrect. [C:\CSEE4280\GRP2ADD\FinalProject\MemVga\MemVga.srcs\sources_1\new\Control_And_Start.v:]
WARNING: [filemgmt 56-199] Attempt to get parsing info during refresh. "On-the-fly" syntax checking information may be incorrect. [C:\CSEE4280\GRP2ADD\FinalProject\MemVga\MemVga.srcs\sim_1\new\Start_Control_tb.v:]
WARNING: [filemgmt 56-199] Attempt to get parsing info during refresh. "On-the-fly" syntax checking information may be incorrect. [C:\CSEE4280\GRP2ADD\FinalProject\Processing\Processing.srcs\sources_1\new\Start_Control.v:]
WARNING: [filemgmt 56-199] Attempt to get parsing info during refresh. "On-the-fly" syntax checking information may be incorrect. [C:\CSEE4280\GRP2ADD\FinalProject\MemVga\MemVga.srcs\sources_1\new\Control_And_Start.v:]
WARNING: [filemgmt 56-199] Attempt to get parsing info during refresh. "On-the-fly" syntax checking information may be incorrect. [C:\CSEE4280\GRP2ADD\FinalProject\MemVga\MemVga.srcs\sources_1\new\Start_Control.v:]
WARNING: [filemgmt 56-199] Attempt to get parsing info during refresh. "On-the-fly" syntax checking information may be incorrect. [C:\CSEE4280\GRP2ADD\FinalProject\Processing\Processing.srcs\sources_1\new\Start_Control.v:]
WARNING: [filemgmt 56-199] Attempt to get parsing info during refresh. "On-the-fly" syntax checking information may be incorrect. [C:\CSEE4280\GRP2ADD\FinalProject\Processing\Processing.srcs\sources_1\new\Start_Control.v:]
WARNING: [filemgmt 56-199] Attempt to get parsing info during refresh. "On-the-fly" syntax checking information may be incorrect. [C:\CSEE4280\GRP2ADD\FinalProject\MemVga\MemVga.srcs\sim_1\new\Start_Control_tb.v:]
WARNING: [filemgmt 56-199] Attempt to get parsing info during refresh. "On-the-fly" syntax checking information may be incorrect. [C:\CSEE4280\GRP2ADD\FinalProject\Processing\Processing.srcs\sources_1\new\Start_Control.v:]
WARNING: [filemgmt 56-199] Attempt to get parsing info during refresh. "On-the-fly" syntax checking information may be incorrect. [C:\CSEE4280\GRP2ADD\FinalProject\MemVga\MemVga.srcs\sources_1\new\Control_And_Start.v:]
WARNING: [filemgmt 56-199] Attempt to get parsing info during refresh. "On-the-fly" syntax checking information may be incorrect. [C:\CSEE4280\GRP2ADD\FinalProject\MemVga\MemVga.srcs\sources_1\new\Start_Control.v:]
WARNING: [filemgmt 56-199] Attempt to get parsing info during refresh. "On-the-fly" syntax checking information may be incorrect. [C:\CSEE4280\GRP2ADD\FinalProject\MemVga\MemVga.srcs\sim_1\new\Start_Control_tb.v:]
WARNING: [filemgmt 56-199] Attempt to get parsing info during refresh. "On-the-fly" syntax checking information may be incorrect. [C:\CSEE4280\GRP2ADD\FinalProject\MemVga\MemVga.srcs\sim_1\new\Start_Control_tb.v:]
launch_simulation
Command: launch_simulation 
INFO: [Vivado 12-12493] Simulation top is 'Start_Control_tb'
WARNING: [Vivado 12-13340] Unable to auto find GCC executables from simulator install path! (path not set)
INFO: [Vivado 12-5682] Launching behavioral simulation in 'C:/CSEE4280/GRP2ADD/FinalProject/MemVga/MemVga.sim/sim_1/behav/xsim'
INFO: [SIM-utils-51] Simulation object is 'sim_1'
INFO: [SIM-utils-72] Using boost library from 'C:/Xilinx/Vivado/2024.2/tps/boost_1_72_0'
INFO: [SIM-utils-54] Inspecting design source files for 'Start_Control_tb' in fileset 'sim_1'...
INFO: [USF-XSim-97] Finding global include files...
INFO: [USF-XSim-98] Fetching design files from 'sim_1'...
INFO: [USF-XSim-2] XSim::Compile design
INFO: [USF-XSim-61] Executing 'COMPILE and ANALYZE' step in 'C:/CSEE4280/GRP2ADD/FinalProject/MemVga/MemVga.sim/sim_1/behav/xsim'
"xvlog --incr --relax -prj Start_Control_tb_vlog.prj"
INFO: [VRFC 10-2263] Analyzing Verilog file "C:/CSEE4280/GRP2ADD/FinalProject/Processing/Processing.srcs/sources_1/new/Start_Control.v" into library xil_defaultlib
INFO: [VRFC 10-311] analyzing module Start_Control
INFO: [VRFC 10-2263] Analyzing Verilog file "C:/CSEE4280/GRP2ADD/FinalProject/MemVga/MemVga.srcs/sim_1/new/Start_Control_tb.v" into library xil_defaultlib
INFO: [VRFC 10-311] analyzing module Start_Control_tb
INFO: [USF-XSim-69] 'compile' step finished in '2' seconds
INFO: [USF-XSim-3] XSim::Elaborate design
INFO: [USF-XSim-61] Executing 'ELABORATE' step in 'C:/CSEE4280/GRP2ADD/FinalProject/MemVga/MemVga.sim/sim_1/behav/xsim'
"xelab --incr --debug typical --relax --mt 2 -L xil_defaultlib -L unisims_ver -L unimacro_ver -L secureip --snapshot Start_Control_tb_behav xil_defaultlib.Start_Control_tb xil_defaultlib.glbl -log elaborate.log"
Vivado Simulator v2024.2.0
Copyright 1986-2022 Xilinx, Inc. All Rights Reserved.
Copyright 2022-2024 Advanced Micro Devices, Inc. All Rights Reserved.
Running: C:/Xilinx/Vivado/2024.2/bin/unwrapped/win64.o/xelab.exe --incr --debug typical --relax --mt 2 -L xil_defaultlib -L unisims_ver -L unimacro_ver -L secureip --snapshot Start_Control_tb_behav xil_defaultlib.Start_Control_tb xil_defaultlib.glbl -log elaborate.log 
Using 2 slave threads.
Starting static elaboration
Pass Through NonSizing Optimizer
Completed static elaboration
Starting simulation data flow analysis
Completed simulation data flow analysis
Time Resolution for simulation is 1ps
Compiling module xil_defaultlib.Start_Control
Compiling module xil_defaultlib.Start_Control_tb
Compiling module xil_defaultlib.glbl
Built simulation snapshot Start_Control_tb_behav
INFO: [USF-XSim-69] 'elaborate' step finished in '1' seconds
INFO: [USF-XSim-4] XSim::Simulate design
INFO: [USF-XSim-61] Executing 'SIMULATE' step in 'C:/CSEE4280/GRP2ADD/FinalProject/MemVga/MemVga.sim/sim_1/behav/xsim'
INFO: [USF-XSim-98] *** Running xsim
   with args "Start_Control_tb_behav -key {Behavioral:sim_1:Functional:Start_Control_tb} -tclbatch {Start_Control_tb.tcl} -log {simulate.log}"
INFO: [USF-XSim-8] Loading simulator feature
Time resolution is 1 ps
source Start_Control_tb.tcl
# set curr_wave [current_wave_config]
# if { [string length $curr_wave] == 0 } {
#   if { [llength [get_objects]] > 0} {
#     add_wave /
#     set_property needs_save false [current_wave_config]
#   } else {
#      send_msg_id Add_Wave-1 WARNING "No top level signals found. Simulator will start without a wave window. If you want to open a wave window go to 'File->New Waveform Configuration' or type 'create_wave_config' in the TCL console."
#   }
# }
# log_wave -r /
# run 50000ns
error at test          4
error at test          5
Test has finished with 2 errors
INFO: [USF-XSim-96] XSim completed. Design snapshot 'Start_Control_tb_behav' loaded.
INFO: [USF-XSim-97] XSim simulation ran for 50000ns
launch_simulation: Time (s): cpu = 00:00:02 ; elapsed = 00:00:05 . Memory (MB): peak = 1586.117 ; gain = 0.000
WARNING: [filemgmt 56-199] Attempt to get parsing info during refresh. "On-the-fly" syntax checking information may be incorrect. [C:\CSEE4280\GRP2ADD\FinalProject\MemVga\MemVga.srcs\sim_1\new\Start_Control_tb.v:]
WARNING: [filemgmt 56-199] Attempt to get parsing info during refresh. "On-the-fly" syntax checking information may be incorrect. [C:\CSEE4280\GRP2ADD\FinalProject\Processing\Processing.srcs\sources_1\new\Start_Control.v:]
WARNING: [filemgmt 56-199] Attempt to get parsing info during refresh. "On-the-fly" syntax checking information may be incorrect. [C:\CSEE4280\GRP2ADD\FinalProject\MemVga\MemVga.srcs\sources_1\new\Control_And_Start.v:]
WARNING: [filemgmt 56-199] Attempt to get parsing info during refresh. "On-the-fly" syntax checking information may be incorrect. [C:\CSEE4280\GRP2ADD\FinalProject\MemVga\MemVga.srcs\sources_1\new\Start_Control.v:]
WARNING: [filemgmt 56-199] Attempt to get parsing info during refresh. "On-the-fly" syntax checking information may be incorrect. [C:\CSEE4280\GRP2ADD\FinalProject\MemVga\MemVga.srcs\sources_1\new\Control_And_Start.v:]
WARNING: [filemgmt 56-199] Attempt to get parsing info during refresh. "On-the-fly" syntax checking information may be incorrect. [C:\CSEE4280\GRP2ADD\FinalProject\MemVga\MemVga.srcs\sources_1\new\Control_And_Start.v:]
WARNING: [filemgmt 56-199] Attempt to get parsing info during refresh. "On-the-fly" syntax checking information may be incorrect. [C:\CSEE4280\GRP2ADD\FinalProject\MemVga\MemVga.srcs\sim_1\new\Start_Control_tb.v:]
WARNING: [filemgmt 56-199] Attempt to get parsing info during refresh. "On-the-fly" syntax checking information may be incorrect. [C:\CSEE4280\GRP2ADD\FinalProject\Processing\Processing.srcs\sources_1\new\Start_Control.v:]
WARNING: [filemgmt 56-199] Attempt to get parsing info during refresh. "On-the-fly" syntax checking information may be incorrect. [C:\CSEE4280\GRP2ADD\FinalProject\MemVga\MemVga.srcs\sources_1\new\Control_And_Start.v:]
WARNING: [filemgmt 56-199] Attempt to get parsing info during refresh. "On-the-fly" syntax checking information may be incorrect. [C:\CSEE4280\GRP2ADD\FinalProject\MemVga\MemVga.srcs\sources_1\new\Start_Control.v:]
WARNING: [filemgmt 56-199] Attempt to get parsing info during refresh. "On-the-fly" syntax checking information may be incorrect. [C:\CSEE4280\GRP2ADD\FinalProject\MemVga\MemVga.srcs\sim_1\new\Start_Control_tb.v:]
WARNING: [filemgmt 56-199] Attempt to get parsing info during refresh. "On-the-fly" syntax checking information may be incorrect. [C:\CSEE4280\GRP2ADD\FinalProject\MemVga\MemVga.srcs\sim_1\new\Start_Control_tb.v:]
close_sim
INFO: [Simtcl 6-16] Simulation closed
launch_simulation
Command: launch_simulation 
INFO: [Vivado 12-12493] Simulation top is 'Start_Control_tb'
WARNING: [Vivado 12-13340] Unable to auto find GCC executables from simulator install path! (path not set)
INFO: [Vivado 12-5682] Launching behavioral simulation in 'C:/CSEE4280/GRP2ADD/FinalProject/MemVga/MemVga.sim/sim_1/behav/xsim'
INFO: [SIM-utils-51] Simulation object is 'sim_1'
INFO: [SIM-utils-72] Using boost library from 'C:/Xilinx/Vivado/2024.2/tps/boost_1_72_0'
INFO: [SIM-utils-54] Inspecting design source files for 'Start_Control_tb' in fileset 'sim_1'...
INFO: [USF-XSim-97] Finding global include files...
INFO: [USF-XSim-98] Fetching design files from 'sim_1'...
INFO: [USF-XSim-2] XSim::Compile design
INFO: [USF-XSim-61] Executing 'COMPILE and ANALYZE' step in 'C:/CSEE4280/GRP2ADD/FinalProject/MemVga/MemVga.sim/sim_1/behav/xsim'
"xvlog --incr --relax -prj Start_Control_tb_vlog.prj"
INFO: [VRFC 10-2263] Analyzing Verilog file "C:/CSEE4280/GRP2ADD/FinalProject/Processing/Processing.srcs/sources_1/new/Start_Control.v" into library xil_defaultlib
INFO: [VRFC 10-311] analyzing module Start_Control
INFO: [VRFC 10-2263] Analyzing Verilog file "C:/CSEE4280/GRP2ADD/FinalProject/MemVga/MemVga.srcs/sim_1/new/Start_Control_tb.v" into library xil_defaultlib
INFO: [VRFC 10-311] analyzing module Start_Control_tb
INFO: [USF-XSim-69] 'compile' step finished in '1' seconds
INFO: [USF-XSim-3] XSim::Elaborate design
INFO: [USF-XSim-61] Executing 'ELABORATE' step in 'C:/CSEE4280/GRP2ADD/FinalProject/MemVga/MemVga.sim/sim_1/behav/xsim'
"xelab --incr --debug typical --relax --mt 2 -L xil_defaultlib -L unisims_ver -L unimacro_ver -L secureip --snapshot Start_Control_tb_behav xil_defaultlib.Start_Control_tb xil_defaultlib.glbl -log elaborate.log"
Vivado Simulator v2024.2.0
Copyright 1986-2022 Xilinx, Inc. All Rights Reserved.
Copyright 2022-2024 Advanced Micro Devices, Inc. All Rights Reserved.
Running: C:/Xilinx/Vivado/2024.2/bin/unwrapped/win64.o/xelab.exe --incr --debug typical --relax --mt 2 -L xil_defaultlib -L unisims_ver -L unimacro_ver -L secureip --snapshot Start_Control_tb_behav xil_defaultlib.Start_Control_tb xil_defaultlib.glbl -log elaborate.log 
Using 2 slave threads.
Starting static elaboration
Pass Through NonSizing Optimizer
Completed static elaboration
Starting simulation data flow analysis
Completed simulation data flow analysis
Time Resolution for simulation is 1ps
Compiling module xil_defaultlib.Start_Control
Compiling module xil_defaultlib.Start_Control_tb
Compiling module xil_defaultlib.glbl
Built simulation snapshot Start_Control_tb_behav
INFO: [USF-XSim-69] 'elaborate' step finished in '2' seconds
INFO: [USF-XSim-4] XSim::Simulate design
INFO: [USF-XSim-61] Executing 'SIMULATE' step in 'C:/CSEE4280/GRP2ADD/FinalProject/MemVga/MemVga.sim/sim_1/behav/xsim'
INFO: [USF-XSim-98] *** Running xsim
   with args "Start_Control_tb_behav -key {Behavioral:sim_1:Functional:Start_Control_tb} -tclbatch {Start_Control_tb.tcl} -log {simulate.log}"
INFO: [USF-XSim-8] Loading simulator feature
Time resolution is 1 ps
source Start_Control_tb.tcl
# set curr_wave [current_wave_config]
# if { [string length $curr_wave] == 0 } {
#   if { [llength [get_objects]] > 0} {
#     add_wave /
#     set_property needs_save false [current_wave_config]
#   } else {
#      send_msg_id Add_Wave-1 WARNING "No top level signals found. Simulator will start without a wave window. If you want to open a wave window go to 'File->New Waveform Configuration' or type 'create_wave_config' in the TCL console."
#   }
# }
# log_wave -r /
# run 50000ns
error at test          4
error at test          5
Test has finished with 2 errors
INFO: [USF-XSim-96] XSim completed. Design snapshot 'Start_Control_tb_behav' loaded.
INFO: [USF-XSim-97] XSim simulation ran for 50000ns
launch_simulation: Time (s): cpu = 00:00:02 ; elapsed = 00:00:05 . Memory (MB): peak = 2616.320 ; gain = 12.621
WARNING: [filemgmt 56-199] Attempt to get parsing info during refresh. "On-the-fly" syntax checking information may be incorrect. [C:\CSEE4280\GRP2ADD\FinalProject\MemVga\MemVga.srcs\sim_1\new\Start_Control_tb.v:]
WARNING: [filemgmt 56-199] Attempt to get parsing info during refresh. "On-the-fly" syntax checking information may be incorrect. [C:\CSEE4280\GRP2ADD\FinalProject\Processing\Processing.srcs\sources_1\new\Start_Control.v:]
WARNING: [filemgmt 56-199] Attempt to get parsing info during refresh. "On-the-fly" syntax checking information may be incorrect. [C:\CSEE4280\GRP2ADD\FinalProject\MemVga\MemVga.srcs\sources_1\new\Control_And_Start.v:]
WARNING: [filemgmt 56-199] Attempt to get parsing info during refresh. "On-the-fly" syntax checking information may be incorrect. [C:\CSEE4280\GRP2ADD\FinalProject\MemVga\MemVga.srcs\sources_1\new\Start_Control.v:]
WARNING: [filemgmt 56-199] Attempt to get parsing info during refresh. "On-the-fly" syntax checking information may be incorrect. [C:\CSEE4280\GRP2ADD\FinalProject\Processing\Processing.srcs\sources_1\new\Start_Control.v:]
WARNING: [filemgmt 56-199] Attempt to get parsing info during refresh. "On-the-fly" syntax checking information may be incorrect. [C:\CSEE4280\GRP2ADD\FinalProject\Processing\Processing.srcs\sources_1\new\Start_Control.v:]
WARNING: [filemgmt 56-199] Attempt to get parsing info during refresh. "On-the-fly" syntax checking information may be incorrect. [C:\CSEE4280\GRP2ADD\FinalProject\MemVga\MemVga.srcs\sim_1\new\Start_Control_tb.v:]
WARNING: [filemgmt 56-199] Attempt to get parsing info during refresh. "On-the-fly" syntax checking information may be incorrect. [C:\CSEE4280\GRP2ADD\FinalProject\Processing\Processing.srcs\sources_1\new\Start_Control.v:]
WARNING: [filemgmt 56-199] Attempt to get parsing info during refresh. "On-the-fly" syntax checking information may be incorrect. [C:\CSEE4280\GRP2ADD\FinalProject\MemVga\MemVga.srcs\sources_1\new\Control_And_Start.v:]
WARNING: [filemgmt 56-199] Attempt to get parsing info during refresh. "On-the-fly" syntax checking information may be incorrect. [C:\CSEE4280\GRP2ADD\FinalProject\MemVga\MemVga.srcs\sources_1\new\Start_Control.v:]
WARNING: [filemgmt 56-199] Attempt to get parsing info during refresh. "On-the-fly" syntax checking information may be incorrect. [C:\CSEE4280\GRP2ADD\FinalProject\MemVga\MemVga.srcs\sources_1\new\Control_And_Start.v:]
WARNING: [filemgmt 56-199] Attempt to get parsing info during refresh. "On-the-fly" syntax checking information may be incorrect. [C:\CSEE4280\GRP2ADD\FinalProject\MemVga\MemVga.srcs\sources_1\new\Control_And_Start.v:]
close_sim
INFO: [Simtcl 6-16] Simulation closed
launch_simulation
Command: launch_simulation 
INFO: [Vivado 12-12493] Simulation top is 'Start_Control_tb'
WARNING: [Vivado 12-13340] Unable to auto find GCC executables from simulator install path! (path not set)
INFO: [Vivado 12-5682] Launching behavioral simulation in 'C:/CSEE4280/GRP2ADD/FinalProject/MemVga/MemVga.sim/sim_1/behav/xsim'
INFO: [SIM-utils-51] Simulation object is 'sim_1'
INFO: [SIM-utils-72] Using boost library from 'C:/Xilinx/Vivado/2024.2/tps/boost_1_72_0'
INFO: [SIM-utils-54] Inspecting design source files for 'Start_Control_tb' in fileset 'sim_1'...
INFO: [USF-XSim-97] Finding global include files...
INFO: [USF-XSim-98] Fetching design files from 'sim_1'...
INFO: [USF-XSim-2] XSim::Compile design
INFO: [USF-XSim-61] Executing 'COMPILE and ANALYZE' step in 'C:/CSEE4280/GRP2ADD/FinalProject/MemVga/MemVga.sim/sim_1/behav/xsim'
"xvlog --incr --relax -prj Start_Control_tb_vlog.prj"
INFO: [VRFC 10-2263] Analyzing Verilog file "C:/CSEE4280/GRP2ADD/FinalProject/Processing/Processing.srcs/sources_1/new/Start_Control.v" into library xil_defaultlib
INFO: [VRFC 10-311] analyzing module Start_Control
INFO: [VRFC 10-2263] Analyzing Verilog file "C:/CSEE4280/GRP2ADD/FinalProject/MemVga/MemVga.srcs/sim_1/new/Start_Control_tb.v" into library xil_defaultlib
INFO: [VRFC 10-311] analyzing module Start_Control_tb
INFO: [USF-XSim-69] 'compile' step finished in '1' seconds
INFO: [USF-XSim-3] XSim::Elaborate design
INFO: [USF-XSim-61] Executing 'ELABORATE' step in 'C:/CSEE4280/GRP2ADD/FinalProject/MemVga/MemVga.sim/sim_1/behav/xsim'
"xelab --incr --debug typical --relax --mt 2 -L xil_defaultlib -L unisims_ver -L unimacro_ver -L secureip --snapshot Start_Control_tb_behav xil_defaultlib.Start_Control_tb xil_defaultlib.glbl -log elaborate.log"
Vivado Simulator v2024.2.0
Copyright 1986-2022 Xilinx, Inc. All Rights Reserved.
Copyright 2022-2024 Advanced Micro Devices, Inc. All Rights Reserved.
Running: C:/Xilinx/Vivado/2024.2/bin/unwrapped/win64.o/xelab.exe --incr --debug typical --relax --mt 2 -L xil_defaultlib -L unisims_ver -L unimacro_ver -L secureip --snapshot Start_Control_tb_behav xil_defaultlib.Start_Control_tb xil_defaultlib.glbl -log elaborate.log 
Using 2 slave threads.
Starting static elaboration
Pass Through NonSizing Optimizer
Completed static elaboration
Starting simulation data flow analysis
Completed simulation data flow analysis
Time Resolution for simulation is 1ps
Compiling module xil_defaultlib.Start_Control
Compiling module xil_defaultlib.Start_Control_tb
Compiling module xil_defaultlib.glbl
Built simulation snapshot Start_Control_tb_behav
INFO: [USF-XSim-69] 'elaborate' step finished in '2' seconds
INFO: [USF-XSim-4] XSim::Simulate design
INFO: [USF-XSim-61] Executing 'SIMULATE' step in 'C:/CSEE4280/GRP2ADD/FinalProject/MemVga/MemVga.sim/sim_1/behav/xsim'
INFO: [USF-XSim-98] *** Running xsim
   with args "Start_Control_tb_behav -key {Behavioral:sim_1:Functional:Start_Control_tb} -tclbatch {Start_Control_tb.tcl} -log {simulate.log}"
INFO: [USF-XSim-8] Loading simulator feature
Time resolution is 1 ps
source Start_Control_tb.tcl
# set curr_wave [current_wave_config]
# if { [string length $curr_wave] == 0 } {
#   if { [llength [get_objects]] > 0} {
#     add_wave /
#     set_property needs_save false [current_wave_config]
#   } else {
#      send_msg_id Add_Wave-1 WARNING "No top level signals found. Simulator will start without a wave window. If you want to open a wave window go to 'File->New Waveform Configuration' or type 'create_wave_config' in the TCL console."
#   }
# }
# log_wave -r /
# run 50000ns
error at test          6
Test has finished with 1 errors
INFO: [USF-XSim-96] XSim completed. Design snapshot 'Start_Control_tb_behav' loaded.
INFO: [USF-XSim-97] XSim simulation ran for 50000ns
launch_simulation: Time (s): cpu = 00:00:02 ; elapsed = 00:00:05 . Memory (MB): peak = 2616.320 ; gain = 0.000
WARNING: [filemgmt 56-199] Attempt to get parsing info during refresh. "On-the-fly" syntax checking information may be incorrect. [C:\CSEE4280\GRP2ADD\FinalProject\MemVga\MemVga.srcs\sim_1\new\Start_Control_tb.v:]
WARNING: [filemgmt 56-199] Attempt to get parsing info during refresh. "On-the-fly" syntax checking information may be incorrect. [C:\CSEE4280\GRP2ADD\FinalProject\Processing\Processing.srcs\sources_1\new\Start_Control.v:]
WARNING: [filemgmt 56-199] Attempt to get parsing info during refresh. "On-the-fly" syntax checking information may be incorrect. [C:\CSEE4280\GRP2ADD\FinalProject\MemVga\MemVga.srcs\sources_1\new\Control_And_Start.v:]
WARNING: [filemgmt 56-199] Attempt to get parsing info during refresh. "On-the-fly" syntax checking information may be incorrect. [C:\CSEE4280\GRP2ADD\FinalProject\MemVga\MemVga.srcs\sources_1\new\Start_Control.v:]
WARNING: [filemgmt 56-199] Attempt to get parsing info during refresh. "On-the-fly" syntax checking information may be incorrect. [C:\CSEE4280\GRP2ADD\FinalProject\Processing\Processing.srcs\sources_1\new\Start_Control.v:]
WARNING: [filemgmt 56-199] Attempt to get parsing info during refresh. "On-the-fly" syntax checking information may be incorrect. [C:\CSEE4280\GRP2ADD\FinalProject\Processing\Processing.srcs\sources_1\new\Start_Control.v:]
WARNING: [filemgmt 56-199] Attempt to get parsing info during refresh. "On-the-fly" syntax checking information may be incorrect. [C:\CSEE4280\GRP2ADD\FinalProject\MemVga\MemVga.srcs\sim_1\new\Start_Control_tb.v:]
WARNING: [filemgmt 56-199] Attempt to get parsing info during refresh. "On-the-fly" syntax checking information may be incorrect. [C:\CSEE4280\GRP2ADD\FinalProject\Processing\Processing.srcs\sources_1\new\Start_Control.v:]
WARNING: [filemgmt 56-199] Attempt to get parsing info during refresh. "On-the-fly" syntax checking information may be incorrect. [C:\CSEE4280\GRP2ADD\FinalProject\MemVga\MemVga.srcs\sources_1\new\Control_And_Start.v:]
WARNING: [filemgmt 56-199] Attempt to get parsing info during refresh. "On-the-fly" syntax checking information may be incorrect. [C:\CSEE4280\GRP2ADD\FinalProject\MemVga\MemVga.srcs\sources_1\new\Start_Control.v:]
WARNING: [filemgmt 56-199] Attempt to get parsing info during refresh. "On-the-fly" syntax checking information may be incorrect. [C:\CSEE4280\GRP2ADD\FinalProject\MemVga\MemVga.srcs\sim_1\new\Start_Control_tb.v:]
WARNING: [filemgmt 56-199] Attempt to get parsing info during refresh. "On-the-fly" syntax checking information may be incorrect. [C:\CSEE4280\GRP2ADD\FinalProject\MemVga\MemVga.srcs\sim_1\new\Start_Control_tb.v:]
close_sim
INFO: [Simtcl 6-16] Simulation closed
launch_simulation
Command: launch_simulation 
INFO: [Vivado 12-12493] Simulation top is 'Start_Control_tb'
WARNING: [Vivado 12-13340] Unable to auto find GCC executables from simulator install path! (path not set)
INFO: [Vivado 12-5682] Launching behavioral simulation in 'C:/CSEE4280/GRP2ADD/FinalProject/MemVga/MemVga.sim/sim_1/behav/xsim'
INFO: [SIM-utils-51] Simulation object is 'sim_1'
INFO: [SIM-utils-72] Using boost library from 'C:/Xilinx/Vivado/2024.2/tps/boost_1_72_0'
INFO: [SIM-utils-54] Inspecting design source files for 'Start_Control_tb' in fileset 'sim_1'...
INFO: [USF-XSim-97] Finding global include files...
INFO: [USF-XSim-98] Fetching design files from 'sim_1'...
INFO: [USF-XSim-2] XSim::Compile design
INFO: [USF-XSim-61] Executing 'COMPILE and ANALYZE' step in 'C:/CSEE4280/GRP2ADD/FinalProject/MemVga/MemVga.sim/sim_1/behav/xsim'
"xvlog --incr --relax -prj Start_Control_tb_vlog.prj"
INFO: [VRFC 10-2263] Analyzing Verilog file "C:/CSEE4280/GRP2ADD/FinalProject/Processing/Processing.srcs/sources_1/new/Start_Control.v" into library xil_defaultlib
INFO: [VRFC 10-311] analyzing module Start_Control
INFO: [VRFC 10-2263] Analyzing Verilog file "C:/CSEE4280/GRP2ADD/FinalProject/MemVga/MemVga.srcs/sim_1/new/Start_Control_tb.v" into library xil_defaultlib
INFO: [VRFC 10-311] analyzing module Start_Control_tb
INFO: [USF-XSim-69] 'compile' step finished in '1' seconds
INFO: [USF-XSim-3] XSim::Elaborate design
INFO: [USF-XSim-61] Executing 'ELABORATE' step in 'C:/CSEE4280/GRP2ADD/FinalProject/MemVga/MemVga.sim/sim_1/behav/xsim'
"xelab --incr --debug typical --relax --mt 2 -L xil_defaultlib -L unisims_ver -L unimacro_ver -L secureip --snapshot Start_Control_tb_behav xil_defaultlib.Start_Control_tb xil_defaultlib.glbl -log elaborate.log"
Vivado Simulator v2024.2.0
Copyright 1986-2022 Xilinx, Inc. All Rights Reserved.
Copyright 2022-2024 Advanced Micro Devices, Inc. All Rights Reserved.
Running: C:/Xilinx/Vivado/2024.2/bin/unwrapped/win64.o/xelab.exe --incr --debug typical --relax --mt 2 -L xil_defaultlib -L unisims_ver -L unimacro_ver -L secureip --snapshot Start_Control_tb_behav xil_defaultlib.Start_Control_tb xil_defaultlib.glbl -log elaborate.log 
Using 2 slave threads.
Starting static elaboration
Pass Through NonSizing Optimizer
Completed static elaboration
Starting simulation data flow analysis
Completed simulation data flow analysis
Time Resolution for simulation is 1ps
Compiling module xil_defaultlib.Start_Control
Compiling module xil_defaultlib.Start_Control_tb
Compiling module xil_defaultlib.glbl
Built simulation snapshot Start_Control_tb_behav
INFO: [USF-XSim-69] 'elaborate' step finished in '2' seconds
INFO: [USF-XSim-4] XSim::Simulate design
INFO: [USF-XSim-61] Executing 'SIMULATE' step in 'C:/CSEE4280/GRP2ADD/FinalProject/MemVga/MemVga.sim/sim_1/behav/xsim'
INFO: [USF-XSim-98] *** Running xsim
   with args "Start_Control_tb_behav -key {Behavioral:sim_1:Functional:Start_Control_tb} -tclbatch {Start_Control_tb.tcl} -log {simulate.log}"
INFO: [USF-XSim-8] Loading simulator feature
Time resolution is 1 ps
source Start_Control_tb.tcl
# set curr_wave [current_wave_config]
# if { [string length $curr_wave] == 0 } {
#   if { [llength [get_objects]] > 0} {
#     add_wave /
#     set_property needs_save false [current_wave_config]
#   } else {
#      send_msg_id Add_Wave-1 WARNING "No top level signals found. Simulator will start without a wave window. If you want to open a wave window go to 'File->New Waveform Configuration' or type 'create_wave_config' in the TCL console."
#   }
# }
# log_wave -r /
# run 50000ns
error at test          6
Test has finished with 1 errors
INFO: [USF-XSim-96] XSim completed. Design snapshot 'Start_Control_tb_behav' loaded.
INFO: [USF-XSim-97] XSim simulation ran for 50000ns
launch_simulation: Time (s): cpu = 00:00:03 ; elapsed = 00:00:05 . Memory (MB): peak = 2616.320 ; gain = 0.000
WARNING: [filemgmt 56-199] Attempt to get parsing info during refresh. "On-the-fly" syntax checking information may be incorrect. [C:\CSEE4280\GRP2ADD\FinalProject\MemVga\MemVga.srcs\sim_1\new\Start_Control_tb.v:]
WARNING: [filemgmt 56-199] Attempt to get parsing info during refresh. "On-the-fly" syntax checking information may be incorrect. [C:\CSEE4280\GRP2ADD\FinalProject\Processing\Processing.srcs\sources_1\new\Start_Control.v:]
WARNING: [filemgmt 56-199] Attempt to get parsing info during refresh. "On-the-fly" syntax checking information may be incorrect. [C:\CSEE4280\GRP2ADD\FinalProject\MemVga\MemVga.srcs\sources_1\new\Control_And_Start.v:]
WARNING: [filemgmt 56-199] Attempt to get parsing info during refresh. "On-the-fly" syntax checking information may be incorrect. [C:\CSEE4280\GRP2ADD\FinalProject\MemVga\MemVga.srcs\sources_1\new\Start_Control.v:]
WARNING: [filemgmt 56-199] Attempt to get parsing info during refresh. "On-the-fly" syntax checking information may be incorrect. [C:\CSEE4280\GRP2ADD\FinalProject\Processing\Processing.srcs\sources_1\new\Start_Control.v:]
WARNING: [filemgmt 56-199] Attempt to get parsing info during refresh. "On-the-fly" syntax checking information may be incorrect. [C:\CSEE4280\GRP2ADD\FinalProject\Processing\Processing.srcs\sources_1\new\Start_Control.v:]
WARNING: [filemgmt 56-199] Attempt to get parsing info during refresh. "On-the-fly" syntax checking information may be incorrect. [C:\CSEE4280\GRP2ADD\FinalProject\MemVga\MemVga.srcs\sim_1\new\Start_Control_tb.v:]
WARNING: [filemgmt 56-199] Attempt to get parsing info during refresh. "On-the-fly" syntax checking information may be incorrect. [C:\CSEE4280\GRP2ADD\FinalProject\Processing\Processing.srcs\sources_1\new\Start_Control.v:]
WARNING: [filemgmt 56-199] Attempt to get parsing info during refresh. "On-the-fly" syntax checking information may be incorrect. [C:\CSEE4280\GRP2ADD\FinalProject\MemVga\MemVga.srcs\sources_1\new\Control_And_Start.v:]
WARNING: [filemgmt 56-199] Attempt to get parsing info during refresh. "On-the-fly" syntax checking information may be incorrect. [C:\CSEE4280\GRP2ADD\FinalProject\MemVga\MemVga.srcs\sources_1\new\Start_Control.v:]
WARNING: [filemgmt 56-199] Attempt to get parsing info during refresh. "On-the-fly" syntax checking information may be incorrect. [C:\CSEE4280\GRP2ADD\FinalProject\MemVga\MemVga.srcs\sim_1\new\Start_Control_tb.v:]
WARNING: [filemgmt 56-199] Attempt to get parsing info during refresh. "On-the-fly" syntax checking information may be incorrect. [C:\CSEE4280\GRP2ADD\FinalProject\MemVga\MemVga.srcs\sim_1\new\Start_Control_tb.v:]
close_sim
INFO: [Simtcl 6-16] Simulation closed
launch_simulation
Command: launch_simulation 
INFO: [Vivado 12-12493] Simulation top is 'Start_Control_tb'
WARNING: [Vivado 12-13340] Unable to auto find GCC executables from simulator install path! (path not set)
INFO: [Vivado 12-5682] Launching behavioral simulation in 'C:/CSEE4280/GRP2ADD/FinalProject/MemVga/MemVga.sim/sim_1/behav/xsim'
INFO: [SIM-utils-51] Simulation object is 'sim_1'
INFO: [SIM-utils-72] Using boost library from 'C:/Xilinx/Vivado/2024.2/tps/boost_1_72_0'
INFO: [SIM-utils-54] Inspecting design source files for 'Start_Control_tb' in fileset 'sim_1'...
INFO: [USF-XSim-97] Finding global include files...
INFO: [USF-XSim-98] Fetching design files from 'sim_1'...
INFO: [USF-XSim-2] XSim::Compile design
INFO: [USF-XSim-61] Executing 'COMPILE and ANALYZE' step in 'C:/CSEE4280/GRP2ADD/FinalProject/MemVga/MemVga.sim/sim_1/behav/xsim'
"xvlog --incr --relax -prj Start_Control_tb_vlog.prj"
INFO: [VRFC 10-2263] Analyzing Verilog file "C:/CSEE4280/GRP2ADD/FinalProject/Processing/Processing.srcs/sources_1/new/Start_Control.v" into library xil_defaultlib
INFO: [VRFC 10-311] analyzing module Start_Control
INFO: [VRFC 10-2263] Analyzing Verilog file "C:/CSEE4280/GRP2ADD/FinalProject/MemVga/MemVga.srcs/sim_1/new/Start_Control_tb.v" into library xil_defaultlib
INFO: [VRFC 10-311] analyzing module Start_Control_tb
INFO: [USF-XSim-69] 'compile' step finished in '1' seconds
INFO: [USF-XSim-3] XSim::Elaborate design
INFO: [USF-XSim-61] Executing 'ELABORATE' step in 'C:/CSEE4280/GRP2ADD/FinalProject/MemVga/MemVga.sim/sim_1/behav/xsim'
"xelab --incr --debug typical --relax --mt 2 -L xil_defaultlib -L unisims_ver -L unimacro_ver -L secureip --snapshot Start_Control_tb_behav xil_defaultlib.Start_Control_tb xil_defaultlib.glbl -log elaborate.log"
Vivado Simulator v2024.2.0
Copyright 1986-2022 Xilinx, Inc. All Rights Reserved.
Copyright 2022-2024 Advanced Micro Devices, Inc. All Rights Reserved.
Running: C:/Xilinx/Vivado/2024.2/bin/unwrapped/win64.o/xelab.exe --incr --debug typical --relax --mt 2 -L xil_defaultlib -L unisims_ver -L unimacro_ver -L secureip --snapshot Start_Control_tb_behav xil_defaultlib.Start_Control_tb xil_defaultlib.glbl -log elaborate.log 
Using 2 slave threads.
Starting static elaboration
Pass Through NonSizing Optimizer
Completed static elaboration
Starting simulation data flow analysis
Completed simulation data flow analysis
Time Resolution for simulation is 1ps
Compiling module xil_defaultlib.Start_Control
Compiling module xil_defaultlib.Start_Control_tb
Compiling module xil_defaultlib.glbl
Built simulation snapshot Start_Control_tb_behav
INFO: [USF-XSim-69] 'elaborate' step finished in '1' seconds
INFO: [USF-XSim-4] XSim::Simulate design
INFO: [USF-XSim-61] Executing 'SIMULATE' step in 'C:/CSEE4280/GRP2ADD/FinalProject/MemVga/MemVga.sim/sim_1/behav/xsim'
INFO: [USF-XSim-98] *** Running xsim
   with args "Start_Control_tb_behav -key {Behavioral:sim_1:Functional:Start_Control_tb} -tclbatch {Start_Control_tb.tcl} -log {simulate.log}"
INFO: [USF-XSim-8] Loading simulator feature
Time resolution is 1 ps
source Start_Control_tb.tcl
# set curr_wave [current_wave_config]
# if { [string length $curr_wave] == 0 } {
#   if { [llength [get_objects]] > 0} {
#     add_wave /
#     set_property needs_save false [current_wave_config]
#   } else {
#      send_msg_id Add_Wave-1 WARNING "No top level signals found. Simulator will start without a wave window. If you want to open a wave window go to 'File->New Waveform Configuration' or type 'create_wave_config' in the TCL console."
#   }
# }
# log_wave -r /
# run 50000ns
Test has finished with 0 errors
INFO: [USF-XSim-96] XSim completed. Design snapshot 'Start_Control_tb_behav' loaded.
INFO: [USF-XSim-97] XSim simulation ran for 50000ns
launch_simulation: Time (s): cpu = 00:00:02 ; elapsed = 00:00:05 . Memory (MB): peak = 2616.320 ; gain = 0.000
WARNING: [filemgmt 56-199] Attempt to get parsing info during refresh. "On-the-fly" syntax checking information may be incorrect. [C:\CSEE4280\GRP2ADD\FinalProject\MemVga\MemVga.srcs\sim_1\new\Start_Control_tb.v:]
WARNING: [filemgmt 56-199] Attempt to get parsing info during refresh. "On-the-fly" syntax checking information may be incorrect. [C:\CSEE4280\GRP2ADD\FinalProject\Processing\Processing.srcs\sources_1\new\Start_Control.v:]
WARNING: [filemgmt 56-199] Attempt to get parsing info during refresh. "On-the-fly" syntax checking information may be incorrect. [C:\CSEE4280\GRP2ADD\FinalProject\MemVga\MemVga.srcs\sources_1\new\Control_And_Start.v:]
WARNING: [filemgmt 56-199] Attempt to get parsing info during refresh. "On-the-fly" syntax checking information may be incorrect. [C:\CSEE4280\GRP2ADD\FinalProject\MemVga\MemVga.srcs\sources_1\new\Start_Control.v:]
WARNING: [filemgmt 56-199] Attempt to get parsing info during refresh. "On-the-fly" syntax checking information may be incorrect. [C:\CSEE4280\GRP2ADD\FinalProject\Processing\Processing.srcs\sources_1\new\Start_Control.v:]
WARNING: [filemgmt 56-199] Attempt to get parsing info during refresh. "On-the-fly" syntax checking information may be incorrect. [C:\CSEE4280\GRP2ADD\FinalProject\Processing\Processing.srcs\sources_1\new\Start_Control.v:]
WARNING: [filemgmt 56-199] Attempt to get parsing info during refresh. "On-the-fly" syntax checking information may be incorrect. [C:\CSEE4280\GRP2ADD\FinalProject\MemVga\MemVga.srcs\sim_1\new\Start_Control_tb.v:]
WARNING: [filemgmt 56-199] Attempt to get parsing info during refresh. "On-the-fly" syntax checking information may be incorrect. [C:\CSEE4280\GRP2ADD\FinalProject\Processing\Processing.srcs\sources_1\new\Start_Control.v:]
WARNING: [filemgmt 56-199] Attempt to get parsing info during refresh. "On-the-fly" syntax checking information may be incorrect. [C:\CSEE4280\GRP2ADD\FinalProject\MemVga\MemVga.srcs\sources_1\new\Control_And_Start.v:]
WARNING: [filemgmt 56-199] Attempt to get parsing info during refresh. "On-the-fly" syntax checking information may be incorrect. [C:\CSEE4280\GRP2ADD\FinalProject\MemVga\MemVga.srcs\sources_1\new\Start_Control.v:]
WARNING: [filemgmt 56-199] Attempt to get parsing info during refresh. "On-the-fly" syntax checking information may be incorrect. [C:\CSEE4280\GRP2ADD\FinalProject\MemVga\MemVga.srcs\sim_1\new\Start_Control_tb.v:]
WARNING: [filemgmt 56-199] Attempt to get parsing info during refresh. "On-the-fly" syntax checking information may be incorrect. [C:\CSEE4280\GRP2ADD\FinalProject\MemVga\MemVga.srcs\sim_1\new\Start_Control_tb.v:]
update_compile_order -fileset sources_1
WARNING: [filemgmt 56-199] Attempt to get parsing info during refresh. "On-the-fly" syntax checking information may be incorrect. [C:\CSEE4280\GRP2ADD\FinalProject\MemVga\MemVga.srcs\sim_1\new\Start_Control_tb.v:]
WARNING: [filemgmt 56-199] Attempt to get parsing info during refresh. "On-the-fly" syntax checking information may be incorrect. [C:\CSEE4280\GRP2ADD\FinalProject\Processing\Processing.srcs\sources_1\new\Start_Control.v:]
WARNING: [filemgmt 56-199] Attempt to get parsing info during refresh. "On-the-fly" syntax checking information may be incorrect. [C:\CSEE4280\GRP2ADD\FinalProject\MemVga\MemVga.srcs\sources_1\new\Control_And_Start.v:]
WARNING: [filemgmt 56-199] Attempt to get parsing info during refresh. "On-the-fly" syntax checking information may be incorrect. [C:\CSEE4280\GRP2ADD\FinalProject\MemVga\MemVga.srcs\sources_1\new\Start_Control.v:]
WARNING: [filemgmt 56-199] Attempt to get parsing info during refresh. "On-the-fly" syntax checking information may be incorrect. [C:\CSEE4280\GRP2ADD\FinalProject\Processing\Processing.srcs\sources_1\new\Start_Control.v:]
WARNING: [filemgmt 56-199] Attempt to get parsing info during refresh. "On-the-fly" syntax checking information may be incorrect. [C:\CSEE4280\GRP2ADD\FinalProject\Processing\Processing.srcs\sources_1\new\Start_Control.v:]
WARNING: [filemgmt 56-199] Attempt to get parsing info during refresh. "On-the-fly" syntax checking information may be incorrect. [C:\CSEE4280\GRP2ADD\FinalProject\MemVga\MemVga.srcs\sim_1\new\Start_Control_tb.v:]
WARNING: [filemgmt 56-199] Attempt to get parsing info during refresh. "On-the-fly" syntax checking information may be incorrect. [C:\CSEE4280\GRP2ADD\FinalProject\Processing\Processing.srcs\sources_1\new\Start_Control.v:]
WARNING: [filemgmt 56-199] Attempt to get parsing info during refresh. "On-the-fly" syntax checking information may be incorrect. [C:\CSEE4280\GRP2ADD\FinalProject\MemVga\MemVga.srcs\sources_1\new\Control_And_Start.v:]
WARNING: [filemgmt 56-199] Attempt to get parsing info during refresh. "On-the-fly" syntax checking information may be incorrect. [C:\CSEE4280\GRP2ADD\FinalProject\MemVga\MemVga.srcs\sources_1\new\Start_Control.v:]
WARNING: [filemgmt 56-199] Attempt to get parsing info during refresh. "On-the-fly" syntax checking information may be incorrect. [C:\CSEE4280\GRP2ADD\FinalProject\MemVga\MemVga.srcs\sim_1\new\Start_Control_tb.v:]
WARNING: [filemgmt 56-199] Attempt to get parsing info during refresh. "On-the-fly" syntax checking information may be incorrect. [C:\CSEE4280\GRP2ADD\FinalProject\MemVga\MemVga.srcs\sim_1\new\Start_Control_tb.v:]
close [ open C:/CSEE4280/GRP2ADD/FinalProject/MemVga/MemVga.srcs/sources_1/new/Keep_Going.v w ]
add_files C:/CSEE4280/GRP2ADD/FinalProject/MemVga/MemVga.srcs/sources_1/new/Keep_Going.v
WARNING: [filemgmt 56-199] Attempt to get parsing info during refresh. "On-the-fly" syntax checking information may be incorrect. [C:\CSEE4280\GRP2ADD\FinalProject\MemVga\MemVga.srcs\sim_1\new\Start_Control_tb.v:]
WARNING: [filemgmt 56-199] Attempt to get parsing info during refresh. "On-the-fly" syntax checking information may be incorrect. [C:\CSEE4280\GRP2ADD\FinalProject\Processing\Processing.srcs\sources_1\new\Start_Control.v:]
WARNING: [filemgmt 56-199] Attempt to get parsing info during refresh. "On-the-fly" syntax checking information may be incorrect. [C:\CSEE4280\GRP2ADD\FinalProject\MemVga\MemVga.srcs\sources_1\new\Control_And_Start.v:]
WARNING: [filemgmt 56-199] Attempt to get parsing info during refresh. "On-the-fly" syntax checking information may be incorrect. [C:\CSEE4280\GRP2ADD\FinalProject\MemVga\MemVga.srcs\sources_1\new\Start_Control.v:]
WARNING: [filemgmt 56-199] Attempt to get parsing info during refresh. "On-the-fly" syntax checking information may be incorrect. [C:\CSEE4280\GRP2ADD\FinalProject\MemVga\MemVga.srcs\sim_1\new\Start_Control_tb.v:]
WARNING: [filemgmt 56-199] Attempt to get parsing info during refresh. "On-the-fly" syntax checking information may be incorrect. [C:\CSEE4280\GRP2ADD\FinalProject\MemVga\MemVga.srcs\sim_1\new\Start_Control_tb.v:]
WARNING: [filemgmt 56-199] Attempt to get parsing info during refresh. "On-the-fly" syntax checking information may be incorrect. [C:\CSEE4280\GRP2ADD\FinalProject\MemVga\MemVga.srcs\sim_1\new\Start_Control_tb.v:]
WARNING: [filemgmt 56-199] Attempt to get parsing info during refresh. "On-the-fly" syntax checking information may be incorrect. [C:\CSEE4280\GRP2ADD\FinalProject\Processing\Processing.srcs\sources_1\new\Start_Control.v:]
WARNING: [filemgmt 56-199] Attempt to get parsing info during refresh. "On-the-fly" syntax checking information may be incorrect. [C:\CSEE4280\GRP2ADD\FinalProject\MemVga\MemVga.srcs\sources_1\new\Control_And_Start.v:]
WARNING: [filemgmt 56-199] Attempt to get parsing info during refresh. "On-the-fly" syntax checking information may be incorrect. [C:\CSEE4280\GRP2ADD\FinalProject\MemVga\MemVga.srcs\sources_1\new\Start_Control.v:]
WARNING: [filemgmt 56-199] Attempt to get parsing info during refresh. "On-the-fly" syntax checking information may be incorrect. [C:\CSEE4280\GRP2ADD\FinalProject\Processing\Processing.srcs\sources_1\new\Start_Control.v:]
WARNING: [filemgmt 56-199] Attempt to get parsing info during refresh. "On-the-fly" syntax checking information may be incorrect. [C:\CSEE4280\GRP2ADD\FinalProject\Processing\Processing.srcs\sources_1\new\Start_Control.v:]
update_compile_order -fileset sources_1
WARNING: [filemgmt 56-199] Attempt to get parsing info during refresh. "On-the-fly" syntax checking information may be incorrect. [C:\CSEE4280\GRP2ADD\FinalProject\MemVga\MemVga.srcs\sim_1\new\Start_Control_tb.v:]
WARNING: [filemgmt 56-199] Attempt to get parsing info during refresh. "On-the-fly" syntax checking information may be incorrect. [C:\CSEE4280\GRP2ADD\FinalProject\Processing\Processing.srcs\sources_1\new\Start_Control.v:]
WARNING: [filemgmt 56-199] Attempt to get parsing info during refresh. "On-the-fly" syntax checking information may be incorrect. [C:\CSEE4280\GRP2ADD\FinalProject\MemVga\MemVga.srcs\sources_1\new\Control_And_Start.v:]
WARNING: [filemgmt 56-199] Attempt to get parsing info during refresh. "On-the-fly" syntax checking information may be incorrect. [C:\CSEE4280\GRP2ADD\FinalProject\MemVga\MemVga.srcs\sources_1\new\Start_Control.v:]
WARNING: [filemgmt 56-199] Attempt to get parsing info during refresh. "On-the-fly" syntax checking information may be incorrect. [C:\CSEE4280\GRP2ADD\FinalProject\Processing\Processing.srcs\sources_1\new\Start_Control.v:]
WARNING: [filemgmt 56-199] Attempt to get parsing info during refresh. "On-the-fly" syntax checking information may be incorrect. [C:\CSEE4280\GRP2ADD\FinalProject\Processing\Processing.srcs\sources_1\new\Start_Control.v:]
close [ open C:/CSEE4280/GRP2ADD/FinalProject/MemVga/MemVga.srcs/sources_1/new/KeepGoing_Control.v w ]
add_files C:/CSEE4280/GRP2ADD/FinalProject/MemVga/MemVga.srcs/sources_1/new/KeepGoing_Control.v
WARNING: [filemgmt 56-199] Attempt to get parsing info during refresh. "On-the-fly" syntax checking information may be incorrect. [C:\CSEE4280\GRP2ADD\FinalProject\MemVga\MemVga.srcs\sim_1\new\Start_Control_tb.v:]
WARNING: [filemgmt 56-199] Attempt to get parsing info during refresh. "On-the-fly" syntax checking information may be incorrect. [C:\CSEE4280\GRP2ADD\FinalProject\Processing\Processing.srcs\sources_1\new\Start_Control.v:]
WARNING: [filemgmt 56-199] Attempt to get parsing info during refresh. "On-the-fly" syntax checking information may be incorrect. [C:\CSEE4280\GRP2ADD\FinalProject\MemVga\MemVga.srcs\sources_1\new\Control_And_Start.v:]
WARNING: [filemgmt 56-199] Attempt to get parsing info during refresh. "On-the-fly" syntax checking information may be incorrect. [C:\CSEE4280\GRP2ADD\FinalProject\MemVga\MemVga.srcs\sources_1\new\Start_Control.v:]
WARNING: [filemgmt 56-199] Attempt to get parsing info during refresh. "On-the-fly" syntax checking information may be incorrect. [C:\CSEE4280\GRP2ADD\FinalProject\Processing\Processing.srcs\sources_1\new\Start_Control.v:]
WARNING: [filemgmt 56-199] Attempt to get parsing info during refresh. "On-the-fly" syntax checking information may be incorrect. [C:\CSEE4280\GRP2ADD\FinalProject\Processing\Processing.srcs\sources_1\new\Start_Control.v:]
WARNING: [filemgmt 56-199] Attempt to get parsing info during refresh. "On-the-fly" syntax checking information may be incorrect. [C:\CSEE4280\GRP2ADD\FinalProject\MemVga\MemVga.srcs\sim_1\new\Start_Control_tb.v:]
WARNING: [filemgmt 56-199] Attempt to get parsing info during refresh. "On-the-fly" syntax checking information may be incorrect. [C:\CSEE4280\GRP2ADD\FinalProject\Processing\Processing.srcs\sources_1\new\Start_Control.v:]
WARNING: [filemgmt 56-199] Attempt to get parsing info during refresh. "On-the-fly" syntax checking information may be incorrect. [C:\CSEE4280\GRP2ADD\FinalProject\MemVga\MemVga.srcs\sources_1\new\Control_And_Start.v:]
WARNING: [filemgmt 56-199] Attempt to get parsing info during refresh. "On-the-fly" syntax checking information may be incorrect. [C:\CSEE4280\GRP2ADD\FinalProject\MemVga\MemVga.srcs\sources_1\new\Start_Control.v:]
WARNING: [filemgmt 56-199] Attempt to get parsing info during refresh. "On-the-fly" syntax checking information may be incorrect. [C:\CSEE4280\GRP2ADD\FinalProject\MemVga\MemVga.srcs\sources_1\new\Control_And_Start.v:]
WARNING: [filemgmt 56-199] Attempt to get parsing info during refresh. "On-the-fly" syntax checking information may be incorrect. [C:\CSEE4280\GRP2ADD\FinalProject\MemVga\MemVga.srcs\sources_1\new\Control_And_Start.v:]
WARNING: [filemgmt 56-199] Attempt to get parsing info during refresh. "On-the-fly" syntax checking information may be incorrect. [C:\CSEE4280\GRP2ADD\FinalProject\MemVga\MemVga.srcs\sim_1\new\Start_Control_tb.v:]
WARNING: [filemgmt 56-199] Attempt to get parsing info during refresh. "On-the-fly" syntax checking information may be incorrect. [C:\CSEE4280\GRP2ADD\FinalProject\Processing\Processing.srcs\sources_1\new\Start_Control.v:]
WARNING: [filemgmt 56-199] Attempt to get parsing info during refresh. "On-the-fly" syntax checking information may be incorrect. [C:\CSEE4280\GRP2ADD\FinalProject\MemVga\MemVga.srcs\sources_1\new\Control_And_Start.v:]
WARNING: [filemgmt 56-199] Attempt to get parsing info during refresh. "On-the-fly" syntax checking information may be incorrect. [C:\CSEE4280\GRP2ADD\FinalProject\MemVga\MemVga.srcs\sources_1\new\Start_Control.v:]
WARNING: [filemgmt 56-199] Attempt to get parsing info during refresh. "On-the-fly" syntax checking information may be incorrect. [C:\CSEE4280\GRP2ADD\FinalProject\MemVga\MemVga.srcs\sim_1\new\Start_Control_tb.v:]
WARNING: [filemgmt 56-199] Attempt to get parsing info during refresh. "On-the-fly" syntax checking information may be incorrect. [C:\CSEE4280\GRP2ADD\FinalProject\MemVga\MemVga.srcs\sim_1\new\Start_Control_tb.v:]
WARNING: [filemgmt 56-199] Attempt to get parsing info during refresh. "On-the-fly" syntax checking information may be incorrect. [C:\CSEE4280\GRP2ADD\FinalProject\MemVga\MemVga.srcs\sim_1\new\Start_Control_tb.v:]
WARNING: [filemgmt 56-199] Attempt to get parsing info during refresh. "On-the-fly" syntax checking information may be incorrect. [C:\CSEE4280\GRP2ADD\FinalProject\Processing\Processing.srcs\sources_1\new\Start_Control.v:]
WARNING: [filemgmt 56-199] Attempt to get parsing info during refresh. "On-the-fly" syntax checking information may be incorrect. [C:\CSEE4280\GRP2ADD\FinalProject\MemVga\MemVga.srcs\sources_1\new\Control_And_Start.v:]
WARNING: [filemgmt 56-199] Attempt to get parsing info during refresh. "On-the-fly" syntax checking information may be incorrect. [C:\CSEE4280\GRP2ADD\FinalProject\MemVga\MemVga.srcs\sources_1\new\Start_Control.v:]
WARNING: [filemgmt 56-199] Attempt to get parsing info during refresh. "On-the-fly" syntax checking information may be incorrect. [C:\CSEE4280\GRP2ADD\FinalProject\MemVga\MemVga.srcs\sources_1\new\Control_And_Start.v:]
WARNING: [filemgmt 56-199] Attempt to get parsing info during refresh. "On-the-fly" syntax checking information may be incorrect. [C:\CSEE4280\GRP2ADD\FinalProject\MemVga\MemVga.srcs\sources_1\new\Control_And_Start.v:]
update_compile_order -fileset sources_1
WARNING: [filemgmt 56-199] Attempt to get parsing info during refresh. "On-the-fly" syntax checking information may be incorrect. [C:\CSEE4280\GRP2ADD\FinalProject\MemVga\MemVga.srcs\sim_1\new\Start_Control_tb.v:]
WARNING: [filemgmt 56-199] Attempt to get parsing info during refresh. "On-the-fly" syntax checking information may be incorrect. [C:\CSEE4280\GRP2ADD\FinalProject\Processing\Processing.srcs\sources_1\new\Start_Control.v:]
WARNING: [filemgmt 56-199] Attempt to get parsing info during refresh. "On-the-fly" syntax checking information may be incorrect. [C:\CSEE4280\GRP2ADD\FinalProject\MemVga\MemVga.srcs\sources_1\new\Control_And_Start.v:]
WARNING: [filemgmt 56-199] Attempt to get parsing info during refresh. "On-the-fly" syntax checking information may be incorrect. [C:\CSEE4280\GRP2ADD\FinalProject\MemVga\MemVga.srcs\sources_1\new\Start_Control.v:]
WARNING: [filemgmt 56-199] Attempt to get parsing info during refresh. "On-the-fly" syntax checking information may be incorrect. [C:\CSEE4280\GRP2ADD\FinalProject\Processing\Processing.srcs\sources_1\new\Start_Control.v:]
WARNING: [filemgmt 56-199] Attempt to get parsing info during refresh. "On-the-fly" syntax checking information may be incorrect. [C:\CSEE4280\GRP2ADD\FinalProject\Processing\Processing.srcs\sources_1\new\Start_Control.v:]
WARNING: [filemgmt 56-199] Attempt to get parsing info during refresh. "On-the-fly" syntax checking information may be incorrect. [C:\CSEE4280\GRP2ADD\FinalProject\MemVga\MemVga.srcs\sim_1\new\Start_Control_tb.v:]
WARNING: [filemgmt 56-199] Attempt to get parsing info during refresh. "On-the-fly" syntax checking information may be incorrect. [C:\CSEE4280\GRP2ADD\FinalProject\Processing\Processing.srcs\sources_1\new\Start_Control.v:]
WARNING: [filemgmt 56-199] Attempt to get parsing info during refresh. "On-the-fly" syntax checking information may be incorrect. [C:\CSEE4280\GRP2ADD\FinalProject\MemVga\MemVga.srcs\sources_1\new\Control_And_Start.v:]
WARNING: [filemgmt 56-199] Attempt to get parsing info during refresh. "On-the-fly" syntax checking information may be incorrect. [C:\CSEE4280\GRP2ADD\FinalProject\MemVga\MemVga.srcs\sources_1\new\Start_Control.v:]
WARNING: [filemgmt 56-199] Attempt to get parsing info during refresh. "On-the-fly" syntax checking information may be incorrect. [C:\CSEE4280\GRP2ADD\FinalProject\MemVga\MemVga.srcs\sources_1\new\Control_And_Start.v:]
WARNING: [filemgmt 56-199] Attempt to get parsing info during refresh. "On-the-fly" syntax checking information may be incorrect. [C:\CSEE4280\GRP2ADD\FinalProject\MemVga\MemVga.srcs\sources_1\new\Control_And_Start.v:]
WARNING: [filemgmt 56-199] Attempt to get parsing info during refresh. "On-the-fly" syntax checking information may be incorrect. [C:\CSEE4280\GRP2ADD\FinalProject\MemVga\MemVga.srcs\sim_1\new\Start_Control_tb.v:]
WARNING: [filemgmt 56-199] Attempt to get parsing info during refresh. "On-the-fly" syntax checking information may be incorrect. [C:\CSEE4280\GRP2ADD\FinalProject\MemVga\MemVga.srcs\sources_1\new\KeepGoing_Control.v:]
WARNING: [filemgmt 56-199] Attempt to get parsing info during refresh. "On-the-fly" syntax checking information may be incorrect. [C:\CSEE4280\GRP2ADD\FinalProject\Processing\Processing.srcs\sources_1\new\Start_Control.v:]
WARNING: [filemgmt 56-199] Attempt to get parsing info during refresh. "On-the-fly" syntax checking information may be incorrect. [C:\CSEE4280\GRP2ADD\FinalProject\MemVga\MemVga.srcs\sources_1\new\Control_And_Start.v:]
WARNING: [filemgmt 56-199] Attempt to get parsing info during refresh. "On-the-fly" syntax checking information may be incorrect. [C:\CSEE4280\GRP2ADD\FinalProject\MemVga\MemVga.srcs\sources_1\new\Start_Control.v:]
WARNING: [filemgmt 56-199] Attempt to get parsing info during refresh. "On-the-fly" syntax checking information may be incorrect. [C:\CSEE4280\GRP2ADD\FinalProject\MemVga\MemVga.srcs\sim_1\new\Start_Control_tb.v:]
WARNING: [filemgmt 56-199] Attempt to get parsing info during refresh. "On-the-fly" syntax checking information may be incorrect. [C:\CSEE4280\GRP2ADD\FinalProject\MemVga\MemVga.srcs\sim_1\new\Start_Control_tb.v:]
WARNING: [filemgmt 56-199] Attempt to get parsing info during refresh. "On-the-fly" syntax checking information may be incorrect. [C:\CSEE4280\GRP2ADD\FinalProject\MemVga\MemVga.srcs\sim_1\new\Start_Control_tb.v:]
WARNING: [filemgmt 56-199] Attempt to get parsing info during refresh. "On-the-fly" syntax checking information may be incorrect. [C:\CSEE4280\GRP2ADD\FinalProject\MemVga\MemVga.srcs\sources_1\new\KeepGoing_Control.v:]
WARNING: [filemgmt 56-199] Attempt to get parsing info during refresh. "On-the-fly" syntax checking information may be incorrect. [C:\CSEE4280\GRP2ADD\FinalProject\Processing\Processing.srcs\sources_1\new\Start_Control.v:]
WARNING: [filemgmt 56-199] Attempt to get parsing info during refresh. "On-the-fly" syntax checking information may be incorrect. [C:\CSEE4280\GRP2ADD\FinalProject\MemVga\MemVga.srcs\sources_1\new\Control_And_Start.v:]
WARNING: [filemgmt 56-199] Attempt to get parsing info during refresh. "On-the-fly" syntax checking information may be incorrect. [C:\CSEE4280\GRP2ADD\FinalProject\MemVga\MemVga.srcs\sources_1\new\Start_Control.v:]
WARNING: [filemgmt 56-199] Attempt to get parsing info during refresh. "On-the-fly" syntax checking information may be incorrect. [C:\CSEE4280\GRP2ADD\FinalProject\Processing\Processing.srcs\sources_1\new\Start_Control.v:]
WARNING: [filemgmt 56-199] Attempt to get parsing info during refresh. "On-the-fly" syntax checking information may be incorrect. [C:\CSEE4280\GRP2ADD\FinalProject\Processing\Processing.srcs\sources_1\new\Start_Control.v:]
WARNING: [filemgmt 56-199] Attempt to get parsing info during refresh. "On-the-fly" syntax checking information may be incorrect. [C:\CSEE4280\GRP2ADD\FinalProject\MemVga\MemVga.srcs\sim_1\new\Start_Control_tb.v:]
WARNING: [filemgmt 56-199] Attempt to get parsing info during refresh. "On-the-fly" syntax checking information may be incorrect. [C:\CSEE4280\GRP2ADD\FinalProject\MemVga\MemVga.srcs\sources_1\new\KeepGoing_Control.v:]
WARNING: [filemgmt 56-199] Attempt to get parsing info during refresh. "On-the-fly" syntax checking information may be incorrect. [C:\CSEE4280\GRP2ADD\FinalProject\Processing\Processing.srcs\sources_1\new\Start_Control.v:]
WARNING: [filemgmt 56-199] Attempt to get parsing info during refresh. "On-the-fly" syntax checking information may be incorrect. [C:\CSEE4280\GRP2ADD\FinalProject\MemVga\MemVga.srcs\sim_1\new\Start_Control_tb.v:]
WARNING: [filemgmt 56-199] Attempt to get parsing info during refresh. "On-the-fly" syntax checking information may be incorrect. [C:\CSEE4280\GRP2ADD\FinalProject\MemVga\MemVga.srcs\sources_1\new\KeepGoing_Control.v:]
WARNING: [filemgmt 56-199] Attempt to get parsing info during refresh. "On-the-fly" syntax checking information may be incorrect. [C:\CSEE4280\GRP2ADD\FinalProject\Processing\Processing.srcs\sources_1\new\Start_Control.v:]
WARNING: [filemgmt 56-199] Attempt to get parsing info during refresh. "On-the-fly" syntax checking information may be incorrect. [C:\CSEE4280\GRP2ADD\FinalProject\MemVga\MemVga.srcs\sources_1\new\Control_And_Start.v:]
WARNING: [filemgmt 56-199] Attempt to get parsing info during refresh. "On-the-fly" syntax checking information may be incorrect. [C:\CSEE4280\GRP2ADD\FinalProject\MemVga\MemVga.srcs\sources_1\new\Start_Control.v:]
WARNING: [filemgmt 56-199] Attempt to get parsing info during refresh. "On-the-fly" syntax checking information may be incorrect. [C:\CSEE4280\GRP2ADD\FinalProject\Processing\Processing.srcs\sources_1\new\Start_Control.v:]
WARNING: [filemgmt 56-199] Attempt to get parsing info during refresh. "On-the-fly" syntax checking information may be incorrect. [C:\CSEE4280\GRP2ADD\FinalProject\Processing\Processing.srcs\sources_1\new\Start_Control.v:]
WARNING: [filemgmt 56-199] Attempt to get parsing info during refresh. "On-the-fly" syntax checking information may be incorrect. [C:\CSEE4280\GRP2ADD\FinalProject\MemVga\MemVga.srcs\sim_1\new\Start_Control_tb.v:]
WARNING: [filemgmt 56-199] Attempt to get parsing info during refresh. "On-the-fly" syntax checking information may be incorrect. [C:\CSEE4280\GRP2ADD\FinalProject\MemVga\MemVga.srcs\sources_1\new\KeepGoing_Control.v:]
WARNING: [filemgmt 56-199] Attempt to get parsing info during refresh. "On-the-fly" syntax checking information may be incorrect. [C:\CSEE4280\GRP2ADD\FinalProject\Processing\Processing.srcs\sources_1\new\Start_Control.v:]
WARNING: [filemgmt 56-199] Attempt to get parsing info during refresh. "On-the-fly" syntax checking information may be incorrect. [C:\CSEE4280\GRP2ADD\FinalProject\MemVga\MemVga.srcs\sources_1\new\Control_And_Start.v:]
WARNING: [filemgmt 56-199] Attempt to get parsing info during refresh. "On-the-fly" syntax checking information may be incorrect. [C:\CSEE4280\GRP2ADD\FinalProject\MemVga\MemVga.srcs\sources_1\new\Start_Control.v:]
WARNING: [filemgmt 56-199] Attempt to get parsing info during refresh. "On-the-fly" syntax checking information may be incorrect. [C:\CSEE4280\GRP2ADD\FinalProject\MemVga\MemVga.srcs\sources_1\new\KeepGoing_Control.v:]
WARNING: [filemgmt 56-199] Attempt to get parsing info during refresh. "On-the-fly" syntax checking information may be incorrect. [C:\CSEE4280\GRP2ADD\FinalProject\MemVga\MemVga.srcs\sources_1\new\KeepGoing_Control.v:]
WARNING: [filemgmt 56-199] Attempt to get parsing info during refresh. "On-the-fly" syntax checking information may be incorrect. [C:\CSEE4280\GRP2ADD\FinalProject\MemVga\MemVga.srcs\sim_1\new\Start_Control_tb.v:]
WARNING: [filemgmt 56-199] Attempt to get parsing info during refresh. "On-the-fly" syntax checking information may be incorrect. [C:\CSEE4280\GRP2ADD\FinalProject\MemVga\MemVga.srcs\sources_1\new\KeepGoing_Control.v:]
WARNING: [filemgmt 56-199] Attempt to get parsing info during refresh. "On-the-fly" syntax checking information may be incorrect. [C:\CSEE4280\GRP2ADD\FinalProject\Processing\Processing.srcs\sources_1\new\Start_Control.v:]
WARNING: [filemgmt 56-199] Attempt to get parsing info during refresh. "On-the-fly" syntax checking information may be incorrect. [C:\CSEE4280\GRP2ADD\FinalProject\MemVga\MemVga.srcs\sources_1\new\Control_And_Start.v:]
WARNING: [filemgmt 56-199] Attempt to get parsing info during refresh. "On-the-fly" syntax checking information may be incorrect. [C:\CSEE4280\GRP2ADD\FinalProject\MemVga\MemVga.srcs\sim_1\new\Start_Control_tb.v:]
WARNING: [filemgmt 56-199] Attempt to get parsing info during refresh. "On-the-fly" syntax checking information may be incorrect. [C:\CSEE4280\GRP2ADD\FinalProject\MemVga\MemVga.srcs\sources_1\new\KeepGoing_Control.v:]
WARNING: [filemgmt 56-199] Attempt to get parsing info during refresh. "On-the-fly" syntax checking information may be incorrect. [C:\CSEE4280\GRP2ADD\FinalProject\Processing\Processing.srcs\sources_1\new\Start_Control.v:]
WARNING: [filemgmt 56-199] Attempt to get parsing info during refresh. "On-the-fly" syntax checking information may be incorrect. [C:\CSEE4280\GRP2ADD\FinalProject\MemVga\MemVga.srcs\sources_1\new\Control_And_Start.v:]
WARNING: [filemgmt 56-199] Attempt to get parsing info during refresh. "On-the-fly" syntax checking information may be incorrect. [C:\CSEE4280\GRP2ADD\FinalProject\MemVga\MemVga.srcs\sources_1\new\Start_Control.v:]
WARNING: [filemgmt 56-199] Attempt to get parsing info during refresh. "On-the-fly" syntax checking information may be incorrect. [C:\CSEE4280\GRP2ADD\FinalProject\Processing\Processing.srcs\sources_1\new\Start_Control.v:]
WARNING: [filemgmt 56-199] Attempt to get parsing info during refresh. "On-the-fly" syntax checking information may be incorrect. [C:\CSEE4280\GRP2ADD\FinalProject\Processing\Processing.srcs\sources_1\new\Start_Control.v:]
WARNING: [filemgmt 56-199] Attempt to get parsing info during refresh. "On-the-fly" syntax checking information may be incorrect. [C:\CSEE4280\GRP2ADD\FinalProject\MemVga\MemVga.srcs\sim_1\new\Start_Control_tb.v:]
WARNING: [filemgmt 56-199] Attempt to get parsing info during refresh. "On-the-fly" syntax checking information may be incorrect. [C:\CSEE4280\GRP2ADD\FinalProject\MemVga\MemVga.srcs\sources_1\new\KeepGoing_Control.v:]
WARNING: [filemgmt 56-199] Attempt to get parsing info during refresh. "On-the-fly" syntax checking information may be incorrect. [C:\CSEE4280\GRP2ADD\FinalProject\Processing\Processing.srcs\sources_1\new\Start_Control.v:]
WARNING: [filemgmt 56-199] Attempt to get parsing info during refresh. "On-the-fly" syntax checking information may be incorrect. [C:\CSEE4280\GRP2ADD\FinalProject\MemVga\MemVga.srcs\sources_1\new\Control_And_Start.v:]
WARNING: [filemgmt 56-199] Attempt to get parsing info during refresh. "On-the-fly" syntax checking information may be incorrect. [C:\CSEE4280\GRP2ADD\FinalProject\MemVga\MemVga.srcs\sources_1\new\Start_Control.v:]
WARNING: [filemgmt 56-199] Attempt to get parsing info during refresh. "On-the-fly" syntax checking information may be incorrect. [C:\CSEE4280\GRP2ADD\FinalProject\MemVga\MemVga.srcs\sources_1\new\Control_And_Start.v:]
WARNING: [filemgmt 56-199] Attempt to get parsing info during refresh. "On-the-fly" syntax checking information may be incorrect. [C:\CSEE4280\GRP2ADD\FinalProject\MemVga\MemVga.srcs\sources_1\new\Control_And_Start.v:]
WARNING: [filemgmt 56-199] Attempt to get parsing info during refresh. "On-the-fly" syntax checking information may be incorrect. [C:\CSEE4280\GRP2ADD\FinalProject\MemVga\MemVga.srcs\sim_1\new\Start_Control_tb.v:]
WARNING: [filemgmt 56-199] Attempt to get parsing info during refresh. "On-the-fly" syntax checking information may be incorrect. [C:\CSEE4280\GRP2ADD\FinalProject\MemVga\MemVga.srcs\sources_1\new\KeepGoing_Control.v:]
WARNING: [filemgmt 56-199] Attempt to get parsing info during refresh. "On-the-fly" syntax checking information may be incorrect. [C:\CSEE4280\GRP2ADD\FinalProject\Processing\Processing.srcs\sources_1\new\Start_Control.v:]
WARNING: [filemgmt 56-199] Attempt to get parsing info during refresh. "On-the-fly" syntax checking information may be incorrect. [C:\CSEE4280\GRP2ADD\FinalProject\MemVga\MemVga.srcs\sources_1\new\Control_And_Start.v:]
WARNING: [filemgmt 56-199] Attempt to get parsing info during refresh. "On-the-fly" syntax checking information may be incorrect. [C:\CSEE4280\GRP2ADD\FinalProject\MemVga\MemVga.srcs\sources_1\new\Start_Control.v:]
WARNING: [filemgmt 56-199] Attempt to get parsing info during refresh. "On-the-fly" syntax checking information may be incorrect. [C:\CSEE4280\GRP2ADD\FinalProject\MemVga\MemVga.srcs\sim_1\new\Start_Control_tb.v:]
WARNING: [filemgmt 56-199] Attempt to get parsing info during refresh. "On-the-fly" syntax checking information may be incorrect. [C:\CSEE4280\GRP2ADD\FinalProject\MemVga\MemVga.srcs\sim_1\new\Start_Control_tb.v:]
set_property SOURCE_SET sources_1 [get_filesets sim_1]
close [ open C:/CSEE4280/GRP2ADD/FinalProject/MemVga/MemVga.srcs/sim_1/new/KeepGoing_Control_tb.v w ]
add_files -fileset sim_1 C:/CSEE4280/GRP2ADD/FinalProject/MemVga/MemVga.srcs/sim_1/new/KeepGoing_Control_tb.v
WARNING: [filemgmt 56-199] Attempt to get parsing info during refresh. "On-the-fly" syntax checking information may be incorrect. [C:\CSEE4280\GRP2ADD\FinalProject\MemVga\MemVga.srcs\sim_1\new\Start_Control_tb.v:]
WARNING: [filemgmt 56-199] Attempt to get parsing info during refresh. "On-the-fly" syntax checking information may be incorrect. [C:\CSEE4280\GRP2ADD\FinalProject\MemVga\MemVga.srcs\sources_1\new\KeepGoing_Control.v:]
WARNING: [filemgmt 56-199] Attempt to get parsing info during refresh. "On-the-fly" syntax checking information may be incorrect. [C:\CSEE4280\GRP2ADD\FinalProject\Processing\Processing.srcs\sources_1\new\Start_Control.v:]
WARNING: [filemgmt 56-199] Attempt to get parsing info during refresh. "On-the-fly" syntax checking information may be incorrect. [C:\CSEE4280\GRP2ADD\FinalProject\MemVga\MemVga.srcs\sources_1\new\Control_And_Start.v:]
WARNING: [filemgmt 56-199] Attempt to get parsing info during refresh. "On-the-fly" syntax checking information may be incorrect. [C:\CSEE4280\GRP2ADD\FinalProject\MemVga\MemVga.srcs\sources_1\new\Start_Control.v:]
WARNING: [filemgmt 56-199] Attempt to get parsing info during refresh. "On-the-fly" syntax checking information may be incorrect. [C:\CSEE4280\GRP2ADD\FinalProject\MemVga\MemVga.srcs\sim_1\new\Start_Control_tb.v:]
WARNING: [filemgmt 56-199] Attempt to get parsing info during refresh. "On-the-fly" syntax checking information may be incorrect. [C:\CSEE4280\GRP2ADD\FinalProject\MemVga\MemVga.srcs\sim_1\new\Start_Control_tb.v:]
WARNING: [filemgmt 56-199] Attempt to get parsing info during refresh. "On-the-fly" syntax checking information may be incorrect. [C:\CSEE4280\GRP2ADD\FinalProject\MemVga\MemVga.srcs\sim_1\new\Start_Control_tb.v:]
WARNING: [filemgmt 56-199] Attempt to get parsing info during refresh. "On-the-fly" syntax checking information may be incorrect. [C:\CSEE4280\GRP2ADD\FinalProject\MemVga\MemVga.srcs\sources_1\new\KeepGoing_Control.v:]
WARNING: [filemgmt 56-199] Attempt to get parsing info during refresh. "On-the-fly" syntax checking information may be incorrect. [C:\CSEE4280\GRP2ADD\FinalProject\Processing\Processing.srcs\sources_1\new\Start_Control.v:]
WARNING: [filemgmt 56-199] Attempt to get parsing info during refresh. "On-the-fly" syntax checking information may be incorrect. [C:\CSEE4280\GRP2ADD\FinalProject\MemVga\MemVga.srcs\sources_1\new\Control_And_Start.v:]
WARNING: [filemgmt 56-199] Attempt to get parsing info during refresh. "On-the-fly" syntax checking information may be incorrect. [C:\CSEE4280\GRP2ADD\FinalProject\MemVga\MemVga.srcs\sources_1\new\Start_Control.v:]
WARNING: [filemgmt 56-199] Attempt to get parsing info during refresh. "On-the-fly" syntax checking information may be incorrect. [C:\CSEE4280\GRP2ADD\FinalProject\MemVga\MemVga.srcs\sources_1\new\KeepGoing_Control.v:]
WARNING: [filemgmt 56-199] Attempt to get parsing info during refresh. "On-the-fly" syntax checking information may be incorrect. [C:\CSEE4280\GRP2ADD\FinalProject\MemVga\MemVga.srcs\sources_1\new\KeepGoing_Control.v:]
WARNING: [filemgmt 56-199] Attempt to get parsing info during refresh. "On-the-fly" syntax checking information may be incorrect. [C:\CSEE4280\GRP2ADD\FinalProject\MemVga\MemVga.srcs\sim_1\new\Start_Control_tb.v:]
WARNING: [filemgmt 56-199] Attempt to get parsing info during refresh. "On-the-fly" syntax checking information may be incorrect. [C:\CSEE4280\GRP2ADD\FinalProject\MemVga\MemVga.srcs\sources_1\new\KeepGoing_Control.v:]
WARNING: [filemgmt 56-199] Attempt to get parsing info during refresh. "On-the-fly" syntax checking information may be incorrect. [C:\CSEE4280\GRP2ADD\FinalProject\Processing\Processing.srcs\sources_1\new\Start_Control.v:]
WARNING: [filemgmt 56-199] Attempt to get parsing info during refresh. "On-the-fly" syntax checking information may be incorrect. [C:\CSEE4280\GRP2ADD\FinalProject\MemVga\MemVga.srcs\sources_1\new\Control_And_Start.v:]
WARNING: [filemgmt 56-199] Attempt to get parsing info during refresh. "On-the-fly" syntax checking information may be incorrect. [C:\CSEE4280\GRP2ADD\FinalProject\MemVga\MemVga.srcs\sources_1\new\Start_Control.v:]
WARNING: [filemgmt 56-199] Attempt to get parsing info during refresh. "On-the-fly" syntax checking information may be incorrect. [C:\CSEE4280\GRP2ADD\FinalProject\Processing\Processing.srcs\sources_1\new\Start_Control.v:]
WARNING: [filemgmt 56-199] Attempt to get parsing info during refresh. "On-the-fly" syntax checking information may be incorrect. [C:\CSEE4280\GRP2ADD\FinalProject\Processing\Processing.srcs\sources_1\new\Start_Control.v:]
WARNING: [filemgmt 56-199] Attempt to get parsing info during refresh. "On-the-fly" syntax checking information may be incorrect. [C:\CSEE4280\GRP2ADD\FinalProject\MemVga\MemVga.srcs\sim_1\new\Start_Control_tb.v:]
WARNING: [filemgmt 56-199] Attempt to get parsing info during refresh. "On-the-fly" syntax checking information may be incorrect. [C:\CSEE4280\GRP2ADD\FinalProject\MemVga\MemVga.srcs\sources_1\new\KeepGoing_Control.v:]
WARNING: [filemgmt 56-199] Attempt to get parsing info during refresh. "On-the-fly" syntax checking information may be incorrect. [C:\CSEE4280\GRP2ADD\FinalProject\Processing\Processing.srcs\sources_1\new\Start_Control.v:]
WARNING: [filemgmt 56-199] Attempt to get parsing info during refresh. "On-the-fly" syntax checking information may be incorrect. [C:\CSEE4280\GRP2ADD\FinalProject\MemVga\MemVga.srcs\sources_1\new\Control_And_Start.v:]
WARNING: [filemgmt 56-199] Attempt to get parsing info during refresh. "On-the-fly" syntax checking information may be incorrect. [C:\CSEE4280\GRP2ADD\FinalProject\MemVga\MemVga.srcs\sources_1\new\Start_Control.v:]
WARNING: [filemgmt 56-199] Attempt to get parsing info during refresh. "On-the-fly" syntax checking information may be incorrect. [C:\CSEE4280\GRP2ADD\FinalProject\Processing\Processing.srcs\sources_1\new\Start_Control.v:]
WARNING: [filemgmt 56-199] Attempt to get parsing info during refresh. "On-the-fly" syntax checking information may be incorrect. [C:\CSEE4280\GRP2ADD\FinalProject\Processing\Processing.srcs\sources_1\new\Start_Control.v:]
WARNING: [filemgmt 56-199] Attempt to get parsing info during refresh. "On-the-fly" syntax checking information may be incorrect. [C:\CSEE4280\GRP2ADD\FinalProject\MemVga\MemVga.srcs\sim_1\new\Start_Control_tb.v:]
WARNING: [filemgmt 56-199] Attempt to get parsing info during refresh. "On-the-fly" syntax checking information may be incorrect. [C:\CSEE4280\GRP2ADD\FinalProject\MemVga\MemVga.srcs\sources_1\new\KeepGoing_Control.v:]
WARNING: [filemgmt 56-199] Attempt to get parsing info during refresh. "On-the-fly" syntax checking information may be incorrect. [C:\CSEE4280\GRP2ADD\FinalProject\Processing\Processing.srcs\sources_1\new\Start_Control.v:]
WARNING: [filemgmt 56-199] Attempt to get parsing info during refresh. "On-the-fly" syntax checking information may be incorrect. [C:\CSEE4280\GRP2ADD\FinalProject\MemVga\MemVga.srcs\sources_1\new\Control_And_Start.v:]
WARNING: [filemgmt 56-199] Attempt to get parsing info during refresh. "On-the-fly" syntax checking information may be incorrect. [C:\CSEE4280\GRP2ADD\FinalProject\MemVga\MemVga.srcs\sources_1\new\Start_Control.v:]
WARNING: [filemgmt 56-199] Attempt to get parsing info during refresh. "On-the-fly" syntax checking information may be incorrect. [C:\CSEE4280\GRP2ADD\FinalProject\MemVga\MemVga.srcs\sim_1\new\Start_Control_tb.v:]
WARNING: [filemgmt 56-199] Attempt to get parsing info during refresh. "On-the-fly" syntax checking information may be incorrect. [C:\CSEE4280\GRP2ADD\FinalProject\MemVga\MemVga.srcs\sim_1\new\Start_Control_tb.v:]
WARNING: [filemgmt 56-199] Attempt to get parsing info during refresh. "On-the-fly" syntax checking information may be incorrect. [C:\CSEE4280\GRP2ADD\FinalProject\MemVga\MemVga.srcs\sim_1\new\Start_Control_tb.v:]
WARNING: [filemgmt 56-199] Attempt to get parsing info during refresh. "On-the-fly" syntax checking information may be incorrect. [C:\CSEE4280\GRP2ADD\FinalProject\MemVga\MemVga.srcs\sources_1\new\KeepGoing_Control.v:]
WARNING: [filemgmt 56-199] Attempt to get parsing info during refresh. "On-the-fly" syntax checking information may be incorrect. [C:\CSEE4280\GRP2ADD\FinalProject\Processing\Processing.srcs\sources_1\new\Start_Control.v:]
WARNING: [filemgmt 56-199] Attempt to get parsing info during refresh. "On-the-fly" syntax checking information may be incorrect. [C:\CSEE4280\GRP2ADD\FinalProject\MemVga\MemVga.srcs\sources_1\new\Control_And_Start.v:]
WARNING: [filemgmt 56-199] Attempt to get parsing info during refresh. "On-the-fly" syntax checking information may be incorrect. [C:\CSEE4280\GRP2ADD\FinalProject\MemVga\MemVga.srcs\sources_1\new\Start_Control.v:]
WARNING: [filemgmt 56-199] Attempt to get parsing info during refresh. "On-the-fly" syntax checking information may be incorrect. [C:\CSEE4280\GRP2ADD\FinalProject\MemVga\MemVga.srcs\sources_1\new\Control_And_Start.v:]
WARNING: [filemgmt 56-199] Attempt to get parsing info during refresh. "On-the-fly" syntax checking information may be incorrect. [C:\CSEE4280\GRP2ADD\FinalProject\MemVga\MemVga.srcs\sources_1\new\Control_And_Start.v:]
update_compile_order -fileset sim_1
WARNING: [filemgmt 56-199] Attempt to get parsing info during refresh. "On-the-fly" syntax checking information may be incorrect. [C:\CSEE4280\GRP2ADD\FinalProject\MemVga\MemVga.srcs\sim_1\new\Start_Control_tb.v:]
WARNING: [filemgmt 56-199] Attempt to get parsing info during refresh. "On-the-fly" syntax checking information may be incorrect. [C:\CSEE4280\GRP2ADD\FinalProject\MemVga\MemVga.srcs\sources_1\new\KeepGoing_Control.v:]
WARNING: [filemgmt 56-199] Attempt to get parsing info during refresh. "On-the-fly" syntax checking information may be incorrect. [C:\CSEE4280\GRP2ADD\FinalProject\Processing\Processing.srcs\sources_1\new\Start_Control.v:]
WARNING: [filemgmt 56-199] Attempt to get parsing info during refresh. "On-the-fly" syntax checking information may be incorrect. [C:\CSEE4280\GRP2ADD\FinalProject\MemVga\MemVga.srcs\sources_1\new\Control_And_Start.v:]
WARNING: [filemgmt 56-199] Attempt to get parsing info during refresh. "On-the-fly" syntax checking information may be incorrect. [C:\CSEE4280\GRP2ADD\FinalProject\MemVga\MemVga.srcs\sources_1\new\Start_Control.v:]
WARNING: [filemgmt 56-199] Attempt to get parsing info during refresh. "On-the-fly" syntax checking information may be incorrect. [C:\CSEE4280\GRP2ADD\FinalProject\MemVga\MemVga.srcs\sim_1\new\Start_Control_tb.v:]
WARNING: [filemgmt 56-199] Attempt to get parsing info during refresh. "On-the-fly" syntax checking information may be incorrect. [C:\CSEE4280\GRP2ADD\FinalProject\MemVga\MemVga.srcs\sim_1\new\Start_Control_tb.v:]
WARNING: [filemgmt 56-199] Attempt to get parsing info during refresh. "On-the-fly" syntax checking information may be incorrect. [C:\CSEE4280\GRP2ADD\FinalProject\MemVga\MemVga.srcs\sim_1\new\Start_Control_tb.v:]
WARNING: [filemgmt 56-199] Attempt to get parsing info during refresh. "On-the-fly" syntax checking information may be incorrect. [C:\CSEE4280\GRP2ADD\FinalProject\MemVga\MemVga.srcs\sources_1\new\KeepGoing_Control.v:]
WARNING: [filemgmt 56-199] Attempt to get parsing info during refresh. "On-the-fly" syntax checking information may be incorrect. [C:\CSEE4280\GRP2ADD\FinalProject\Processing\Processing.srcs\sources_1\new\Start_Control.v:]
WARNING: [filemgmt 56-199] Attempt to get parsing info during refresh. "On-the-fly" syntax checking information may be incorrect. [C:\CSEE4280\GRP2ADD\FinalProject\MemVga\MemVga.srcs\sources_1\new\Control_And_Start.v:]
WARNING: [filemgmt 56-199] Attempt to get parsing info during refresh. "On-the-fly" syntax checking information may be incorrect. [C:\CSEE4280\GRP2ADD\FinalProject\MemVga\MemVga.srcs\sources_1\new\Start_Control.v:]
WARNING: [filemgmt 56-199] Attempt to get parsing info during refresh. "On-the-fly" syntax checking information may be incorrect. [C:\CSEE4280\GRP2ADD\FinalProject\Processing\Processing.srcs\sources_1\new\Start_Control.v:]
WARNING: [filemgmt 56-199] Attempt to get parsing info during refresh. "On-the-fly" syntax checking information may be incorrect. [C:\CSEE4280\GRP2ADD\FinalProject\Processing\Processing.srcs\sources_1\new\Start_Control.v:]
WARNING: [filemgmt 56-199] Attempt to get parsing info during refresh. "On-the-fly" syntax checking information may be incorrect. [C:\CSEE4280\GRP2ADD\FinalProject\MemVga\MemVga.srcs\sim_1\new\Start_Control_tb.v:]
WARNING: [filemgmt 56-199] Attempt to get parsing info during refresh. "On-the-fly" syntax checking information may be incorrect. [C:\CSEE4280\GRP2ADD\FinalProject\MemVga\MemVga.srcs\sources_1\new\KeepGoing_Control.v:]
WARNING: [filemgmt 56-199] Attempt to get parsing info during refresh. "On-the-fly" syntax checking information may be incorrect. [C:\CSEE4280\GRP2ADD\FinalProject\Processing\Processing.srcs\sources_1\new\Start_Control.v:]
WARNING: [filemgmt 56-199] Attempt to get parsing info during refresh. "On-the-fly" syntax checking information may be incorrect. [C:\CSEE4280\GRP2ADD\FinalProject\MemVga\MemVga.srcs\sources_1\new\Control_And_Start.v:]
WARNING: [filemgmt 56-199] Attempt to get parsing info during refresh. "On-the-fly" syntax checking information may be incorrect. [C:\CSEE4280\GRP2ADD\FinalProject\MemVga\MemVga.srcs\sources_1\new\Start_Control.v:]
WARNING: [filemgmt 56-199] Attempt to get parsing info during refresh. "On-the-fly" syntax checking information may be incorrect. [C:\CSEE4280\GRP2ADD\FinalProject\MemVga\MemVga.srcs\sources_1\new\Control_And_Start.v:]
WARNING: [filemgmt 56-199] Attempt to get parsing info during refresh. "On-the-fly" syntax checking information may be incorrect. [C:\CSEE4280\GRP2ADD\FinalProject\MemVga\MemVga.srcs\sources_1\new\Control_And_Start.v:]
WARNING: [filemgmt 56-199] Attempt to get parsing info during refresh. "On-the-fly" syntax checking information may be incorrect. [C:\CSEE4280\GRP2ADD\FinalProject\MemVga\MemVga.srcs\sim_1\new\Start_Control_tb.v:]
WARNING: [filemgmt 56-199] Attempt to get parsing info during refresh. "On-the-fly" syntax checking information may be incorrect. [C:\CSEE4280\GRP2ADD\FinalProject\MemVga\MemVga.srcs\sources_1\new\KeepGoing_Control.v:]
WARNING: [filemgmt 56-199] Attempt to get parsing info during refresh. "On-the-fly" syntax checking information may be incorrect. [C:\CSEE4280\GRP2ADD\FinalProject\Processing\Processing.srcs\sources_1\new\Start_Control.v:]
WARNING: [filemgmt 56-199] Attempt to get parsing info during refresh. "On-the-fly" syntax checking information may be incorrect. [C:\CSEE4280\GRP2ADD\FinalProject\MemVga\MemVga.srcs\sim_1\new\KeepGoing_Control_tb.v:]
WARNING: [filemgmt 56-199] Attempt to get parsing info during refresh. "On-the-fly" syntax checking information may be incorrect. [C:\CSEE4280\GRP2ADD\FinalProject\MemVga\MemVga.srcs\sources_1\new\Control_And_Start.v:]
WARNING: [filemgmt 56-199] Attempt to get parsing info during refresh. "On-the-fly" syntax checking information may be incorrect. [C:\CSEE4280\GRP2ADD\FinalProject\MemVga\MemVga.srcs\sources_1\new\Start_Control.v:]
WARNING: [filemgmt 56-199] Attempt to get parsing info during refresh. "On-the-fly" syntax checking information may be incorrect. [C:\CSEE4280\GRP2ADD\FinalProject\MemVga\MemVga.srcs\sim_1\new\Start_Control_tb.v:]
WARNING: [filemgmt 56-199] Attempt to get parsing info during refresh. "On-the-fly" syntax checking information may be incorrect. [C:\CSEE4280\GRP2ADD\FinalProject\MemVga\MemVga.srcs\sim_1\new\Start_Control_tb.v:]
WARNING: [filemgmt 56-199] Attempt to get parsing info during refresh. "On-the-fly" syntax checking information may be incorrect. [C:\CSEE4280\GRP2ADD\FinalProject\MemVga\MemVga.srcs\sim_1\new\Start_Control_tb.v:]
WARNING: [filemgmt 56-199] Attempt to get parsing info during refresh. "On-the-fly" syntax checking information may be incorrect. [C:\CSEE4280\GRP2ADD\FinalProject\MemVga\MemVga.srcs\sources_1\new\KeepGoing_Control.v:]
WARNING: [filemgmt 56-199] Attempt to get parsing info during refresh. "On-the-fly" syntax checking information may be incorrect. [C:\CSEE4280\GRP2ADD\FinalProject\Processing\Processing.srcs\sources_1\new\Start_Control.v:]
WARNING: [filemgmt 56-199] Attempt to get parsing info during refresh. "On-the-fly" syntax checking information may be incorrect. [C:\CSEE4280\GRP2ADD\FinalProject\MemVga\MemVga.srcs\sim_1\new\KeepGoing_Control_tb.v:]
WARNING: [filemgmt 56-199] Attempt to get parsing info during refresh. "On-the-fly" syntax checking information may be incorrect. [C:\CSEE4280\GRP2ADD\FinalProject\MemVga\MemVga.srcs\sources_1\new\Control_And_Start.v:]
WARNING: [filemgmt 56-199] Attempt to get parsing info during refresh. "On-the-fly" syntax checking information may be incorrect. [C:\CSEE4280\GRP2ADD\FinalProject\MemVga\MemVga.srcs\sources_1\new\Start_Control.v:]
WARNING: [filemgmt 56-199] Attempt to get parsing info during refresh. "On-the-fly" syntax checking information may be incorrect. [C:\CSEE4280\GRP2ADD\FinalProject\MemVga\MemVga.srcs\sources_1\new\KeepGoing_Control.v:]
WARNING: [filemgmt 56-199] Attempt to get parsing info during refresh. "On-the-fly" syntax checking information may be incorrect. [C:\CSEE4280\GRP2ADD\FinalProject\MemVga\MemVga.srcs\sources_1\new\KeepGoing_Control.v:]
WARNING: [filemgmt 56-199] Attempt to get parsing info during refresh. "On-the-fly" syntax checking information may be incorrect. [C:\CSEE4280\GRP2ADD\FinalProject\MemVga\MemVga.srcs\sim_1\new\Start_Control_tb.v:]
WARNING: [filemgmt 56-199] Attempt to get parsing info during refresh. "On-the-fly" syntax checking information may be incorrect. [C:\CSEE4280\GRP2ADD\FinalProject\MemVga\MemVga.srcs\sources_1\new\KeepGoing_Control.v:]
WARNING: [filemgmt 56-199] Attempt to get parsing info during refresh. "On-the-fly" syntax checking information may be incorrect. [C:\CSEE4280\GRP2ADD\FinalProject\Processing\Processing.srcs\sources_1\new\Start_Control.v:]
WARNING: [filemgmt 56-199] Attempt to get parsing info during refresh. "On-the-fly" syntax checking information may be incorrect. [C:\CSEE4280\GRP2ADD\FinalProject\MemVga\MemVga.srcs\sim_1\new\KeepGoing_Control_tb.v:]
WARNING: [filemgmt 56-199] Attempt to get parsing info during refresh. "On-the-fly" syntax checking information may be incorrect. [C:\CSEE4280\GRP2ADD\FinalProject\MemVga\MemVga.srcs\sources_1\new\Control_And_Start.v:]
WARNING: [filemgmt 56-199] Attempt to get parsing info during refresh. "On-the-fly" syntax checking information may be incorrect. [C:\CSEE4280\GRP2ADD\FinalProject\MemVga\MemVga.srcs\sources_1\new\Start_Control.v:]
WARNING: [filemgmt 56-199] Attempt to get parsing info during refresh. "On-the-fly" syntax checking information may be incorrect. [C:\CSEE4280\GRP2ADD\FinalProject\MemVga\MemVga.srcs\sim_1\new\KeepGoing_Control_tb.v:]
WARNING: [filemgmt 56-199] Attempt to get parsing info during refresh. "On-the-fly" syntax checking information may be incorrect. [C:\CSEE4280\GRP2ADD\FinalProject\MemVga\MemVga.srcs\sim_1\new\KeepGoing_Control_tb.v:]
WARNING: [filemgmt 56-199] Attempt to get parsing info during refresh. "On-the-fly" syntax checking information may be incorrect. [C:\CSEE4280\GRP2ADD\FinalProject\MemVga\MemVga.srcs\sim_1\new\Start_Control_tb.v:]
WARNING: [filemgmt 56-199] Attempt to get parsing info during refresh. "On-the-fly" syntax checking information may be incorrect. [C:\CSEE4280\GRP2ADD\FinalProject\MemVga\MemVga.srcs\sources_1\new\KeepGoing_Control.v:]
WARNING: [filemgmt 56-199] Attempt to get parsing info during refresh. "On-the-fly" syntax checking information may be incorrect. [C:\CSEE4280\GRP2ADD\FinalProject\Processing\Processing.srcs\sources_1\new\Start_Control.v:]
WARNING: [filemgmt 56-199] Attempt to get parsing info during refresh. "On-the-fly" syntax checking information may be incorrect. [C:\CSEE4280\GRP2ADD\FinalProject\MemVga\MemVga.srcs\sim_1\new\KeepGoing_Control_tb.v:]
WARNING: [filemgmt 56-199] Attempt to get parsing info during refresh. "On-the-fly" syntax checking information may be incorrect. [C:\CSEE4280\GRP2ADD\FinalProject\MemVga\MemVga.srcs\sources_1\new\Control_And_Start.v:]
WARNING: [filemgmt 56-199] Attempt to get parsing info during refresh. "On-the-fly" syntax checking information may be incorrect. [C:\CSEE4280\GRP2ADD\FinalProject\MemVga\MemVga.srcs\sources_1\new\Start_Control.v:]
WARNING: [filemgmt 56-199] Attempt to get parsing info during refresh. "On-the-fly" syntax checking information may be incorrect. [C:\CSEE4280\GRP2ADD\FinalProject\MemVga\MemVga.srcs\sources_1\new\Control_And_Start.v:]
WARNING: [filemgmt 56-199] Attempt to get parsing info during refresh. "On-the-fly" syntax checking information may be incorrect. [C:\CSEE4280\GRP2ADD\FinalProject\MemVga\MemVga.srcs\sources_1\new\Control_And_Start.v:]
WARNING: [filemgmt 56-199] Attempt to get parsing info during refresh. "On-the-fly" syntax checking information may be incorrect. [C:\CSEE4280\GRP2ADD\FinalProject\MemVga\MemVga.srcs\sim_1\new\Start_Control_tb.v:]
WARNING: [filemgmt 56-199] Attempt to get parsing info during refresh. "On-the-fly" syntax checking information may be incorrect. [C:\CSEE4280\GRP2ADD\FinalProject\MemVga\MemVga.srcs\sources_1\new\KeepGoing_Control.v:]
WARNING: [filemgmt 56-199] Attempt to get parsing info during refresh. "On-the-fly" syntax checking information may be incorrect. [C:\CSEE4280\GRP2ADD\FinalProject\Processing\Processing.srcs\sources_1\new\Start_Control.v:]
WARNING: [filemgmt 56-199] Attempt to get parsing info during refresh. "On-the-fly" syntax checking information may be incorrect. [C:\CSEE4280\GRP2ADD\FinalProject\MemVga\MemVga.srcs\sim_1\new\KeepGoing_Control_tb.v:]
WARNING: [filemgmt 56-199] Attempt to get parsing info during refresh. "On-the-fly" syntax checking information may be incorrect. [C:\CSEE4280\GRP2ADD\FinalProject\MemVga\MemVga.srcs\sources_1\new\Control_And_Start.v:]
WARNING: [filemgmt 56-199] Attempt to get parsing info during refresh. "On-the-fly" syntax checking information may be incorrect. [C:\CSEE4280\GRP2ADD\FinalProject\MemVga\MemVga.srcs\sources_1\new\Start_Control.v:]
WARNING: [filemgmt 56-199] Attempt to get parsing info during refresh. "On-the-fly" syntax checking information may be incorrect. [C:\CSEE4280\GRP2ADD\FinalProject\MemVga\MemVga.srcs\sources_1\new\Control_And_Start.v:]
WARNING: [filemgmt 56-199] Attempt to get parsing info during refresh. "On-the-fly" syntax checking information may be incorrect. [C:\CSEE4280\GRP2ADD\FinalProject\MemVga\MemVga.srcs\sources_1\new\Control_And_Start.v:]
WARNING: [filemgmt 56-199] Attempt to get parsing info during refresh. "On-the-fly" syntax checking information may be incorrect. [C:\CSEE4280\GRP2ADD\FinalProject\MemVga\MemVga.srcs\sim_1\new\Start_Control_tb.v:]
WARNING: [filemgmt 56-199] Attempt to get parsing info during refresh. "On-the-fly" syntax checking information may be incorrect. [C:\CSEE4280\GRP2ADD\FinalProject\MemVga\MemVga.srcs\sources_1\new\KeepGoing_Control.v:]
WARNING: [filemgmt 56-199] Attempt to get parsing info during refresh. "On-the-fly" syntax checking information may be incorrect. [C:\CSEE4280\GRP2ADD\FinalProject\Processing\Processing.srcs\sources_1\new\Start_Control.v:]
WARNING: [filemgmt 56-199] Attempt to get parsing info during refresh. "On-the-fly" syntax checking information may be incorrect. [C:\CSEE4280\GRP2ADD\FinalProject\MemVga\MemVga.srcs\sim_1\new\KeepGoing_Control_tb.v:]
WARNING: [filemgmt 56-199] Attempt to get parsing info during refresh. "On-the-fly" syntax checking information may be incorrect. [C:\CSEE4280\GRP2ADD\FinalProject\MemVga\MemVga.srcs\sources_1\new\Control_And_Start.v:]
WARNING: [filemgmt 56-199] Attempt to get parsing info during refresh. "On-the-fly" syntax checking information may be incorrect. [C:\CSEE4280\GRP2ADD\FinalProject\MemVga\MemVga.srcs\sources_1\new\Start_Control.v:]
WARNING: [filemgmt 56-199] Attempt to get parsing info during refresh. "On-the-fly" syntax checking information may be incorrect. [C:\CSEE4280\GRP2ADD\FinalProject\MemVga\MemVga.srcs\sources_1\new\KeepGoing_Control.v:]
WARNING: [filemgmt 56-199] Attempt to get parsing info during refresh. "On-the-fly" syntax checking information may be incorrect. [C:\CSEE4280\GRP2ADD\FinalProject\MemVga\MemVga.srcs\sources_1\new\KeepGoing_Control.v:]
WARNING: [filemgmt 56-199] Attempt to get parsing info during refresh. "On-the-fly" syntax checking information may be incorrect. [C:\CSEE4280\GRP2ADD\FinalProject\MemVga\MemVga.srcs\sim_1\new\Start_Control_tb.v:]
WARNING: [filemgmt 56-199] Attempt to get parsing info during refresh. "On-the-fly" syntax checking information may be incorrect. [C:\CSEE4280\GRP2ADD\FinalProject\MemVga\MemVga.srcs\sources_1\new\KeepGoing_Control.v:]
WARNING: [filemgmt 56-199] Attempt to get parsing info during refresh. "On-the-fly" syntax checking information may be incorrect. [C:\CSEE4280\GRP2ADD\FinalProject\Processing\Processing.srcs\sources_1\new\Start_Control.v:]
WARNING: [filemgmt 56-199] Attempt to get parsing info during refresh. "On-the-fly" syntax checking information may be incorrect. [C:\CSEE4280\GRP2ADD\FinalProject\MemVga\MemVga.srcs\sim_1\new\KeepGoing_Control_tb.v:]
WARNING: [filemgmt 56-199] Attempt to get parsing info during refresh. "On-the-fly" syntax checking information may be incorrect. [C:\CSEE4280\GRP2ADD\FinalProject\MemVga\MemVga.srcs\sources_1\new\Control_And_Start.v:]
WARNING: [filemgmt 56-199] Attempt to get parsing info during refresh. "On-the-fly" syntax checking information may be incorrect. [C:\CSEE4280\GRP2ADD\FinalProject\MemVga\MemVga.srcs\sources_1\new\Start_Control.v:]
WARNING: [filemgmt 56-199] Attempt to get parsing info during refresh. "On-the-fly" syntax checking information may be incorrect. [C:\CSEE4280\GRP2ADD\FinalProject\MemVga\MemVga.srcs\sim_1\new\KeepGoing_Control_tb.v:]
WARNING: [filemgmt 56-199] Attempt to get parsing info during refresh. "On-the-fly" syntax checking information may be incorrect. [C:\CSEE4280\GRP2ADD\FinalProject\MemVga\MemVga.srcs\sim_1\new\KeepGoing_Control_tb.v:]
WARNING: [filemgmt 56-199] Attempt to get parsing info during refresh. "On-the-fly" syntax checking information may be incorrect. [C:\CSEE4280\GRP2ADD\FinalProject\MemVga\MemVga.srcs\sim_1\new\Start_Control_tb.v:]
set_property top KeepGoing_Control_tb [get_filesets sim_1]
set_property top_lib xil_defaultlib [get_filesets sim_1]
WARNING: [filemgmt 56-199] Attempt to get parsing info during refresh. "On-the-fly" syntax checking information may be incorrect. [C:\CSEE4280\GRP2ADD\FinalProject\MemVga\MemVga.srcs\sim_1\new\Start_Control_tb.v:]
WARNING: [filemgmt 56-199] Attempt to get parsing info during refresh. "On-the-fly" syntax checking information may be incorrect. [C:\CSEE4280\GRP2ADD\FinalProject\MemVga\MemVga.srcs\sources_1\new\KeepGoing_Control.v:]
WARNING: [filemgmt 56-199] Attempt to get parsing info during refresh. "On-the-fly" syntax checking information may be incorrect. [C:\CSEE4280\GRP2ADD\FinalProject\Processing\Processing.srcs\sources_1\new\Start_Control.v:]
WARNING: [filemgmt 56-199] Attempt to get parsing info during refresh. "On-the-fly" syntax checking information may be incorrect. [C:\CSEE4280\GRP2ADD\FinalProject\MemVga\MemVga.srcs\sim_1\new\KeepGoing_Control_tb.v:]
WARNING: [filemgmt 56-199] Attempt to get parsing info during refresh. "On-the-fly" syntax checking information may be incorrect. [C:\CSEE4280\GRP2ADD\FinalProject\MemVga\MemVga.srcs\sources_1\new\Control_And_Start.v:]
WARNING: [filemgmt 56-199] Attempt to get parsing info during refresh. "On-the-fly" syntax checking information may be incorrect. [C:\CSEE4280\GRP2ADD\FinalProject\MemVga\MemVga.srcs\sources_1\new\Start_Control.v:]
WARNING: [filemgmt 56-199] Attempt to get parsing info during refresh. "On-the-fly" syntax checking information may be incorrect. [C:\CSEE4280\GRP2ADD\FinalProject\MemVga\MemVga.srcs\sources_1\new\Control_And_Start.v:]
WARNING: [filemgmt 56-199] Attempt to get parsing info during refresh. "On-the-fly" syntax checking information may be incorrect. [C:\CSEE4280\GRP2ADD\FinalProject\MemVga\MemVga.srcs\sources_1\new\Control_And_Start.v:]
WARNING: [filemgmt 56-199] Attempt to get parsing info during refresh. "On-the-fly" syntax checking information may be incorrect. [C:\CSEE4280\GRP2ADD\FinalProject\MemVga\MemVga.srcs\sim_1\new\Start_Control_tb.v:]
WARNING: [filemgmt 56-199] Attempt to get parsing info during refresh. "On-the-fly" syntax checking information may be incorrect. [C:\CSEE4280\GRP2ADD\FinalProject\MemVga\MemVga.srcs\sources_1\new\KeepGoing_Control.v:]
WARNING: [filemgmt 56-199] Attempt to get parsing info during refresh. "On-the-fly" syntax checking information may be incorrect. [C:\CSEE4280\GRP2ADD\FinalProject\Processing\Processing.srcs\sources_1\new\Start_Control.v:]
WARNING: [filemgmt 56-199] Attempt to get parsing info during refresh. "On-the-fly" syntax checking information may be incorrect. [C:\CSEE4280\GRP2ADD\FinalProject\MemVga\MemVga.srcs\sim_1\new\KeepGoing_Control_tb.v:]
WARNING: [filemgmt 56-199] Attempt to get parsing info during refresh. "On-the-fly" syntax checking information may be incorrect. [C:\CSEE4280\GRP2ADD\FinalProject\MemVga\MemVga.srcs\sources_1\new\Control_And_Start.v:]
WARNING: [filemgmt 56-199] Attempt to get parsing info during refresh. "On-the-fly" syntax checking information may be incorrect. [C:\CSEE4280\GRP2ADD\FinalProject\MemVga\MemVga.srcs\sources_1\new\Start_Control.v:]
WARNING: [filemgmt 56-199] Attempt to get parsing info during refresh. "On-the-fly" syntax checking information may be incorrect. [C:\CSEE4280\GRP2ADD\FinalProject\Processing\Processing.srcs\sources_1\new\Start_Control.v:]
WARNING: [filemgmt 56-199] Attempt to get parsing info during refresh. "On-the-fly" syntax checking information may be incorrect. [C:\CSEE4280\GRP2ADD\FinalProject\Processing\Processing.srcs\sources_1\new\Start_Control.v:]
WARNING: [filemgmt 56-199] Attempt to get parsing info during refresh. "On-the-fly" syntax checking information may be incorrect. [C:\CSEE4280\GRP2ADD\FinalProject\MemVga\MemVga.srcs\sim_1\new\Start_Control_tb.v:]
WARNING: [filemgmt 56-199] Attempt to get parsing info during refresh. "On-the-fly" syntax checking information may be incorrect. [C:\CSEE4280\GRP2ADD\FinalProject\MemVga\MemVga.srcs\sources_1\new\KeepGoing_Control.v:]
WARNING: [filemgmt 56-199] Attempt to get parsing info during refresh. "On-the-fly" syntax checking information may be incorrect. [C:\CSEE4280\GRP2ADD\FinalProject\Processing\Processing.srcs\sources_1\new\Start_Control.v:]
WARNING: [filemgmt 56-199] Attempt to get parsing info during refresh. "On-the-fly" syntax checking information may be incorrect. [C:\CSEE4280\GRP2ADD\FinalProject\MemVga\MemVga.srcs\sim_1\new\KeepGoing_Control_tb.v:]
WARNING: [filemgmt 56-199] Attempt to get parsing info during refresh. "On-the-fly" syntax checking information may be incorrect. [C:\CSEE4280\GRP2ADD\FinalProject\MemVga\MemVga.srcs\sources_1\new\Control_And_Start.v:]
WARNING: [filemgmt 56-199] Attempt to get parsing info during refresh. "On-the-fly" syntax checking information may be incorrect. [C:\CSEE4280\GRP2ADD\FinalProject\MemVga\MemVga.srcs\sources_1\new\Start_Control.v:]
WARNING: [filemgmt 56-199] Attempt to get parsing info during refresh. "On-the-fly" syntax checking information may be incorrect. [C:\CSEE4280\GRP2ADD\FinalProject\MemVga\MemVga.srcs\sim_1\new\KeepGoing_Control_tb.v:]
WARNING: [filemgmt 56-199] Attempt to get parsing info during refresh. "On-the-fly" syntax checking information may be incorrect. [C:\CSEE4280\GRP2ADD\FinalProject\MemVga\MemVga.srcs\sim_1\new\KeepGoing_Control_tb.v:]
WARNING: [filemgmt 56-199] Attempt to get parsing info during refresh. "On-the-fly" syntax checking information may be incorrect. [C:\CSEE4280\GRP2ADD\FinalProject\MemVga\MemVga.srcs\sim_1\new\Start_Control_tb.v:]
WARNING: [filemgmt 56-199] Attempt to get parsing info during refresh. "On-the-fly" syntax checking information may be incorrect. [C:\CSEE4280\GRP2ADD\FinalProject\MemVga\MemVga.srcs\sources_1\new\KeepGoing_Control.v:]
WARNING: [filemgmt 56-199] Attempt to get parsing info during refresh. "On-the-fly" syntax checking information may be incorrect. [C:\CSEE4280\GRP2ADD\FinalProject\Processing\Processing.srcs\sources_1\new\Start_Control.v:]
WARNING: [filemgmt 56-199] Attempt to get parsing info during refresh. "On-the-fly" syntax checking information may be incorrect. [C:\CSEE4280\GRP2ADD\FinalProject\MemVga\MemVga.srcs\sim_1\new\KeepGoing_Control_tb.v:]
WARNING: [filemgmt 56-199] Attempt to get parsing info during refresh. "On-the-fly" syntax checking information may be incorrect. [C:\CSEE4280\GRP2ADD\FinalProject\MemVga\MemVga.srcs\sources_1\new\Control_And_Start.v:]
WARNING: [filemgmt 56-199] Attempt to get parsing info during refresh. "On-the-fly" syntax checking information may be incorrect. [C:\CSEE4280\GRP2ADD\FinalProject\MemVga\MemVga.srcs\sources_1\new\Start_Control.v:]
WARNING: [filemgmt 56-199] Attempt to get parsing info during refresh. "On-the-fly" syntax checking information may be incorrect. [C:\CSEE4280\GRP2ADD\FinalProject\MemVga\MemVga.srcs\sources_1\new\KeepGoing_Control.v:]
WARNING: [filemgmt 56-199] Attempt to get parsing info during refresh. "On-the-fly" syntax checking information may be incorrect. [C:\CSEE4280\GRP2ADD\FinalProject\MemVga\MemVga.srcs\sources_1\new\KeepGoing_Control.v:]
WARNING: [filemgmt 56-199] Attempt to get parsing info during refresh. "On-the-fly" syntax checking information may be incorrect. [C:\CSEE4280\GRP2ADD\FinalProject\MemVga\MemVga.srcs\sim_1\new\Start_Control_tb.v:]
WARNING: [filemgmt 56-199] Attempt to get parsing info during refresh. "On-the-fly" syntax checking information may be incorrect. [C:\CSEE4280\GRP2ADD\FinalProject\MemVga\MemVga.srcs\sources_1\new\KeepGoing_Control.v:]
WARNING: [filemgmt 56-199] Attempt to get parsing info during refresh. "On-the-fly" syntax checking information may be incorrect. [C:\CSEE4280\GRP2ADD\FinalProject\Processing\Processing.srcs\sources_1\new\Start_Control.v:]
WARNING: [filemgmt 56-199] Attempt to get parsing info during refresh. "On-the-fly" syntax checking information may be incorrect. [C:\CSEE4280\GRP2ADD\FinalProject\MemVga\MemVga.srcs\sim_1\new\KeepGoing_Control_tb.v:]
WARNING: [filemgmt 56-199] Attempt to get parsing info during refresh. "On-the-fly" syntax checking information may be incorrect. [C:\CSEE4280\GRP2ADD\FinalProject\MemVga\MemVga.srcs\sources_1\new\Control_And_Start.v:]
WARNING: [filemgmt 56-199] Attempt to get parsing info during refresh. "On-the-fly" syntax checking information may be incorrect. [C:\CSEE4280\GRP2ADD\FinalProject\MemVga\MemVga.srcs\sources_1\new\Start_Control.v:]
WARNING: [filemgmt 56-199] Attempt to get parsing info during refresh. "On-the-fly" syntax checking information may be incorrect. [C:\CSEE4280\GRP2ADD\FinalProject\MemVga\MemVga.srcs\sources_1\new\Control_And_Start.v:]
WARNING: [filemgmt 56-199] Attempt to get parsing info during refresh. "On-the-fly" syntax checking information may be incorrect. [C:\CSEE4280\GRP2ADD\FinalProject\MemVga\MemVga.srcs\sources_1\new\Control_And_Start.v:]
WARNING: [filemgmt 56-199] Attempt to get parsing info during refresh. "On-the-fly" syntax checking information may be incorrect. [C:\CSEE4280\GRP2ADD\FinalProject\MemVga\MemVga.srcs\sim_1\new\Start_Control_tb.v:]
WARNING: [filemgmt 56-199] Attempt to get parsing info during refresh. "On-the-fly" syntax checking information may be incorrect. [C:\CSEE4280\GRP2ADD\FinalProject\MemVga\MemVga.srcs\sources_1\new\KeepGoing_Control.v:]
WARNING: [filemgmt 56-199] Attempt to get parsing info during refresh. "On-the-fly" syntax checking information may be incorrect. [C:\CSEE4280\GRP2ADD\FinalProject\Processing\Processing.srcs\sources_1\new\Start_Control.v:]
WARNING: [filemgmt 56-199] Attempt to get parsing info during refresh. "On-the-fly" syntax checking information may be incorrect. [C:\CSEE4280\GRP2ADD\FinalProject\MemVga\MemVga.srcs\sim_1\new\KeepGoing_Control_tb.v:]
WARNING: [filemgmt 56-199] Attempt to get parsing info during refresh. "On-the-fly" syntax checking information may be incorrect. [C:\CSEE4280\GRP2ADD\FinalProject\MemVga\MemVga.srcs\sources_1\new\Control_And_Start.v:]
WARNING: [filemgmt 56-199] Attempt to get parsing info during refresh. "On-the-fly" syntax checking information may be incorrect. [C:\CSEE4280\GRP2ADD\FinalProject\MemVga\MemVga.srcs\sources_1\new\Start_Control.v:]
WARNING: [filemgmt 56-199] Attempt to get parsing info during refresh. "On-the-fly" syntax checking information may be incorrect. [C:\CSEE4280\GRP2ADD\FinalProject\MemVga\MemVga.srcs\sim_1\new\Start_Control_tb.v:]
WARNING: [filemgmt 56-199] Attempt to get parsing info during refresh. "On-the-fly" syntax checking information may be incorrect. [C:\CSEE4280\GRP2ADD\FinalProject\MemVga\MemVga.srcs\sim_1\new\Start_Control_tb.v:]
WARNING: [filemgmt 56-199] Attempt to get parsing info during refresh. "On-the-fly" syntax checking information may be incorrect. [C:\CSEE4280\GRP2ADD\FinalProject\MemVga\MemVga.srcs\sim_1\new\Start_Control_tb.v:]
WARNING: [filemgmt 56-199] Attempt to get parsing info during refresh. "On-the-fly" syntax checking information may be incorrect. [C:\CSEE4280\GRP2ADD\FinalProject\MemVga\MemVga.srcs\sources_1\new\KeepGoing_Control.v:]
WARNING: [filemgmt 56-199] Attempt to get parsing info during refresh. "On-the-fly" syntax checking information may be incorrect. [C:\CSEE4280\GRP2ADD\FinalProject\Processing\Processing.srcs\sources_1\new\Start_Control.v:]
WARNING: [filemgmt 56-199] Attempt to get parsing info during refresh. "On-the-fly" syntax checking information may be incorrect. [C:\CSEE4280\GRP2ADD\FinalProject\MemVga\MemVga.srcs\sim_1\new\KeepGoing_Control_tb.v:]
WARNING: [filemgmt 56-199] Attempt to get parsing info during refresh. "On-the-fly" syntax checking information may be incorrect. [C:\CSEE4280\GRP2ADD\FinalProject\MemVga\MemVga.srcs\sources_1\new\Control_And_Start.v:]
WARNING: [filemgmt 56-199] Attempt to get parsing info during refresh. "On-the-fly" syntax checking information may be incorrect. [C:\CSEE4280\GRP2ADD\FinalProject\MemVga\MemVga.srcs\sources_1\new\Start_Control.v:]
WARNING: [filemgmt 56-199] Attempt to get parsing info during refresh. "On-the-fly" syntax checking information may be incorrect. [C:\CSEE4280\GRP2ADD\FinalProject\MemVga\MemVga.srcs\sim_1\new\KeepGoing_Control_tb.v:]
WARNING: [filemgmt 56-199] Attempt to get parsing info during refresh. "On-the-fly" syntax checking information may be incorrect. [C:\CSEE4280\GRP2ADD\FinalProject\MemVga\MemVga.srcs\sim_1\new\KeepGoing_Control_tb.v:]
WARNING: [filemgmt 56-199] Attempt to get parsing info during refresh. "On-the-fly" syntax checking information may be incorrect. [C:\CSEE4280\GRP2ADD\FinalProject\MemVga\MemVga.srcs\sim_1\new\Start_Control_tb.v:]
WARNING: [filemgmt 56-199] Attempt to get parsing info during refresh. "On-the-fly" syntax checking information may be incorrect. [C:\CSEE4280\GRP2ADD\FinalProject\MemVga\MemVga.srcs\sources_1\new\KeepGoing_Control.v:]
WARNING: [filemgmt 56-199] Attempt to get parsing info during refresh. "On-the-fly" syntax checking information may be incorrect. [C:\CSEE4280\GRP2ADD\FinalProject\Processing\Processing.srcs\sources_1\new\Start_Control.v:]
WARNING: [filemgmt 56-199] Attempt to get parsing info during refresh. "On-the-fly" syntax checking information may be incorrect. [C:\CSEE4280\GRP2ADD\FinalProject\MemVga\MemVga.srcs\sim_1\new\KeepGoing_Control_tb.v:]
WARNING: [filemgmt 56-199] Attempt to get parsing info during refresh. "On-the-fly" syntax checking information may be incorrect. [C:\CSEE4280\GRP2ADD\FinalProject\MemVga\MemVga.srcs\sources_1\new\Control_And_Start.v:]
WARNING: [filemgmt 56-199] Attempt to get parsing info during refresh. "On-the-fly" syntax checking information may be incorrect. [C:\CSEE4280\GRP2ADD\FinalProject\MemVga\MemVga.srcs\sources_1\new\Start_Control.v:]
WARNING: [filemgmt 56-199] Attempt to get parsing info during refresh. "On-the-fly" syntax checking information may be incorrect. [C:\CSEE4280\GRP2ADD\FinalProject\MemVga\MemVga.srcs\sim_1\new\Start_Control_tb.v:]
WARNING: [filemgmt 56-199] Attempt to get parsing info during refresh. "On-the-fly" syntax checking information may be incorrect. [C:\CSEE4280\GRP2ADD\FinalProject\MemVga\MemVga.srcs\sim_1\new\Start_Control_tb.v:]
update_compile_order -fileset sim_1
WARNING: [filemgmt 56-199] Attempt to get parsing info during refresh. "On-the-fly" syntax checking information may be incorrect. [C:\CSEE4280\GRP2ADD\FinalProject\MemVga\MemVga.srcs\sim_1\new\Start_Control_tb.v:]
WARNING: [filemgmt 56-199] Attempt to get parsing info during refresh. "On-the-fly" syntax checking information may be incorrect. [C:\CSEE4280\GRP2ADD\FinalProject\MemVga\MemVga.srcs\sources_1\new\KeepGoing_Control.v:]
WARNING: [filemgmt 56-199] Attempt to get parsing info during refresh. "On-the-fly" syntax checking information may be incorrect. [C:\CSEE4280\GRP2ADD\FinalProject\Processing\Processing.srcs\sources_1\new\Start_Control.v:]
WARNING: [filemgmt 56-199] Attempt to get parsing info during refresh. "On-the-fly" syntax checking information may be incorrect. [C:\CSEE4280\GRP2ADD\FinalProject\MemVga\MemVga.srcs\sim_1\new\KeepGoing_Control_tb.v:]
WARNING: [filemgmt 56-199] Attempt to get parsing info during refresh. "On-the-fly" syntax checking information may be incorrect. [C:\CSEE4280\GRP2ADD\FinalProject\MemVga\MemVga.srcs\sources_1\new\Control_And_Start.v:]
WARNING: [filemgmt 56-199] Attempt to get parsing info during refresh. "On-the-fly" syntax checking information may be incorrect. [C:\CSEE4280\GRP2ADD\FinalProject\MemVga\MemVga.srcs\sources_1\new\Start_Control.v:]
WARNING: [filemgmt 56-199] Attempt to get parsing info during refresh. "On-the-fly" syntax checking information may be incorrect. [C:\CSEE4280\GRP2ADD\FinalProject\Processing\Processing.srcs\sources_1\new\Start_Control.v:]
WARNING: [filemgmt 56-199] Attempt to get parsing info during refresh. "On-the-fly" syntax checking information may be incorrect. [C:\CSEE4280\GRP2ADD\FinalProject\Processing\Processing.srcs\sources_1\new\Start_Control.v:]
WARNING: [filemgmt 56-199] Attempt to get parsing info during refresh. "On-the-fly" syntax checking information may be incorrect. [C:\CSEE4280\GRP2ADD\FinalProject\MemVga\MemVga.srcs\sim_1\new\Start_Control_tb.v:]
WARNING: [filemgmt 56-199] Attempt to get parsing info during refresh. "On-the-fly" syntax checking information may be incorrect. [C:\CSEE4280\GRP2ADD\FinalProject\MemVga\MemVga.srcs\sources_1\new\KeepGoing_Control.v:]
WARNING: [filemgmt 56-199] Attempt to get parsing info during refresh. "On-the-fly" syntax checking information may be incorrect. [C:\CSEE4280\GRP2ADD\FinalProject\Processing\Processing.srcs\sources_1\new\Start_Control.v:]
WARNING: [filemgmt 56-199] Attempt to get parsing info during refresh. "On-the-fly" syntax checking information may be incorrect. [C:\CSEE4280\GRP2ADD\FinalProject\MemVga\MemVga.srcs\sim_1\new\KeepGoing_Control_tb.v:]
WARNING: [filemgmt 56-199] Attempt to get parsing info during refresh. "On-the-fly" syntax checking information may be incorrect. [C:\CSEE4280\GRP2ADD\FinalProject\MemVga\MemVga.srcs\sources_1\new\Control_And_Start.v:]
WARNING: [filemgmt 56-199] Attempt to get parsing info during refresh. "On-the-fly" syntax checking information may be incorrect. [C:\CSEE4280\GRP2ADD\FinalProject\MemVga\MemVga.srcs\sources_1\new\Start_Control.v:]
WARNING: [filemgmt 56-199] Attempt to get parsing info during refresh. "On-the-fly" syntax checking information may be incorrect. [C:\CSEE4280\GRP2ADD\FinalProject\Processing\Processing.srcs\sources_1\new\Start_Control.v:]
WARNING: [filemgmt 56-199] Attempt to get parsing info during refresh. "On-the-fly" syntax checking information may be incorrect. [C:\CSEE4280\GRP2ADD\FinalProject\Processing\Processing.srcs\sources_1\new\Start_Control.v:]
WARNING: [filemgmt 56-199] Attempt to get parsing info during refresh. "On-the-fly" syntax checking information may be incorrect. [C:\CSEE4280\GRP2ADD\FinalProject\MemVga\MemVga.srcs\sim_1\new\Start_Control_tb.v:]
WARNING: [filemgmt 56-199] Attempt to get parsing info during refresh. "On-the-fly" syntax checking information may be incorrect. [C:\CSEE4280\GRP2ADD\FinalProject\MemVga\MemVga.srcs\sources_1\new\KeepGoing_Control.v:]
WARNING: [filemgmt 56-199] Attempt to get parsing info during refresh. "On-the-fly" syntax checking information may be incorrect. [C:\CSEE4280\GRP2ADD\FinalProject\Processing\Processing.srcs\sources_1\new\Start_Control.v:]
WARNING: [filemgmt 56-199] Attempt to get parsing info during refresh. "On-the-fly" syntax checking information may be incorrect. [C:\CSEE4280\GRP2ADD\FinalProject\MemVga\MemVga.srcs\sim_1\new\KeepGoing_Control_tb.v:]
WARNING: [filemgmt 56-199] Attempt to get parsing info during refresh. "On-the-fly" syntax checking information may be incorrect. [C:\CSEE4280\GRP2ADD\FinalProject\MemVga\MemVga.srcs\sources_1\new\Control_And_Start.v:]
WARNING: [filemgmt 56-199] Attempt to get parsing info during refresh. "On-the-fly" syntax checking information may be incorrect. [C:\CSEE4280\GRP2ADD\FinalProject\MemVga\MemVga.srcs\sources_1\new\Start_Control.v:]
WARNING: [filemgmt 56-199] Attempt to get parsing info during refresh. "On-the-fly" syntax checking information may be incorrect. [C:\CSEE4280\GRP2ADD\FinalProject\MemVga\MemVga.srcs\sim_1\new\Start_Control_tb.v:]
WARNING: [filemgmt 56-199] Attempt to get parsing info during refresh. "On-the-fly" syntax checking information may be incorrect. [C:\CSEE4280\GRP2ADD\FinalProject\MemVga\MemVga.srcs\sim_1\new\Start_Control_tb.v:]
WARNING: [filemgmt 56-199] Attempt to get parsing info during refresh. "On-the-fly" syntax checking information may be incorrect. [C:\CSEE4280\GRP2ADD\FinalProject\MemVga\MemVga.srcs\sim_1\new\Start_Control_tb.v:]
WARNING: [filemgmt 56-199] Attempt to get parsing info during refresh. "On-the-fly" syntax checking information may be incorrect. [C:\CSEE4280\GRP2ADD\FinalProject\MemVga\MemVga.srcs\sources_1\new\KeepGoing_Control.v:]
WARNING: [filemgmt 56-199] Attempt to get parsing info during refresh. "On-the-fly" syntax checking information may be incorrect. [C:\CSEE4280\GRP2ADD\FinalProject\Processing\Processing.srcs\sources_1\new\Start_Control.v:]
WARNING: [filemgmt 56-199] Attempt to get parsing info during refresh. "On-the-fly" syntax checking information may be incorrect. [C:\CSEE4280\GRP2ADD\FinalProject\MemVga\MemVga.srcs\sim_1\new\KeepGoing_Control_tb.v:]
WARNING: [filemgmt 56-199] Attempt to get parsing info during refresh. "On-the-fly" syntax checking information may be incorrect. [C:\CSEE4280\GRP2ADD\FinalProject\MemVga\MemVga.srcs\sources_1\new\Control_And_Start.v:]
WARNING: [filemgmt 56-199] Attempt to get parsing info during refresh. "On-the-fly" syntax checking information may be incorrect. [C:\CSEE4280\GRP2ADD\FinalProject\MemVga\MemVga.srcs\sources_1\new\Start_Control.v:]
WARNING: [filemgmt 56-199] Attempt to get parsing info during refresh. "On-the-fly" syntax checking information may be incorrect. [C:\CSEE4280\GRP2ADD\FinalProject\MemVga\MemVga.srcs\sources_1\new\KeepGoing_Control.v:]
WARNING: [filemgmt 56-199] Attempt to get parsing info during refresh. "On-the-fly" syntax checking information may be incorrect. [C:\CSEE4280\GRP2ADD\FinalProject\MemVga\MemVga.srcs\sources_1\new\KeepGoing_Control.v:]
WARNING: [filemgmt 56-199] Attempt to get parsing info during refresh. "On-the-fly" syntax checking information may be incorrect. [C:\CSEE4280\GRP2ADD\FinalProject\MemVga\MemVga.srcs\sim_1\new\Start_Control_tb.v:]
WARNING: [filemgmt 56-199] Attempt to get parsing info during refresh. "On-the-fly" syntax checking information may be incorrect. [C:\CSEE4280\GRP2ADD\FinalProject\MemVga\MemVga.srcs\sources_1\new\KeepGoing_Control.v:]
WARNING: [filemgmt 56-199] Attempt to get parsing info during refresh. "On-the-fly" syntax checking information may be incorrect. [C:\CSEE4280\GRP2ADD\FinalProject\Processing\Processing.srcs\sources_1\new\Start_Control.v:]
WARNING: [filemgmt 56-199] Attempt to get parsing info during refresh. "On-the-fly" syntax checking information may be incorrect. [C:\CSEE4280\GRP2ADD\FinalProject\MemVga\MemVga.srcs\sim_1\new\KeepGoing_Control_tb.v:]
INFO: [Common 17-14] Message 'filemgmt 56-199' appears 100 times and further instances of the messages will be disabled. Use the Tcl command set_msg_config to change the current settings.
launch_simulation
Command: launch_simulation 
INFO: [Vivado 12-12493] Simulation top is 'KeepGoing_Control_tb'
WARNING: [Vivado 12-13340] Unable to auto find GCC executables from simulator install path! (path not set)
boost::filesystem::remove: The process cannot access the file because it is being used by another process: "C:/CSEE4280/GRP2ADD/FinalProject/MemVga/MemVga.sim/sim_1/behav/xsim/simulate.log"
WARNING: [filemgmt 56-199] Attempt to get parsing info during refresh. "On-the-fly" syntax checking information may be incorrect. [C:\CSEE4280\GRP2ADD\FinalProject\MemVga\MemVga.srcs\sim_1\new\Start_Control_tb.v:]
WARNING: [filemgmt 56-199] Attempt to get parsing info during refresh. "On-the-fly" syntax checking information may be incorrect. [C:\CSEE4280\GRP2ADD\FinalProject\MemVga\MemVga.srcs\sources_1\new\KeepGoing_Control.v:]
WARNING: [filemgmt 56-199] Attempt to get parsing info during refresh. "On-the-fly" syntax checking information may be incorrect. [C:\CSEE4280\GRP2ADD\FinalProject\Processing\Processing.srcs\sources_1\new\Start_Control.v:]
WARNING: [filemgmt 56-199] Attempt to get parsing info during refresh. "On-the-fly" syntax checking information may be incorrect. [C:\CSEE4280\GRP2ADD\FinalProject\MemVga\MemVga.srcs\sim_1\new\KeepGoing_Control_tb.v:]
WARNING: [filemgmt 56-199] Attempt to get parsing info during refresh. "On-the-fly" syntax checking information may be incorrect. [C:\CSEE4280\GRP2ADD\FinalProject\MemVga\MemVga.srcs\sources_1\new\Control_And_Start.v:]
WARNING: [filemgmt 56-199] Attempt to get parsing info during refresh. "On-the-fly" syntax checking information may be incorrect. [C:\CSEE4280\GRP2ADD\FinalProject\MemVga\MemVga.srcs\sources_1\new\Start_Control.v:]
WARNING: [filemgmt 56-199] Attempt to get parsing info during refresh. "On-the-fly" syntax checking information may be incorrect. [C:\CSEE4280\GRP2ADD\FinalProject\MemVga\MemVga.srcs\sources_1\new\Control_And_Start.v:]
WARNING: [filemgmt 56-199] Attempt to get parsing info during refresh. "On-the-fly" syntax checking information may be incorrect. [C:\CSEE4280\GRP2ADD\FinalProject\MemVga\MemVga.srcs\sources_1\new\Control_And_Start.v:]
close_sim
INFO: [Simtcl 6-16] Simulation closed
launch_simulation
Command: launch_simulation 
INFO: [Vivado 12-12493] Simulation top is 'KeepGoing_Control_tb'
WARNING: [Vivado 12-13340] Unable to auto find GCC executables from simulator install path! (path not set)
INFO: [Vivado 12-5682] Launching behavioral simulation in 'C:/CSEE4280/GRP2ADD/FinalProject/MemVga/MemVga.sim/sim_1/behav/xsim'
INFO: [SIM-utils-51] Simulation object is 'sim_1'
INFO: [SIM-utils-72] Using boost library from 'C:/Xilinx/Vivado/2024.2/tps/boost_1_72_0'
INFO: [SIM-utils-54] Inspecting design source files for 'KeepGoing_Control_tb' in fileset 'sim_1'...
INFO: [USF-XSim-97] Finding global include files...
INFO: [USF-XSim-98] Fetching design files from 'sim_1'...
INFO: [USF-XSim-2] XSim::Compile design
INFO: [USF-XSim-61] Executing 'COMPILE and ANALYZE' step in 'C:/CSEE4280/GRP2ADD/FinalProject/MemVga/MemVga.sim/sim_1/behav/xsim'
"xvlog --incr --relax -prj KeepGoing_Control_tb_vlog.prj"
INFO: [VRFC 10-2263] Analyzing Verilog file "C:/CSEE4280/GRP2ADD/FinalProject/MemVga/MemVga.srcs/sim_1/new/KeepGoing_Control_tb.v" into library xil_defaultlib
INFO: [VRFC 10-311] analyzing module KeepGoing_Control_tb
INFO: [USF-XSim-69] 'compile' step finished in '1' seconds
INFO: [USF-XSim-3] XSim::Elaborate design
INFO: [USF-XSim-61] Executing 'ELABORATE' step in 'C:/CSEE4280/GRP2ADD/FinalProject/MemVga/MemVga.sim/sim_1/behav/xsim'
"xelab --incr --debug typical --relax --mt 2 -L xil_defaultlib -L unisims_ver -L unimacro_ver -L secureip --snapshot KeepGoing_Control_tb_behav xil_defaultlib.KeepGoing_Control_tb xil_defaultlib.glbl -log elaborate.log"
Vivado Simulator v2024.2.0
Copyright 1986-2022 Xilinx, Inc. All Rights Reserved.
Copyright 2022-2024 Advanced Micro Devices, Inc. All Rights Reserved.
Running: C:/Xilinx/Vivado/2024.2/bin/unwrapped/win64.o/xelab.exe --incr --debug typical --relax --mt 2 -L xil_defaultlib -L unisims_ver -L unimacro_ver -L secureip --snapshot KeepGoing_Control_tb_behav xil_defaultlib.KeepGoing_Control_tb xil_defaultlib.glbl -log elaborate.log 
Using 2 slave threads.
Starting static elaboration
Pass Through NonSizing Optimizer
Completed static elaboration
Starting simulation data flow analysis
Completed simulation data flow analysis
Time Resolution for simulation is 1ps
Compiling module xil_defaultlib.Start_Control
Compiling module xil_defaultlib.KeepGoing_Control_tb
Compiling module xil_defaultlib.glbl
Built simulation snapshot KeepGoing_Control_tb_behav
INFO: [USF-XSim-69] 'elaborate' step finished in '2' seconds
INFO: [USF-XSim-4] XSim::Simulate design
INFO: [USF-XSim-61] Executing 'SIMULATE' step in 'C:/CSEE4280/GRP2ADD/FinalProject/MemVga/MemVga.sim/sim_1/behav/xsim'
INFO: [USF-XSim-98] *** Running xsim
   with args "KeepGoing_Control_tb_behav -key {Behavioral:sim_1:Functional:KeepGoing_Control_tb} -tclbatch {KeepGoing_Control_tb.tcl} -log {simulate.log}"
INFO: [USF-XSim-8] Loading simulator feature
Time resolution is 1 ps
source KeepGoing_Control_tb.tcl
# set curr_wave [current_wave_config]
# if { [string length $curr_wave] == 0 } {
#   if { [llength [get_objects]] > 0} {
#     add_wave /
#     set_property needs_save false [current_wave_config]
#   } else {
#      send_msg_id Add_Wave-1 WARNING "No top level signals found. Simulator will start without a wave window. If you want to open a wave window go to 'File->New Waveform Configuration' or type 'create_wave_config' in the TCL console."
#   }
# }
# log_wave -r /
# run 50000ns
Test has finished with 0 errors
INFO: [USF-XSim-96] XSim completed. Design snapshot 'KeepGoing_Control_tb_behav' loaded.
INFO: [USF-XSim-97] XSim simulation ran for 50000ns
launch_simulation: Time (s): cpu = 00:00:03 ; elapsed = 00:00:06 . Memory (MB): peak = 2616.320 ; gain = 0.000
WARNING: [filemgmt 56-199] Attempt to get parsing info during refresh. "On-the-fly" syntax checking information may be incorrect. [C:\CSEE4280\GRP2ADD\FinalProject\MemVga\MemVga.srcs\sim_1\new\Start_Control_tb.v:]
WARNING: [filemgmt 56-199] Attempt to get parsing info during refresh. "On-the-fly" syntax checking information may be incorrect. [C:\CSEE4280\GRP2ADD\FinalProject\Processing\Processing.srcs\sources_1\new\Start_Control.v:]
WARNING: [filemgmt 56-199] Attempt to get parsing info during refresh. "On-the-fly" syntax checking information may be incorrect. [C:\CSEE4280\GRP2ADD\FinalProject\MemVga\MemVga.srcs\sources_1\new\Control_And_Start.v:]
WARNING: [filemgmt 56-199] Attempt to get parsing info during refresh. "On-the-fly" syntax checking information may be incorrect. [C:\CSEE4280\GRP2ADD\FinalProject\MemVga\MemVga.srcs\sources_1\new\Start_Control.v:]
WARNING: [filemgmt 56-199] Attempt to get parsing info during refresh. "On-the-fly" syntax checking information may be incorrect. [C:\CSEE4280\GRP2ADD\FinalProject\MemVga\MemVga.srcs\sources_1\new\Control_And_Start.v:]
WARNING: [filemgmt 56-199] Attempt to get parsing info during refresh. "On-the-fly" syntax checking information may be incorrect. [C:\CSEE4280\GRP2ADD\FinalProject\MemVga\MemVga.srcs\sources_1\new\Control_And_Start.v:]
WARNING: [filemgmt 56-199] Attempt to get parsing info during refresh. "On-the-fly" syntax checking information may be incorrect. [C:\CSEE4280\GRP2ADD\FinalProject\MemVga\MemVga.srcs\sim_1\new\Start_Control_tb.v:]
WARNING: [filemgmt 56-199] Attempt to get parsing info during refresh. "On-the-fly" syntax checking information may be incorrect. [C:\CSEE4280\GRP2ADD\FinalProject\Processing\Processing.srcs\sources_1\new\Start_Control.v:]
WARNING: [filemgmt 56-199] Attempt to get parsing info during refresh. "On-the-fly" syntax checking information may be incorrect. [C:\CSEE4280\GRP2ADD\FinalProject\MemVga\MemVga.srcs\sources_1\new\Control_And_Start.v:]
WARNING: [filemgmt 56-199] Attempt to get parsing info during refresh. "On-the-fly" syntax checking information may be incorrect. [C:\CSEE4280\GRP2ADD\FinalProject\MemVga\MemVga.srcs\sources_1\new\Start_Control.v:]
WARNING: [filemgmt 56-199] Attempt to get parsing info during refresh. "On-the-fly" syntax checking information may be incorrect. [C:\CSEE4280\GRP2ADD\FinalProject\MemVga\MemVga.srcs\sim_1\new\Start_Control_tb.v:]
WARNING: [filemgmt 56-199] Attempt to get parsing info during refresh. "On-the-fly" syntax checking information may be incorrect. [C:\CSEE4280\GRP2ADD\FinalProject\MemVga\MemVga.srcs\sim_1\new\Start_Control_tb.v:]
update_compile_order -fileset sources_1
WARNING: [filemgmt 56-199] Attempt to get parsing info during refresh. "On-the-fly" syntax checking information may be incorrect. [C:\CSEE4280\GRP2ADD\FinalProject\MemVga\MemVga.srcs\sim_1\new\Start_Control_tb.v:]
WARNING: [filemgmt 56-199] Attempt to get parsing info during refresh. "On-the-fly" syntax checking information may be incorrect. [C:\CSEE4280\GRP2ADD\FinalProject\Processing\Processing.srcs\sources_1\new\Start_Control.v:]
WARNING: [filemgmt 56-199] Attempt to get parsing info during refresh. "On-the-fly" syntax checking information may be incorrect. [C:\CSEE4280\GRP2ADD\FinalProject\MemVga\MemVga.srcs\sources_1\new\Control_And_Start.v:]
WARNING: [filemgmt 56-199] Attempt to get parsing info during refresh. "On-the-fly" syntax checking information may be incorrect. [C:\CSEE4280\GRP2ADD\FinalProject\MemVga\MemVga.srcs\sources_1\new\Start_Control.v:]
WARNING: [filemgmt 56-199] Attempt to get parsing info during refresh. "On-the-fly" syntax checking information may be incorrect. [C:\CSEE4280\GRP2ADD\FinalProject\Processing\Processing.srcs\sources_1\new\Start_Control.v:]
WARNING: [filemgmt 56-199] Attempt to get parsing info during refresh. "On-the-fly" syntax checking information may be incorrect. [C:\CSEE4280\GRP2ADD\FinalProject\Processing\Processing.srcs\sources_1\new\Start_Control.v:]
WARNING: [filemgmt 56-199] Attempt to get parsing info during refresh. "On-the-fly" syntax checking information may be incorrect. [C:\CSEE4280\GRP2ADD\FinalProject\MemVga\MemVga.srcs\sim_1\new\Start_Control_tb.v:]
WARNING: [filemgmt 56-199] Attempt to get parsing info during refresh. "On-the-fly" syntax checking information may be incorrect. [C:\CSEE4280\GRP2ADD\FinalProject\Processing\Processing.srcs\sources_1\new\Start_Control.v:]
WARNING: [filemgmt 56-199] Attempt to get parsing info during refresh. "On-the-fly" syntax checking information may be incorrect. [C:\CSEE4280\GRP2ADD\FinalProject\MemVga\MemVga.srcs\sources_1\new\Control_And_Start.v:]
WARNING: [filemgmt 56-199] Attempt to get parsing info during refresh. "On-the-fly" syntax checking information may be incorrect. [C:\CSEE4280\GRP2ADD\FinalProject\MemVga\MemVga.srcs\sources_1\new\Start_Control.v:]
WARNING: [filemgmt 56-199] Attempt to get parsing info during refresh. "On-the-fly" syntax checking information may be incorrect. [C:\CSEE4280\GRP2ADD\FinalProject\MemVga\MemVga.srcs\sources_1\new\Control_And_Start.v:]
WARNING: [filemgmt 56-199] Attempt to get parsing info during refresh. "On-the-fly" syntax checking information may be incorrect. [C:\CSEE4280\GRP2ADD\FinalProject\MemVga\MemVga.srcs\sources_1\new\Control_And_Start.v:]
WARNING: [filemgmt 56-199] Attempt to get parsing info during refresh. "On-the-fly" syntax checking information may be incorrect. [C:\CSEE4280\GRP2ADD\FinalProject\MemVga\MemVga.srcs\sim_1\new\Start_Control_tb.v:]
WARNING: [filemgmt 56-199] Attempt to get parsing info during refresh. "On-the-fly" syntax checking information may be incorrect. [C:\CSEE4280\GRP2ADD\FinalProject\MemVga\MemVga.srcs\sources_1\imports\FinalProject\VGAOutput\VGAOutput.srcs\sources_1\new\VGA_Out.sv:]
WARNING: [filemgmt 56-199] Attempt to get parsing info during refresh. "On-the-fly" syntax checking information may be incorrect. [C:\CSEE4280\GRP2ADD\FinalProject\Processing\Processing.srcs\sources_1\new\Start_Control.v:]
WARNING: [filemgmt 56-199] Attempt to get parsing info during refresh. "On-the-fly" syntax checking information may be incorrect. [C:\CSEE4280\GRP2ADD\FinalProject\MemVga\MemVga.srcs\sources_1\new\Control_And_Start.v:]
WARNING: [filemgmt 56-199] Attempt to get parsing info during refresh. "On-the-fly" syntax checking information may be incorrect. [C:\CSEE4280\GRP2ADD\FinalProject\MemVga\MemVga.srcs\sources_1\new\Start_Control.v:]
WARNING: [filemgmt 56-199] Attempt to get parsing info during refresh. "On-the-fly" syntax checking information may be incorrect. [C:\CSEE4280\GRP2ADD\FinalProject\Processing\Processing.srcs\sources_1\new\Auto_Control.v:]
WARNING: [filemgmt 56-199] Attempt to get parsing info during refresh. "On-the-fly" syntax checking information may be incorrect. [C:\CSEE4280\GRP2ADD\FinalProject\MemVga\MemVga.srcs\sources_1\new\Control_And_Start.v:]
WARNING: [filemgmt 56-199] Attempt to get parsing info during refresh. "On-the-fly" syntax checking information may be incorrect. [C:\CSEE4280\GRP2ADD\FinalProject\MemVga\MemVga.srcs\sources_1\new\Control_And_Start.v:]
WARNING: [filemgmt 56-199] Attempt to get parsing info during refresh. "On-the-fly" syntax checking information may be incorrect. [C:\CSEE4280\GRP2ADD\FinalProject\MemVga\MemVga.srcs\sim_1\new\Start_Control_tb.v:]
WARNING: [filemgmt 56-199] Attempt to get parsing info during refresh. "On-the-fly" syntax checking information may be incorrect. [C:\CSEE4280\GRP2ADD\FinalProject\MemVga\MemVga.srcs\sources_1\imports\FinalProject\VGAOutput\VGAOutput.srcs\sources_1\new\VGA_Out.sv:]
WARNING: [filemgmt 56-199] Attempt to get parsing info during refresh. "On-the-fly" syntax checking information may be incorrect. [C:\CSEE4280\GRP2ADD\FinalProject\Processing\Processing.srcs\sources_1\new\Start_Control.v:]
WARNING: [filemgmt 56-199] Attempt to get parsing info during refresh. "On-the-fly" syntax checking information may be incorrect. [C:\CSEE4280\GRP2ADD\FinalProject\MemVga\MemVga.srcs\sources_1\new\Control_And_Start.v:]
WARNING: [filemgmt 56-199] Attempt to get parsing info during refresh. "On-the-fly" syntax checking information may be incorrect. [C:\CSEE4280\GRP2ADD\FinalProject\MemVga\MemVga.srcs\sources_1\new\Start_Control.v:]
WARNING: [filemgmt 56-199] Attempt to get parsing info during refresh. "On-the-fly" syntax checking information may be incorrect. [C:\CSEE4280\GRP2ADD\FinalProject\Processing\Processing.srcs\sources_1\new\Auto_Control.v:]
WARNING: [filemgmt 56-199] Attempt to get parsing info during refresh. "On-the-fly" syntax checking information may be incorrect. [C:\CSEE4280\GRP2ADD\FinalProject\MemVga\MemVga.srcs\sources_1\imports\FinalProject\VGAOutput\VGAOutput.srcs\sources_1\new\VGA_Out.sv:]
WARNING: [filemgmt 56-199] Attempt to get parsing info during refresh. "On-the-fly" syntax checking information may be incorrect. [C:\CSEE4280\GRP2ADD\FinalProject\MemVga\MemVga.srcs\sources_1\imports\FinalProject\VGAOutput\VGAOutput.srcs\sources_1\new\VGA_Out.sv:]
WARNING: [filemgmt 56-199] Attempt to get parsing info during refresh. "On-the-fly" syntax checking information may be incorrect. [C:\CSEE4280\GRP2ADD\FinalProject\MemVga\MemVga.srcs\sim_1\new\Start_Control_tb.v:]
WARNING: [filemgmt 56-199] Attempt to get parsing info during refresh. "On-the-fly" syntax checking information may be incorrect. [C:\CSEE4280\GRP2ADD\FinalProject\MemVga\MemVga.srcs\sources_1\imports\FinalProject\VGAOutput\VGAOutput.srcs\sources_1\new\VGA_Out.sv:]
WARNING: [filemgmt 56-199] Attempt to get parsing info during refresh. "On-the-fly" syntax checking information may be incorrect. [C:\CSEE4280\GRP2ADD\FinalProject\Processing\Processing.srcs\sources_1\new\Start_Control.v:]
WARNING: [filemgmt 56-199] Attempt to get parsing info during refresh. "On-the-fly" syntax checking information may be incorrect. [C:\CSEE4280\GRP2ADD\FinalProject\MemVga\MemVga.srcs\sources_1\new\Control_And_Start.v:]
WARNING: [filemgmt 56-199] Attempt to get parsing info during refresh. "On-the-fly" syntax checking information may be incorrect. [C:\CSEE4280\GRP2ADD\FinalProject\MemVga\MemVga.srcs\sources_1\new\Start_Control.v:]
WARNING: [filemgmt 56-199] Attempt to get parsing info during refresh. "On-the-fly" syntax checking information may be incorrect. [C:\CSEE4280\GRP2ADD\FinalProject\Processing\Processing.srcs\sources_1\new\Auto_Control.v:]
WARNING: [filemgmt 56-199] Attempt to get parsing info during refresh. "On-the-fly" syntax checking information may be incorrect. [C:\CSEE4280\GRP2ADD\FinalProject\Processing\Processing.srcs\sources_1\new\Start_Control.v:]
WARNING: [filemgmt 56-199] Attempt to get parsing info during refresh. "On-the-fly" syntax checking information may be incorrect. [C:\CSEE4280\GRP2ADD\FinalProject\Processing\Processing.srcs\sources_1\new\Start_Control.v:]
WARNING: [filemgmt 56-199] Attempt to get parsing info during refresh. "On-the-fly" syntax checking information may be incorrect. [C:\CSEE4280\GRP2ADD\FinalProject\MemVga\MemVga.srcs\sim_1\new\Start_Control_tb.v:]
WARNING: [filemgmt 56-199] Attempt to get parsing info during refresh. "On-the-fly" syntax checking information may be incorrect. [C:\CSEE4280\GRP2ADD\FinalProject\MemVga\MemVga.srcs\sources_1\imports\FinalProject\VGAOutput\VGAOutput.srcs\sources_1\new\VGA_Out.sv:]
WARNING: [filemgmt 56-199] Attempt to get parsing info during refresh. "On-the-fly" syntax checking information may be incorrect. [C:\CSEE4280\GRP2ADD\FinalProject\Processing\Processing.srcs\sources_1\new\Start_Control.v:]
WARNING: [filemgmt 56-199] Attempt to get parsing info during refresh. "On-the-fly" syntax checking information may be incorrect. [C:\CSEE4280\GRP2ADD\FinalProject\MemVga\MemVga.srcs\sources_1\new\Control_And_Start.v:]
WARNING: [filemgmt 56-199] Attempt to get parsing info during refresh. "On-the-fly" syntax checking information may be incorrect. [C:\CSEE4280\GRP2ADD\FinalProject\MemVga\MemVga.srcs\sources_1\new\Start_Control.v:]
WARNING: [filemgmt 56-199] Attempt to get parsing info during refresh. "On-the-fly" syntax checking information may be incorrect. [C:\CSEE4280\GRP2ADD\FinalProject\Processing\Processing.srcs\sources_1\new\Auto_Control.v:]
WARNING: [filemgmt 56-199] Attempt to get parsing info during refresh. "On-the-fly" syntax checking information may be incorrect. [C:\CSEE4280\GRP2ADD\FinalProject\MemVga\MemVga.srcs\sim_1\new\Start_Control_tb.v:]
WARNING: [filemgmt 56-199] Attempt to get parsing info during refresh. "On-the-fly" syntax checking information may be incorrect. [C:\CSEE4280\GRP2ADD\FinalProject\MemVga\MemVga.srcs\sim_1\new\Start_Control_tb.v:]
reset_run synth_1
INFO: [Project 1-1161] Replacing file C:/CSEE4280/GRP2ADD/FinalProject/MemVga/MemVga.srcs/utils_1/imports/synth_1/Top.dcp with file C:/CSEE4280/GRP2ADD/FinalProject/MemVga/MemVga.runs/synth_1/Top.dcp
WARNING: [Vivado 12-1017] Problems encountered:
1. Failed to delete one or more files in run directory C:/CSEE4280/GRP2ADD/FinalProject/MemVga/MemVga.runs/synth_1

launch_runs impl_1 -to_step write_bitstream -jobs 12
[Thu Apr 24 10:28:47 2025] Launched synth_1...
Run output will be captured here: C:/CSEE4280/GRP2ADD/FinalProject/MemVga/MemVga.runs/synth_1/runme.log
[Thu Apr 24 10:28:47 2025] Launched impl_1...
Run output will be captured here: C:/CSEE4280/GRP2ADD/FinalProject/MemVga/MemVga.runs/impl_1/runme.log
WARNING: [filemgmt 56-199] Attempt to get parsing info during refresh. "On-the-fly" syntax checking information may be incorrect. [C:\CSEE4280\GRP2ADD\FinalProject\MemVga\MemVga.srcs\sim_1\new\Start_Control_tb.v:]
WARNING: [filemgmt 56-199] Attempt to get parsing info during refresh. "On-the-fly" syntax checking information may be incorrect. [C:\CSEE4280\GRP2ADD\FinalProject\MemVga\MemVga.srcs\sources_1\imports\FinalProject\VGAOutput\VGAOutput.srcs\sources_1\new\VGA_Out.sv:]
WARNING: [filemgmt 56-199] Attempt to get parsing info during refresh. "On-the-fly" syntax checking information may be incorrect. [C:\CSEE4280\GRP2ADD\FinalProject\Processing\Processing.srcs\sources_1\new\Start_Control.v:]
WARNING: [filemgmt 56-199] Attempt to get parsing info during refresh. "On-the-fly" syntax checking information may be incorrect. [C:\CSEE4280\GRP2ADD\FinalProject\MemVga\MemVga.srcs\sources_1\new\Control_And_Start.v:]
WARNING: [filemgmt 56-199] Attempt to get parsing info during refresh. "On-the-fly" syntax checking information may be incorrect. [C:\CSEE4280\GRP2ADD\FinalProject\MemVga\MemVga.srcs\sources_1\new\Start_Control.v:]
WARNING: [filemgmt 56-199] Attempt to get parsing info during refresh. "On-the-fly" syntax checking information may be incorrect. [C:\CSEE4280\GRP2ADD\FinalProject\Processing\Processing.srcs\sources_1\new\Auto_Control.v:]
WARNING: [filemgmt 56-199] Attempt to get parsing info during refresh. "On-the-fly" syntax checking information may be incorrect. [C:\CSEE4280\GRP2ADD\FinalProject\Processing\Processing.srcs\sources_1\new\Start_Control.v:]
WARNING: [filemgmt 56-199] Attempt to get parsing info during refresh. "On-the-fly" syntax checking information may be incorrect. [C:\CSEE4280\GRP2ADD\FinalProject\Processing\Processing.srcs\sources_1\new\Start_Control.v:]
WARNING: [filemgmt 56-199] Attempt to get parsing info during refresh. "On-the-fly" syntax checking information may be incorrect. [C:\CSEE4280\GRP2ADD\FinalProject\MemVga\MemVga.srcs\sim_1\new\Start_Control_tb.v:]
WARNING: [filemgmt 56-199] Attempt to get parsing info during refresh. "On-the-fly" syntax checking information may be incorrect. [C:\CSEE4280\GRP2ADD\FinalProject\MemVga\MemVga.srcs\sources_1\imports\FinalProject\VGAOutput\VGAOutput.srcs\sources_1\new\VGA_Out.sv:]
WARNING: [filemgmt 56-199] Attempt to get parsing info during refresh. "On-the-fly" syntax checking information may be incorrect. [C:\CSEE4280\GRP2ADD\FinalProject\Processing\Processing.srcs\sources_1\new\Start_Control.v:]
WARNING: [filemgmt 56-199] Attempt to get parsing info during refresh. "On-the-fly" syntax checking information may be incorrect. [C:\CSEE4280\GRP2ADD\FinalProject\MemVga\MemVga.srcs\sources_1\new\Control_And_Start.v:]
WARNING: [filemgmt 56-199] Attempt to get parsing info during refresh. "On-the-fly" syntax checking information may be incorrect. [C:\CSEE4280\GRP2ADD\FinalProject\MemVga\MemVga.srcs\sources_1\new\Start_Control.v:]
WARNING: [filemgmt 56-199] Attempt to get parsing info during refresh. "On-the-fly" syntax checking information may be incorrect. [C:\CSEE4280\GRP2ADD\FinalProject\Processing\Processing.srcs\sources_1\new\Auto_Control.v:]
WARNING: [filemgmt 56-199] Attempt to get parsing info during refresh. "On-the-fly" syntax checking information may be incorrect. [C:\CSEE4280\GRP2ADD\FinalProject\MemVga\MemVga.srcs\sim_1\new\Start_Control_tb.v:]
WARNING: [filemgmt 56-199] Attempt to get parsing info during refresh. "On-the-fly" syntax checking information may be incorrect. [C:\CSEE4280\GRP2ADD\FinalProject\MemVga\MemVga.srcs\sim_1\new\Start_Control_tb.v:]
WARNING: [filemgmt 56-199] Attempt to get parsing info during refresh. "On-the-fly" syntax checking information may be incorrect. [C:\CSEE4280\GRP2ADD\FinalProject\MemVga\MemVga.srcs\sim_1\new\Start_Control_tb.v:]
WARNING: [filemgmt 56-199] Attempt to get parsing info during refresh. "On-the-fly" syntax checking information may be incorrect. [C:\CSEE4280\GRP2ADD\FinalProject\MemVga\MemVga.srcs\sources_1\imports\FinalProject\VGAOutput\VGAOutput.srcs\sources_1\new\VGA_Out.sv:]
WARNING: [filemgmt 56-199] Attempt to get parsing info during refresh. "On-the-fly" syntax checking information may be incorrect. [C:\CSEE4280\GRP2ADD\FinalProject\Processing\Processing.srcs\sources_1\new\Start_Control.v:]
WARNING: [filemgmt 56-199] Attempt to get parsing info during refresh. "On-the-fly" syntax checking information may be incorrect. [C:\CSEE4280\GRP2ADD\FinalProject\MemVga\MemVga.srcs\sources_1\new\Control_And_Start.v:]
WARNING: [filemgmt 56-199] Attempt to get parsing info during refresh. "On-the-fly" syntax checking information may be incorrect. [C:\CSEE4280\GRP2ADD\FinalProject\MemVga\MemVga.srcs\sources_1\new\Start_Control.v:]
WARNING: [filemgmt 56-199] Attempt to get parsing info during refresh. "On-the-fly" syntax checking information may be incorrect. [C:\CSEE4280\GRP2ADD\FinalProject\Processing\Processing.srcs\sources_1\new\Auto_Control.v:]
WARNING: [filemgmt 56-199] Attempt to get parsing info during refresh. "On-the-fly" syntax checking information may be incorrect. [C:\CSEE4280\GRP2ADD\FinalProject\Processing\Processing.srcs\sources_1\new\Auto_Control.v:]
WARNING: [filemgmt 56-199] Attempt to get parsing info during refresh. "On-the-fly" syntax checking information may be incorrect. [C:\CSEE4280\GRP2ADD\FinalProject\Processing\Processing.srcs\sources_1\new\Auto_Control.v:]
WARNING: [filemgmt 56-199] Attempt to get parsing info during refresh. "On-the-fly" syntax checking information may be incorrect. [C:\CSEE4280\GRP2ADD\FinalProject\MemVga\MemVga.srcs\sim_1\new\Start_Control_tb.v:]
WARNING: [filemgmt 56-199] Attempt to get parsing info during refresh. "On-the-fly" syntax checking information may be incorrect. [C:\CSEE4280\GRP2ADD\FinalProject\MemVga\MemVga.srcs\sources_1\imports\FinalProject\VGAOutput\VGAOutput.srcs\sources_1\new\VGA_Out.sv:]
WARNING: [filemgmt 56-199] Attempt to get parsing info during refresh. "On-the-fly" syntax checking information may be incorrect. [C:\CSEE4280\GRP2ADD\FinalProject\Processing\Processing.srcs\sources_1\new\Start_Control.v:]
WARNING: [filemgmt 56-199] Attempt to get parsing info during refresh. "On-the-fly" syntax checking information may be incorrect. [C:\CSEE4280\GRP2ADD\FinalProject\MemVga\MemVga.srcs\sources_1\new\Control_And_Start.v:]
WARNING: [filemgmt 56-199] Attempt to get parsing info during refresh. "On-the-fly" syntax checking information may be incorrect. [C:\CSEE4280\GRP2ADD\FinalProject\MemVga\MemVga.srcs\sources_1\new\Start_Control.v:]
WARNING: [filemgmt 56-199] Attempt to get parsing info during refresh. "On-the-fly" syntax checking information may be incorrect. [C:\CSEE4280\GRP2ADD\FinalProject\Processing\Processing.srcs\sources_1\new\Auto_Control.v:]
WARNING: [filemgmt 56-199] Attempt to get parsing info during refresh. "On-the-fly" syntax checking information may be incorrect. [C:\CSEE4280\GRP2ADD\FinalProject\MemVga\MemVga.srcs\sources_1\new\Control_And_Start.v:]
WARNING: [filemgmt 56-199] Attempt to get parsing info during refresh. "On-the-fly" syntax checking information may be incorrect. [C:\CSEE4280\GRP2ADD\FinalProject\MemVga\MemVga.srcs\sources_1\new\Control_And_Start.v:]
reset_run synth_1
WARNING: [Vivado 12-1017] Problems encountered:
1. Failed to delete one or more files in run directory C:/CSEE4280/GRP2ADD/FinalProject/MemVga/MemVga.runs/synth_1

WARNING: [filemgmt 56-199] Attempt to get parsing info during refresh. "On-the-fly" syntax checking information may be incorrect. [C:\CSEE4280\GRP2ADD\FinalProject\MemVga\MemVga.srcs\sim_1\new\Start_Control_tb.v:]
WARNING: [filemgmt 56-199] Attempt to get parsing info during refresh. "On-the-fly" syntax checking information may be incorrect. [C:\CSEE4280\GRP2ADD\FinalProject\MemVga\MemVga.srcs\sources_1\imports\FinalProject\VGAOutput\VGAOutput.srcs\sources_1\new\VGA_Out.sv:]
WARNING: [filemgmt 56-199] Attempt to get parsing info during refresh. "On-the-fly" syntax checking information may be incorrect. [C:\CSEE4280\GRP2ADD\FinalProject\MemVga\MemVga.srcs\sources_1\new\Top.sv:]
WARNING: [filemgmt 56-199] Attempt to get parsing info during refresh. "On-the-fly" syntax checking information may be incorrect. [C:\CSEE4280\GRP2ADD\FinalProject\Processing\Processing.srcs\sources_1\new\Start_Control.v:]
WARNING: [filemgmt 56-199] Attempt to get parsing info during refresh. "On-the-fly" syntax checking information may be incorrect. [C:\CSEE4280\GRP2ADD\FinalProject\MemVga\MemVga.srcs\sources_1\new\Control_And_Start.v:]
WARNING: [filemgmt 56-199] Attempt to get parsing info during refresh. "On-the-fly" syntax checking information may be incorrect. [C:\CSEE4280\GRP2ADD\FinalProject\MemVga\MemVga.srcs\sources_1\new\Start_Control.v:]
WARNING: [filemgmt 56-199] Attempt to get parsing info during refresh. "On-the-fly" syntax checking information may be incorrect. [C:\CSEE4280\GRP2ADD\FinalProject\Processing\Processing.srcs\sources_1\new\Auto_Control.v:]
WARNING: [filemgmt 56-199] Attempt to get parsing info during refresh. "On-the-fly" syntax checking information may be incorrect. [C:\CSEE4280\GRP2ADD\FinalProject\Processing\Processing.srcs\sources_1\new\Start_Control.v:]
WARNING: [filemgmt 56-199] Attempt to get parsing info during refresh. "On-the-fly" syntax checking information may be incorrect. [C:\CSEE4280\GRP2ADD\FinalProject\Processing\Processing.srcs\sources_1\new\Start_Control.v:]
WARNING: [filemgmt 56-199] Attempt to get parsing info during refresh. "On-the-fly" syntax checking information may be incorrect. [C:\CSEE4280\GRP2ADD\FinalProject\MemVga\MemVga.srcs\sim_1\new\Start_Control_tb.v:]
WARNING: [filemgmt 56-199] Attempt to get parsing info during refresh. "On-the-fly" syntax checking information may be incorrect. [C:\CSEE4280\GRP2ADD\FinalProject\MemVga\MemVga.srcs\sources_1\imports\FinalProject\VGAOutput\VGAOutput.srcs\sources_1\new\VGA_Out.sv:]
WARNING: [filemgmt 56-199] Attempt to get parsing info during refresh. "On-the-fly" syntax checking information may be incorrect. [C:\CSEE4280\GRP2ADD\FinalProject\MemVga\MemVga.srcs\sources_1\new\Top.sv:]
WARNING: [filemgmt 56-199] Attempt to get parsing info during refresh. "On-the-fly" syntax checking information may be incorrect. [C:\CSEE4280\GRP2ADD\FinalProject\Processing\Processing.srcs\sources_1\new\Start_Control.v:]
WARNING: [filemgmt 56-199] Attempt to get parsing info during refresh. "On-the-fly" syntax checking information may be incorrect. [C:\CSEE4280\GRP2ADD\FinalProject\MemVga\MemVga.srcs\sources_1\new\Control_And_Start.v:]
WARNING: [filemgmt 56-199] Attempt to get parsing info during refresh. "On-the-fly" syntax checking information may be incorrect. [C:\CSEE4280\GRP2ADD\FinalProject\MemVga\MemVga.srcs\sources_1\new\Start_Control.v:]
WARNING: [filemgmt 56-199] Attempt to get parsing info during refresh. "On-the-fly" syntax checking information may be incorrect. [C:\CSEE4280\GRP2ADD\FinalProject\Processing\Processing.srcs\sources_1\new\Auto_Control.v:]
WARNING: [filemgmt 56-199] Attempt to get parsing info during refresh. "On-the-fly" syntax checking information may be incorrect. [C:\CSEE4280\GRP2ADD\FinalProject\MemVga\MemVga.srcs\sources_1\new\Top.sv:]
WARNING: [filemgmt 56-199] Attempt to get parsing info during refresh. "On-the-fly" syntax checking information may be incorrect. [C:\CSEE4280\GRP2ADD\FinalProject\MemVga\MemVga.srcs\sources_1\new\Top.sv:]
WARNING: [filemgmt 56-199] Attempt to get parsing info during refresh. "On-the-fly" syntax checking information may be incorrect. [C:\CSEE4280\GRP2ADD\FinalProject\MemVga\MemVga.srcs\sim_1\new\Start_Control_tb.v:]
WARNING: [filemgmt 56-199] Attempt to get parsing info during refresh. "On-the-fly" syntax checking information may be incorrect. [C:\CSEE4280\GRP2ADD\FinalProject\MemVga\MemVga.srcs\sources_1\imports\FinalProject\VGAOutput\VGAOutput.srcs\sources_1\new\VGA_Out.sv:]
WARNING: [filemgmt 56-199] Attempt to get parsing info during refresh. "On-the-fly" syntax checking information may be incorrect. [C:\CSEE4280\GRP2ADD\FinalProject\MemVga\MemVga.srcs\sources_1\new\Top.sv:]
WARNING: [filemgmt 56-199] Attempt to get parsing info during refresh. "On-the-fly" syntax checking information may be incorrect. [C:\CSEE4280\GRP2ADD\FinalProject\Processing\Processing.srcs\sources_1\new\Start_Control.v:]
WARNING: [filemgmt 56-199] Attempt to get parsing info during refresh. "On-the-fly" syntax checking information may be incorrect. [C:\CSEE4280\GRP2ADD\FinalProject\MemVga\MemVga.srcs\sources_1\new\Control_And_Start.v:]
WARNING: [filemgmt 56-199] Attempt to get parsing info during refresh. "On-the-fly" syntax checking information may be incorrect. [C:\CSEE4280\GRP2ADD\FinalProject\MemVga\MemVga.srcs\sources_1\new\Start_Control.v:]
WARNING: [filemgmt 56-199] Attempt to get parsing info during refresh. "On-the-fly" syntax checking information may be incorrect. [C:\CSEE4280\GRP2ADD\FinalProject\Processing\Processing.srcs\sources_1\new\Auto_Control.v:]
WARNING: [filemgmt 56-199] Attempt to get parsing info during refresh. "On-the-fly" syntax checking information may be incorrect. [C:\CSEE4280\GRP2ADD\FinalProject\MemVga\MemVga.srcs\sources_1\imports\FinalProject\VGAOutput\VGAOutput.srcs\sources_1\new\VGA_Out.sv:]
WARNING: [filemgmt 56-199] Attempt to get parsing info during refresh. "On-the-fly" syntax checking information may be incorrect. [C:\CSEE4280\GRP2ADD\FinalProject\MemVga\MemVga.srcs\sources_1\imports\FinalProject\VGAOutput\VGAOutput.srcs\sources_1\new\VGA_Out.sv:]
WARNING: [filemgmt 56-199] Attempt to get parsing info during refresh. "On-the-fly" syntax checking information may be incorrect. [C:\CSEE4280\GRP2ADD\FinalProject\MemVga\MemVga.srcs\sim_1\new\Start_Control_tb.v:]
WARNING: [filemgmt 56-199] Attempt to get parsing info during refresh. "On-the-fly" syntax checking information may be incorrect. [C:\CSEE4280\GRP2ADD\FinalProject\MemVga\MemVga.srcs\sources_1\imports\FinalProject\VGAOutput\VGAOutput.srcs\sources_1\new\VGA_Out.sv:]
WARNING: [filemgmt 56-199] Attempt to get parsing info during refresh. "On-the-fly" syntax checking information may be incorrect. [C:\CSEE4280\GRP2ADD\FinalProject\MemVga\MemVga.srcs\sources_1\new\Top.sv:]
WARNING: [filemgmt 56-199] Attempt to get parsing info during refresh. "On-the-fly" syntax checking information may be incorrect. [C:\CSEE4280\GRP2ADD\FinalProject\Processing\Processing.srcs\sources_1\new\Start_Control.v:]
WARNING: [filemgmt 56-199] Attempt to get parsing info during refresh. "On-the-fly" syntax checking information may be incorrect. [C:\CSEE4280\GRP2ADD\FinalProject\MemVga\MemVga.srcs\sources_1\new\Control_And_Start.v:]
WARNING: [filemgmt 56-199] Attempt to get parsing info during refresh. "On-the-fly" syntax checking information may be incorrect. [C:\CSEE4280\GRP2ADD\FinalProject\MemVga\MemVga.srcs\sources_1\new\Start_Control.v:]
WARNING: [filemgmt 56-199] Attempt to get parsing info during refresh. "On-the-fly" syntax checking information may be incorrect. [C:\CSEE4280\GRP2ADD\FinalProject\Processing\Processing.srcs\sources_1\new\Auto_Control.v:]
WARNING: [filemgmt 56-199] Attempt to get parsing info during refresh. "On-the-fly" syntax checking information may be incorrect. [C:\CSEE4280\GRP2ADD\FinalProject\Processing\Processing.srcs\sources_1\new\Auto_Control.v:]
WARNING: [filemgmt 56-199] Attempt to get parsing info during refresh. "On-the-fly" syntax checking information may be incorrect. [C:\CSEE4280\GRP2ADD\FinalProject\Processing\Processing.srcs\sources_1\new\Auto_Control.v:]
WARNING: [filemgmt 56-199] Attempt to get parsing info during refresh. "On-the-fly" syntax checking information may be incorrect. [C:\CSEE4280\GRP2ADD\FinalProject\MemVga\MemVga.srcs\sim_1\new\Start_Control_tb.v:]
WARNING: [filemgmt 56-199] Attempt to get parsing info during refresh. "On-the-fly" syntax checking information may be incorrect. [C:\CSEE4280\GRP2ADD\FinalProject\MemVga\MemVga.srcs\sources_1\imports\FinalProject\VGAOutput\VGAOutput.srcs\sources_1\new\VGA_Out.sv:]
WARNING: [filemgmt 56-199] Attempt to get parsing info during refresh. "On-the-fly" syntax checking information may be incorrect. [C:\CSEE4280\GRP2ADD\FinalProject\MemVga\MemVga.srcs\sources_1\new\Top.sv:]
WARNING: [filemgmt 56-199] Attempt to get parsing info during refresh. "On-the-fly" syntax checking information may be incorrect. [C:\CSEE4280\GRP2ADD\FinalProject\Processing\Processing.srcs\sources_1\new\Start_Control.v:]
WARNING: [filemgmt 56-199] Attempt to get parsing info during refresh. "On-the-fly" syntax checking information may be incorrect. [C:\CSEE4280\GRP2ADD\FinalProject\MemVga\MemVga.srcs\sources_1\new\Control_And_Start.v:]
WARNING: [filemgmt 56-199] Attempt to get parsing info during refresh. "On-the-fly" syntax checking information may be incorrect. [C:\CSEE4280\GRP2ADD\FinalProject\MemVga\MemVga.srcs\sources_1\new\Start_Control.v:]
WARNING: [filemgmt 56-199] Attempt to get parsing info during refresh. "On-the-fly" syntax checking information may be incorrect. [C:\CSEE4280\GRP2ADD\FinalProject\Processing\Processing.srcs\sources_1\new\Auto_Control.v:]
WARNING: [filemgmt 56-199] Attempt to get parsing info during refresh. "On-the-fly" syntax checking information may be incorrect. [C:\CSEE4280\GRP2ADD\FinalProject\Processing\Processing.srcs\sources_1\new\Start_Control.v:]
WARNING: [filemgmt 56-199] Attempt to get parsing info during refresh. "On-the-fly" syntax checking information may be incorrect. [C:\CSEE4280\GRP2ADD\FinalProject\Processing\Processing.srcs\sources_1\new\Start_Control.v:]
WARNING: [filemgmt 56-199] Attempt to get parsing info during refresh. "On-the-fly" syntax checking information may be incorrect. [C:\CSEE4280\GRP2ADD\FinalProject\MemVga\MemVga.srcs\sim_1\new\Start_Control_tb.v:]
WARNING: [filemgmt 56-199] Attempt to get parsing info during refresh. "On-the-fly" syntax checking information may be incorrect. [C:\CSEE4280\GRP2ADD\FinalProject\MemVga\MemVga.srcs\sources_1\imports\FinalProject\VGAOutput\VGAOutput.srcs\sources_1\new\VGA_Out.sv:]
WARNING: [filemgmt 56-199] Attempt to get parsing info during refresh. "On-the-fly" syntax checking information may be incorrect. [C:\CSEE4280\GRP2ADD\FinalProject\MemVga\MemVga.srcs\sources_1\new\Top.sv:]
WARNING: [filemgmt 56-199] Attempt to get parsing info during refresh. "On-the-fly" syntax checking information may be incorrect. [C:\CSEE4280\GRP2ADD\FinalProject\Processing\Processing.srcs\sources_1\new\Start_Control.v:]
WARNING: [filemgmt 56-199] Attempt to get parsing info during refresh. "On-the-fly" syntax checking information may be incorrect. [C:\CSEE4280\GRP2ADD\FinalProject\MemVga\MemVga.srcs\sources_1\new\Control_And_Start.v:]
WARNING: [filemgmt 56-199] Attempt to get parsing info during refresh. "On-the-fly" syntax checking information may be incorrect. [C:\CSEE4280\GRP2ADD\FinalProject\MemVga\MemVga.srcs\sources_1\new\Start_Control.v:]
WARNING: [filemgmt 56-199] Attempt to get parsing info during refresh. "On-the-fly" syntax checking information may be incorrect. [C:\CSEE4280\GRP2ADD\FinalProject\Processing\Processing.srcs\sources_1\new\Auto_Control.v:]
WARNING: [filemgmt 56-199] Attempt to get parsing info during refresh. "On-the-fly" syntax checking information may be incorrect. [C:\CSEE4280\GRP2ADD\FinalProject\MemVga\MemVga.srcs\sources_1\new\Control_And_Start.v:]
WARNING: [filemgmt 56-199] Attempt to get parsing info during refresh. "On-the-fly" syntax checking information may be incorrect. [C:\CSEE4280\GRP2ADD\FinalProject\MemVga\MemVga.srcs\sources_1\new\Control_And_Start.v:]
WARNING: [filemgmt 56-199] Attempt to get parsing info during refresh. "On-the-fly" syntax checking information may be incorrect. [C:\CSEE4280\GRP2ADD\FinalProject\MemVga\MemVga.srcs\sim_1\new\Start_Control_tb.v:]
WARNING: [filemgmt 56-199] Attempt to get parsing info during refresh. "On-the-fly" syntax checking information may be incorrect. [C:\CSEE4280\GRP2ADD\FinalProject\MemVga\MemVga.srcs\sources_1\imports\FinalProject\VGAOutput\VGAOutput.srcs\sources_1\new\VGA_Out.sv:]
WARNING: [filemgmt 56-199] Attempt to get parsing info during refresh. "On-the-fly" syntax checking information may be incorrect. [C:\CSEE4280\GRP2ADD\FinalProject\MemVga\MemVga.srcs\sources_1\new\Top.sv:]
WARNING: [filemgmt 56-199] Attempt to get parsing info during refresh. "On-the-fly" syntax checking information may be incorrect. [C:\CSEE4280\GRP2ADD\FinalProject\Processing\Processing.srcs\sources_1\new\Start_Control.v:]
WARNING: [filemgmt 56-199] Attempt to get parsing info during refresh. "On-the-fly" syntax checking information may be incorrect. [C:\CSEE4280\GRP2ADD\FinalProject\MemVga\MemVga.srcs\sources_1\new\Control_And_Start.v:]
WARNING: [filemgmt 56-199] Attempt to get parsing info during refresh. "On-the-fly" syntax checking information may be incorrect. [C:\CSEE4280\GRP2ADD\FinalProject\MemVga\MemVga.srcs\sources_1\new\Start_Control.v:]
WARNING: [filemgmt 56-199] Attempt to get parsing info during refresh. "On-the-fly" syntax checking information may be incorrect. [C:\CSEE4280\GRP2ADD\FinalProject\Processing\Processing.srcs\sources_1\new\Auto_Control.v:]
WARNING: [filemgmt 56-199] Attempt to get parsing info during refresh. "On-the-fly" syntax checking information may be incorrect. [C:\CSEE4280\GRP2ADD\FinalProject\MemVga\MemVga.srcs\sources_1\imports\FinalProject\VGAOutput\VGAOutput.srcs\sources_1\new\VGA_Out.sv:]
WARNING: [filemgmt 56-199] Attempt to get parsing info during refresh. "On-the-fly" syntax checking information may be incorrect. [C:\CSEE4280\GRP2ADD\FinalProject\MemVga\MemVga.srcs\sources_1\imports\FinalProject\VGAOutput\VGAOutput.srcs\sources_1\new\VGA_Out.sv:]
WARNING: [filemgmt 56-199] Attempt to get parsing info during refresh. "On-the-fly" syntax checking information may be incorrect. [C:\CSEE4280\GRP2ADD\FinalProject\MemVga\MemVga.srcs\sim_1\new\Start_Control_tb.v:]
WARNING: [filemgmt 56-199] Attempt to get parsing info during refresh. "On-the-fly" syntax checking information may be incorrect. [C:\CSEE4280\GRP2ADD\FinalProject\MemVga\MemVga.srcs\sources_1\imports\FinalProject\VGAOutput\VGAOutput.srcs\sources_1\new\VGA_Out.sv:]
WARNING: [filemgmt 56-199] Attempt to get parsing info during refresh. "On-the-fly" syntax checking information may be incorrect. [C:\CSEE4280\GRP2ADD\FinalProject\MemVga\MemVga.srcs\sources_1\new\Top.sv:]
WARNING: [filemgmt 56-199] Attempt to get parsing info during refresh. "On-the-fly" syntax checking information may be incorrect. [C:\CSEE4280\GRP2ADD\FinalProject\Processing\Processing.srcs\sources_1\new\Start_Control.v:]
WARNING: [filemgmt 56-199] Attempt to get parsing info during refresh. "On-the-fly" syntax checking information may be incorrect. [C:\CSEE4280\GRP2ADD\FinalProject\MemVga\MemVga.srcs\sources_1\new\Control_And_Start.v:]
WARNING: [filemgmt 56-199] Attempt to get parsing info during refresh. "On-the-fly" syntax checking information may be incorrect. [C:\CSEE4280\GRP2ADD\FinalProject\MemVga\MemVga.srcs\sources_1\new\Start_Control.v:]
WARNING: [filemgmt 56-199] Attempt to get parsing info during refresh. "On-the-fly" syntax checking information may be incorrect. [C:\CSEE4280\GRP2ADD\FinalProject\Processing\Processing.srcs\sources_1\new\Auto_Control.v:]
WARNING: [filemgmt 56-199] Attempt to get parsing info during refresh. "On-the-fly" syntax checking information may be incorrect. [C:\CSEE4280\GRP2ADD\FinalProject\MemVga\MemVga.srcs\sources_1\new\Top.sv:]
WARNING: [filemgmt 56-199] Attempt to get parsing info during refresh. "On-the-fly" syntax checking information may be incorrect. [C:\CSEE4280\GRP2ADD\FinalProject\MemVga\MemVga.srcs\sources_1\new\Top.sv:]
WARNING: [filemgmt 56-199] Attempt to get parsing info during refresh. "On-the-fly" syntax checking information may be incorrect. [C:\CSEE4280\GRP2ADD\FinalProject\MemVga\MemVga.srcs\sim_1\new\Start_Control_tb.v:]
WARNING: [filemgmt 56-199] Attempt to get parsing info during refresh. "On-the-fly" syntax checking information may be incorrect. [C:\CSEE4280\GRP2ADD\FinalProject\MemVga\MemVga.srcs\sources_1\imports\FinalProject\VGAOutput\VGAOutput.srcs\sources_1\new\VGA_Out.sv:]
WARNING: [filemgmt 56-199] Attempt to get parsing info during refresh. "On-the-fly" syntax checking information may be incorrect. [C:\CSEE4280\GRP2ADD\FinalProject\MemVga\MemVga.srcs\sources_1\new\Top.sv:]
WARNING: [filemgmt 56-199] Attempt to get parsing info during refresh. "On-the-fly" syntax checking information may be incorrect. [C:\CSEE4280\GRP2ADD\FinalProject\Processing\Processing.srcs\sources_1\new\Start_Control.v:]
WARNING: [filemgmt 56-199] Attempt to get parsing info during refresh. "On-the-fly" syntax checking information may be incorrect. [C:\CSEE4280\GRP2ADD\FinalProject\MemVga\MemVga.srcs\sources_1\new\Control_And_Start.v:]
WARNING: [filemgmt 56-199] Attempt to get parsing info during refresh. "On-the-fly" syntax checking information may be incorrect. [C:\CSEE4280\GRP2ADD\FinalProject\MemVga\MemVga.srcs\sources_1\new\Start_Control.v:]
WARNING: [filemgmt 56-199] Attempt to get parsing info during refresh. "On-the-fly" syntax checking information may be incorrect. [C:\CSEE4280\GRP2ADD\FinalProject\Processing\Processing.srcs\sources_1\new\Auto_Control.v:]
WARNING: [filemgmt 56-199] Attempt to get parsing info during refresh. "On-the-fly" syntax checking information may be incorrect. [C:\CSEE4280\GRP2ADD\FinalProject\MemVga\MemVga.srcs\sim_1\new\Start_Control_tb.v:]
WARNING: [filemgmt 56-199] Attempt to get parsing info during refresh. "On-the-fly" syntax checking information may be incorrect. [C:\CSEE4280\GRP2ADD\FinalProject\MemVga\MemVga.srcs\sim_1\new\Start_Control_tb.v:]
WARNING: [filemgmt 56-199] Attempt to get parsing info during refresh. "On-the-fly" syntax checking information may be incorrect. [C:\CSEE4280\GRP2ADD\FinalProject\MemVga\MemVga.srcs\sim_1\new\Start_Control_tb.v:]
WARNING: [filemgmt 56-199] Attempt to get parsing info during refresh. "On-the-fly" syntax checking information may be incorrect. [C:\CSEE4280\GRP2ADD\FinalProject\MemVga\MemVga.srcs\sources_1\imports\FinalProject\VGAOutput\VGAOutput.srcs\sources_1\new\VGA_Out.sv:]
WARNING: [filemgmt 56-199] Attempt to get parsing info during refresh. "On-the-fly" syntax checking information may be incorrect. [C:\CSEE4280\GRP2ADD\FinalProject\MemVga\MemVga.srcs\sources_1\new\Top.sv:]
WARNING: [filemgmt 56-199] Attempt to get parsing info during refresh. "On-the-fly" syntax checking information may be incorrect. [C:\CSEE4280\GRP2ADD\FinalProject\Processing\Processing.srcs\sources_1\new\Start_Control.v:]
WARNING: [filemgmt 56-199] Attempt to get parsing info during refresh. "On-the-fly" syntax checking information may be incorrect. [C:\CSEE4280\GRP2ADD\FinalProject\MemVga\MemVga.srcs\sources_1\new\Control_And_Start.v:]
WARNING: [filemgmt 56-199] Attempt to get parsing info during refresh. "On-the-fly" syntax checking information may be incorrect. [C:\CSEE4280\GRP2ADD\FinalProject\MemVga\MemVga.srcs\sources_1\new\Start_Control.v:]
WARNING: [filemgmt 56-199] Attempt to get parsing info during refresh. "On-the-fly" syntax checking information may be incorrect. [C:\CSEE4280\GRP2ADD\FinalProject\Processing\Processing.srcs\sources_1\new\Auto_Control.v:]
WARNING: [filemgmt 56-199] Attempt to get parsing info during refresh. "On-the-fly" syntax checking information may be incorrect. [C:\CSEE4280\GRP2ADD\FinalProject\MemVga\MemVga.srcs\sources_1\new\Control_And_Start.v:]
WARNING: [filemgmt 56-199] Attempt to get parsing info during refresh. "On-the-fly" syntax checking information may be incorrect. [C:\CSEE4280\GRP2ADD\FinalProject\MemVga\MemVga.srcs\sources_1\new\Control_And_Start.v:]
WARNING: [filemgmt 56-199] Attempt to get parsing info during refresh. "On-the-fly" syntax checking information may be incorrect. [C:\CSEE4280\GRP2ADD\FinalProject\MemVga\MemVga.srcs\sim_1\new\Start_Control_tb.v:]
WARNING: [filemgmt 56-199] Attempt to get parsing info during refresh. "On-the-fly" syntax checking information may be incorrect. [C:\CSEE4280\GRP2ADD\FinalProject\MemVga\MemVga.srcs\sources_1\imports\FinalProject\VGAOutput\VGAOutput.srcs\sources_1\new\VGA_Out.sv:]
WARNING: [filemgmt 56-199] Attempt to get parsing info during refresh. "On-the-fly" syntax checking information may be incorrect. [C:\CSEE4280\GRP2ADD\FinalProject\MemVga\MemVga.srcs\sources_1\new\Top.sv:]
WARNING: [filemgmt 56-199] Attempt to get parsing info during refresh. "On-the-fly" syntax checking information may be incorrect. [C:\CSEE4280\GRP2ADD\FinalProject\Processing\Processing.srcs\sources_1\new\Start_Control.v:]
WARNING: [filemgmt 56-199] Attempt to get parsing info during refresh. "On-the-fly" syntax checking information may be incorrect. [C:\CSEE4280\GRP2ADD\FinalProject\MemVga\MemVga.srcs\sources_1\new\Control_And_Start.v:]
WARNING: [filemgmt 56-199] Attempt to get parsing info during refresh. "On-the-fly" syntax checking information may be incorrect. [C:\CSEE4280\GRP2ADD\FinalProject\MemVga\MemVga.srcs\sources_1\new\Start_Control.v:]
WARNING: [filemgmt 56-199] Attempt to get parsing info during refresh. "On-the-fly" syntax checking information may be incorrect. [C:\CSEE4280\GRP2ADD\FinalProject\Processing\Processing.srcs\sources_1\new\Auto_Control.v:]
WARNING: [filemgmt 56-199] Attempt to get parsing info during refresh. "On-the-fly" syntax checking information may be incorrect. [C:\CSEE4280\GRP2ADD\FinalProject\MemVga\MemVga.srcs\sources_1\imports\FinalProject\VGAOutput\VGAOutput.srcs\sources_1\new\VGA_Out.sv:]
WARNING: [filemgmt 56-199] Attempt to get parsing info during refresh. "On-the-fly" syntax checking information may be incorrect. [C:\CSEE4280\GRP2ADD\FinalProject\MemVga\MemVga.srcs\sources_1\imports\FinalProject\VGAOutput\VGAOutput.srcs\sources_1\new\VGA_Out.sv:]
WARNING: [filemgmt 56-199] Attempt to get parsing info during refresh. "On-the-fly" syntax checking information may be incorrect. [C:\CSEE4280\GRP2ADD\FinalProject\MemVga\MemVga.srcs\sim_1\new\Start_Control_tb.v:]
WARNING: [filemgmt 56-199] Attempt to get parsing info during refresh. "On-the-fly" syntax checking information may be incorrect. [C:\CSEE4280\GRP2ADD\FinalProject\MemVga\MemVga.srcs\sources_1\imports\FinalProject\VGAOutput\VGAOutput.srcs\sources_1\new\VGA_Out.sv:]
WARNING: [filemgmt 56-199] Attempt to get parsing info during refresh. "On-the-fly" syntax checking information may be incorrect. [C:\CSEE4280\GRP2ADD\FinalProject\MemVga\MemVga.srcs\sources_1\new\Top.sv:]
WARNING: [filemgmt 56-199] Attempt to get parsing info during refresh. "On-the-fly" syntax checking information may be incorrect. [C:\CSEE4280\GRP2ADD\FinalProject\Processing\Processing.srcs\sources_1\new\Start_Control.v:]
WARNING: [filemgmt 56-199] Attempt to get parsing info during refresh. "On-the-fly" syntax checking information may be incorrect. [C:\CSEE4280\GRP2ADD\FinalProject\MemVga\MemVga.srcs\sources_1\new\Control_And_Start.v:]
WARNING: [filemgmt 56-199] Attempt to get parsing info during refresh. "On-the-fly" syntax checking information may be incorrect. [C:\CSEE4280\GRP2ADD\FinalProject\MemVga\MemVga.srcs\sources_1\new\Start_Control.v:]
WARNING: [filemgmt 56-199] Attempt to get parsing info during refresh. "On-the-fly" syntax checking information may be incorrect. [C:\CSEE4280\GRP2ADD\FinalProject\Processing\Processing.srcs\sources_1\new\Auto_Control.v:]
WARNING: [filemgmt 56-199] Attempt to get parsing info during refresh. "On-the-fly" syntax checking information may be incorrect. [C:\CSEE4280\GRP2ADD\FinalProject\MemVga\MemVga.srcs\sim_1\new\Start_Control_tb.v:]
WARNING: [filemgmt 56-199] Attempt to get parsing info during refresh. "On-the-fly" syntax checking information may be incorrect. [C:\CSEE4280\GRP2ADD\FinalProject\MemVga\MemVga.srcs\sim_1\new\Start_Control_tb.v:]
WARNING: [filemgmt 56-199] Attempt to get parsing info during refresh. "On-the-fly" syntax checking information may be incorrect. [C:\CSEE4280\GRP2ADD\FinalProject\MemVga\MemVga.srcs\sim_1\new\Start_Control_tb.v:]
WARNING: [filemgmt 56-199] Attempt to get parsing info during refresh. "On-the-fly" syntax checking information may be incorrect. [C:\CSEE4280\GRP2ADD\FinalProject\MemVga\MemVga.srcs\sources_1\imports\FinalProject\VGAOutput\VGAOutput.srcs\sources_1\new\VGA_Out.sv:]
WARNING: [filemgmt 56-199] Attempt to get parsing info during refresh. "On-the-fly" syntax checking information may be incorrect. [C:\CSEE4280\GRP2ADD\FinalProject\MemVga\MemVga.srcs\sources_1\new\Top.sv:]
WARNING: [filemgmt 56-199] Attempt to get parsing info during refresh. "On-the-fly" syntax checking information may be incorrect. [C:\CSEE4280\GRP2ADD\FinalProject\Processing\Processing.srcs\sources_1\new\Start_Control.v:]
WARNING: [filemgmt 56-199] Attempt to get parsing info during refresh. "On-the-fly" syntax checking information may be incorrect. [C:\CSEE4280\GRP2ADD\FinalProject\MemVga\MemVga.srcs\sources_1\new\Control_And_Start.v:]
WARNING: [filemgmt 56-199] Attempt to get parsing info during refresh. "On-the-fly" syntax checking information may be incorrect. [C:\CSEE4280\GRP2ADD\FinalProject\MemVga\MemVga.srcs\sources_1\new\Start_Control.v:]
WARNING: [filemgmt 56-199] Attempt to get parsing info during refresh. "On-the-fly" syntax checking information may be incorrect. [C:\CSEE4280\GRP2ADD\FinalProject\Processing\Processing.srcs\sources_1\new\Auto_Control.v:]
WARNING: [filemgmt 56-199] Attempt to get parsing info during refresh. "On-the-fly" syntax checking information may be incorrect. [C:\CSEE4280\GRP2ADD\FinalProject\Processing\Processing.srcs\sources_1\new\Start_Control.v:]
WARNING: [filemgmt 56-199] Attempt to get parsing info during refresh. "On-the-fly" syntax checking information may be incorrect. [C:\CSEE4280\GRP2ADD\FinalProject\Processing\Processing.srcs\sources_1\new\Start_Control.v:]
WARNING: [filemgmt 56-199] Attempt to get parsing info during refresh. "On-the-fly" syntax checking information may be incorrect. [C:\CSEE4280\GRP2ADD\FinalProject\MemVga\MemVga.srcs\sim_1\new\Start_Control_tb.v:]
WARNING: [filemgmt 56-199] Attempt to get parsing info during refresh. "On-the-fly" syntax checking information may be incorrect. [C:\CSEE4280\GRP2ADD\FinalProject\MemVga\MemVga.srcs\sources_1\imports\FinalProject\VGAOutput\VGAOutput.srcs\sources_1\new\VGA_Out.sv:]
WARNING: [filemgmt 56-199] Attempt to get parsing info during refresh. "On-the-fly" syntax checking information may be incorrect. [C:\CSEE4280\GRP2ADD\FinalProject\MemVga\MemVga.srcs\sources_1\new\Top.sv:]
WARNING: [filemgmt 56-199] Attempt to get parsing info during refresh. "On-the-fly" syntax checking information may be incorrect. [C:\CSEE4280\GRP2ADD\FinalProject\Processing\Processing.srcs\sources_1\new\Start_Control.v:]
WARNING: [filemgmt 56-199] Attempt to get parsing info during refresh. "On-the-fly" syntax checking information may be incorrect. [C:\CSEE4280\GRP2ADD\FinalProject\MemVga\MemVga.srcs\sources_1\new\Control_And_Start.v:]
WARNING: [filemgmt 56-199] Attempt to get parsing info during refresh. "On-the-fly" syntax checking information may be incorrect. [C:\CSEE4280\GRP2ADD\FinalProject\MemVga\MemVga.srcs\sources_1\new\Start_Control.v:]
WARNING: [filemgmt 56-199] Attempt to get parsing info during refresh. "On-the-fly" syntax checking information may be incorrect. [C:\CSEE4280\GRP2ADD\FinalProject\Processing\Processing.srcs\sources_1\new\Auto_Control.v:]
WARNING: [filemgmt 56-199] Attempt to get parsing info during refresh. "On-the-fly" syntax checking information may be incorrect. [C:\CSEE4280\GRP2ADD\FinalProject\Processing\Processing.srcs\sources_1\new\Auto_Control.v:]
WARNING: [filemgmt 56-199] Attempt to get parsing info during refresh. "On-the-fly" syntax checking information may be incorrect. [C:\CSEE4280\GRP2ADD\FinalProject\Processing\Processing.srcs\sources_1\new\Auto_Control.v:]
WARNING: [filemgmt 56-199] Attempt to get parsing info during refresh. "On-the-fly" syntax checking information may be incorrect. [C:\CSEE4280\GRP2ADD\FinalProject\MemVga\MemVga.srcs\sim_1\new\Start_Control_tb.v:]
WARNING: [filemgmt 56-199] Attempt to get parsing info during refresh. "On-the-fly" syntax checking information may be incorrect. [C:\CSEE4280\GRP2ADD\FinalProject\MemVga\MemVga.srcs\sources_1\imports\FinalProject\VGAOutput\VGAOutput.srcs\sources_1\new\VGA_Out.sv:]
WARNING: [filemgmt 56-199] Attempt to get parsing info during refresh. "On-the-fly" syntax checking information may be incorrect. [C:\CSEE4280\GRP2ADD\FinalProject\MemVga\MemVga.srcs\sources_1\new\Top.sv:]
WARNING: [filemgmt 56-199] Attempt to get parsing info during refresh. "On-the-fly" syntax checking information may be incorrect. [C:\CSEE4280\GRP2ADD\FinalProject\Processing\Processing.srcs\sources_1\new\Start_Control.v:]
WARNING: [filemgmt 56-199] Attempt to get parsing info during refresh. "On-the-fly" syntax checking information may be incorrect. [C:\CSEE4280\GRP2ADD\FinalProject\MemVga\MemVga.srcs\sources_1\new\Control_And_Start.v:]
WARNING: [filemgmt 56-199] Attempt to get parsing info during refresh. "On-the-fly" syntax checking information may be incorrect. [C:\CSEE4280\GRP2ADD\FinalProject\MemVga\MemVga.srcs\sources_1\new\Start_Control.v:]
WARNING: [filemgmt 56-199] Attempt to get parsing info during refresh. "On-the-fly" syntax checking information may be incorrect. [C:\CSEE4280\GRP2ADD\FinalProject\Processing\Processing.srcs\sources_1\new\Auto_Control.v:]
WARNING: [filemgmt 56-199] Attempt to get parsing info during refresh. "On-the-fly" syntax checking information may be incorrect. [C:\CSEE4280\GRP2ADD\FinalProject\Processing\Processing.srcs\sources_1\new\Start_Control.v:]
WARNING: [filemgmt 56-199] Attempt to get parsing info during refresh. "On-the-fly" syntax checking information may be incorrect. [C:\CSEE4280\GRP2ADD\FinalProject\Processing\Processing.srcs\sources_1\new\Start_Control.v:]
WARNING: [filemgmt 56-199] Attempt to get parsing info during refresh. "On-the-fly" syntax checking information may be incorrect. [C:\CSEE4280\GRP2ADD\FinalProject\MemVga\MemVga.srcs\sim_1\new\Start_Control_tb.v:]
WARNING: [filemgmt 56-199] Attempt to get parsing info during refresh. "On-the-fly" syntax checking information may be incorrect. [C:\CSEE4280\GRP2ADD\FinalProject\MemVga\MemVga.srcs\sources_1\imports\FinalProject\VGAOutput\VGAOutput.srcs\sources_1\new\VGA_Out.sv:]
WARNING: [filemgmt 56-199] Attempt to get parsing info during refresh. "On-the-fly" syntax checking information may be incorrect. [C:\CSEE4280\GRP2ADD\FinalProject\MemVga\MemVga.srcs\sources_1\new\Top.sv:]
WARNING: [filemgmt 56-199] Attempt to get parsing info during refresh. "On-the-fly" syntax checking information may be incorrect. [C:\CSEE4280\GRP2ADD\FinalProject\Processing\Processing.srcs\sources_1\new\Start_Control.v:]
WARNING: [filemgmt 56-199] Attempt to get parsing info during refresh. "On-the-fly" syntax checking information may be incorrect. [C:\CSEE4280\GRP2ADD\FinalProject\MemVga\MemVga.srcs\sources_1\new\Control_And_Start.v:]
WARNING: [filemgmt 56-199] Attempt to get parsing info during refresh. "On-the-fly" syntax checking information may be incorrect. [C:\CSEE4280\GRP2ADD\FinalProject\MemVga\MemVga.srcs\sources_1\new\Start_Control.v:]
WARNING: [filemgmt 56-199] Attempt to get parsing info during refresh. "On-the-fly" syntax checking information may be incorrect. [C:\CSEE4280\GRP2ADD\FinalProject\Processing\Processing.srcs\sources_1\new\Auto_Control.v:]
WARNING: [filemgmt 56-199] Attempt to get parsing info during refresh. "On-the-fly" syntax checking information may be incorrect. [C:\CSEE4280\GRP2ADD\FinalProject\MemVga\MemVga.srcs\sources_1\imports\FinalProject\VGAOutput\VGAOutput.srcs\sources_1\new\VGA_Out.sv:]
WARNING: [filemgmt 56-199] Attempt to get parsing info during refresh. "On-the-fly" syntax checking information may be incorrect. [C:\CSEE4280\GRP2ADD\FinalProject\MemVga\MemVga.srcs\sources_1\imports\FinalProject\VGAOutput\VGAOutput.srcs\sources_1\new\VGA_Out.sv:]
WARNING: [filemgmt 56-199] Attempt to get parsing info during refresh. "On-the-fly" syntax checking information may be incorrect. [C:\CSEE4280\GRP2ADD\FinalProject\MemVga\MemVga.srcs\sim_1\new\Start_Control_tb.v:]
WARNING: [filemgmt 56-199] Attempt to get parsing info during refresh. "On-the-fly" syntax checking information may be incorrect. [C:\CSEE4280\GRP2ADD\FinalProject\MemVga\MemVga.srcs\sources_1\imports\FinalProject\VGAOutput\VGAOutput.srcs\sources_1\new\VGA_Out.sv:]
WARNING: [filemgmt 56-199] Attempt to get parsing info during refresh. "On-the-fly" syntax checking information may be incorrect. [C:\CSEE4280\GRP2ADD\FinalProject\MemVga\MemVga.srcs\sources_1\new\Top.sv:]
WARNING: [filemgmt 56-199] Attempt to get parsing info during refresh. "On-the-fly" syntax checking information may be incorrect. [C:\CSEE4280\GRP2ADD\FinalProject\Processing\Processing.srcs\sources_1\new\Start_Control.v:]
WARNING: [filemgmt 56-199] Attempt to get parsing info during refresh. "On-the-fly" syntax checking information may be incorrect. [C:\CSEE4280\GRP2ADD\FinalProject\MemVga\MemVga.srcs\sources_1\new\Control_And_Start.v:]
WARNING: [filemgmt 56-199] Attempt to get parsing info during refresh. "On-the-fly" syntax checking information may be incorrect. [C:\CSEE4280\GRP2ADD\FinalProject\MemVga\MemVga.srcs\sources_1\new\Start_Control.v:]
WARNING: [filemgmt 56-199] Attempt to get parsing info during refresh. "On-the-fly" syntax checking information may be incorrect. [C:\CSEE4280\GRP2ADD\FinalProject\Processing\Processing.srcs\sources_1\new\Auto_Control.v:]
WARNING: [filemgmt 56-199] Attempt to get parsing info during refresh. "On-the-fly" syntax checking information may be incorrect. [C:\CSEE4280\GRP2ADD\FinalProject\Processing\Processing.srcs\sources_1\new\Auto_Control.v:]
WARNING: [filemgmt 56-199] Attempt to get parsing info during refresh. "On-the-fly" syntax checking information may be incorrect. [C:\CSEE4280\GRP2ADD\FinalProject\Processing\Processing.srcs\sources_1\new\Auto_Control.v:]
WARNING: [filemgmt 56-199] Attempt to get parsing info during refresh. "On-the-fly" syntax checking information may be incorrect. [C:\CSEE4280\GRP2ADD\FinalProject\MemVga\MemVga.srcs\sim_1\new\Start_Control_tb.v:]
WARNING: [filemgmt 56-199] Attempt to get parsing info during refresh. "On-the-fly" syntax checking information may be incorrect. [C:\CSEE4280\GRP2ADD\FinalProject\MemVga\MemVga.srcs\sources_1\imports\FinalProject\VGAOutput\VGAOutput.srcs\sources_1\new\VGA_Out.sv:]
WARNING: [filemgmt 56-199] Attempt to get parsing info during refresh. "On-the-fly" syntax checking information may be incorrect. [C:\CSEE4280\GRP2ADD\FinalProject\MemVga\MemVga.srcs\sources_1\new\Top.sv:]
WARNING: [filemgmt 56-199] Attempt to get parsing info during refresh. "On-the-fly" syntax checking information may be incorrect. [C:\CSEE4280\GRP2ADD\FinalProject\Processing\Processing.srcs\sources_1\new\Start_Control.v:]
WARNING: [filemgmt 56-199] Attempt to get parsing info during refresh. "On-the-fly" syntax checking information may be incorrect. [C:\CSEE4280\GRP2ADD\FinalProject\MemVga\MemVga.srcs\sources_1\new\Control_And_Start.v:]
WARNING: [filemgmt 56-199] Attempt to get parsing info during refresh. "On-the-fly" syntax checking information may be incorrect. [C:\CSEE4280\GRP2ADD\FinalProject\MemVga\MemVga.srcs\sources_1\new\Start_Control.v:]
WARNING: [filemgmt 56-199] Attempt to get parsing info during refresh. "On-the-fly" syntax checking information may be incorrect. [C:\CSEE4280\GRP2ADD\FinalProject\Processing\Processing.srcs\sources_1\new\Auto_Control.v:]
WARNING: [filemgmt 56-199] Attempt to get parsing info during refresh. "On-the-fly" syntax checking information may be incorrect. [C:\CSEE4280\GRP2ADD\FinalProject\MemVga\MemVga.srcs\sources_1\new\Control_And_Start.v:]
WARNING: [filemgmt 56-199] Attempt to get parsing info during refresh. "On-the-fly" syntax checking information may be incorrect. [C:\CSEE4280\GRP2ADD\FinalProject\MemVga\MemVga.srcs\sources_1\new\Control_And_Start.v:]
WARNING: [filemgmt 56-199] Attempt to get parsing info during refresh. "On-the-fly" syntax checking information may be incorrect. [C:\CSEE4280\GRP2ADD\FinalProject\MemVga\MemVga.srcs\sim_1\new\Start_Control_tb.v:]
WARNING: [filemgmt 56-199] Attempt to get parsing info during refresh. "On-the-fly" syntax checking information may be incorrect. [C:\CSEE4280\GRP2ADD\FinalProject\MemVga\MemVga.srcs\sources_1\imports\FinalProject\VGAOutput\VGAOutput.srcs\sources_1\new\VGA_Out.sv:]
WARNING: [filemgmt 56-199] Attempt to get parsing info during refresh. "On-the-fly" syntax checking information may be incorrect. [C:\CSEE4280\GRP2ADD\FinalProject\MemVga\MemVga.srcs\sources_1\new\Top.sv:]
WARNING: [filemgmt 56-199] Attempt to get parsing info during refresh. "On-the-fly" syntax checking information may be incorrect. [C:\CSEE4280\GRP2ADD\FinalProject\Processing\Processing.srcs\sources_1\new\Start_Control.v:]
WARNING: [filemgmt 56-199] Attempt to get parsing info during refresh. "On-the-fly" syntax checking information may be incorrect. [C:\CSEE4280\GRP2ADD\FinalProject\MemVga\MemVga.srcs\sources_1\new\Control_And_Start.v:]
WARNING: [filemgmt 56-199] Attempt to get parsing info during refresh. "On-the-fly" syntax checking information may be incorrect. [C:\CSEE4280\GRP2ADD\FinalProject\MemVga\MemVga.srcs\sources_1\new\Start_Control.v:]
WARNING: [filemgmt 56-199] Attempt to get parsing info during refresh. "On-the-fly" syntax checking information may be incorrect. [C:\CSEE4280\GRP2ADD\FinalProject\Processing\Processing.srcs\sources_1\new\Auto_Control.v:]
WARNING: [filemgmt 56-199] Attempt to get parsing info during refresh. "On-the-fly" syntax checking information may be incorrect. [C:\CSEE4280\GRP2ADD\FinalProject\MemVga\MemVga.srcs\sim_1\new\Start_Control_tb.v:]
WARNING: [filemgmt 56-199] Attempt to get parsing info during refresh. "On-the-fly" syntax checking information may be incorrect. [C:\CSEE4280\GRP2ADD\FinalProject\MemVga\MemVga.srcs\sim_1\new\Start_Control_tb.v:]
launch_runs impl_1 -to_step write_bitstream -jobs 12
[Thu Apr 24 10:32:37 2025] Launched synth_1...
Run output will be captured here: C:/CSEE4280/GRP2ADD/FinalProject/MemVga/MemVga.runs/synth_1/runme.log
[Thu Apr 24 10:32:37 2025] Launched impl_1...
Run output will be captured here: C:/CSEE4280/GRP2ADD/FinalProject/MemVga/MemVga.runs/impl_1/runme.log
WARNING: [filemgmt 56-199] Attempt to get parsing info during refresh. "On-the-fly" syntax checking information may be incorrect. [C:\CSEE4280\GRP2ADD\FinalProject\MemVga\MemVga.srcs\sim_1\new\Start_Control_tb.v:]
WARNING: [filemgmt 56-199] Attempt to get parsing info during refresh. "On-the-fly" syntax checking information may be incorrect. [C:\CSEE4280\GRP2ADD\FinalProject\MemVga\MemVga.srcs\sources_1\imports\FinalProject\VGAOutput\VGAOutput.srcs\sources_1\new\VGA_Out.sv:]
WARNING: [filemgmt 56-199] Attempt to get parsing info during refresh. "On-the-fly" syntax checking information may be incorrect. [C:\CSEE4280\GRP2ADD\FinalProject\MemVga\MemVga.srcs\sources_1\new\Top.sv:]
WARNING: [filemgmt 56-199] Attempt to get parsing info during refresh. "On-the-fly" syntax checking information may be incorrect. [C:\CSEE4280\GRP2ADD\FinalProject\Processing\Processing.srcs\sources_1\new\Start_Control.v:]
WARNING: [filemgmt 56-199] Attempt to get parsing info during refresh. "On-the-fly" syntax checking information may be incorrect. [C:\CSEE4280\GRP2ADD\FinalProject\MemVga\MemVga.srcs\sources_1\new\Control_And_Start.v:]
WARNING: [filemgmt 56-199] Attempt to get parsing info during refresh. "On-the-fly" syntax checking information may be incorrect. [C:\CSEE4280\GRP2ADD\FinalProject\MemVga\MemVga.srcs\sources_1\new\Start_Control.v:]
WARNING: [filemgmt 56-199] Attempt to get parsing info during refresh. "On-the-fly" syntax checking information may be incorrect. [C:\CSEE4280\GRP2ADD\FinalProject\Processing\Processing.srcs\sources_1\new\Auto_Control.v:]
WARNING: [filemgmt 56-199] Attempt to get parsing info during refresh. "On-the-fly" syntax checking information may be incorrect. [C:\CSEE4280\GRP2ADD\FinalProject\MemVga\MemVga.srcs\sources_1\new\Control_And_Start.v:]
WARNING: [filemgmt 56-199] Attempt to get parsing info during refresh. "On-the-fly" syntax checking information may be incorrect. [C:\CSEE4280\GRP2ADD\FinalProject\MemVga\MemVga.srcs\sources_1\new\Control_And_Start.v:]
WARNING: [filemgmt 56-199] Attempt to get parsing info during refresh. "On-the-fly" syntax checking information may be incorrect. [C:\CSEE4280\GRP2ADD\FinalProject\MemVga\MemVga.srcs\sim_1\new\Start_Control_tb.v:]
WARNING: [filemgmt 56-199] Attempt to get parsing info during refresh. "On-the-fly" syntax checking information may be incorrect. [C:\CSEE4280\GRP2ADD\FinalProject\MemVga\MemVga.srcs\sources_1\imports\FinalProject\VGAOutput\VGAOutput.srcs\sources_1\new\VGA_Out.sv:]
WARNING: [filemgmt 56-199] Attempt to get parsing info during refresh. "On-the-fly" syntax checking information may be incorrect. [C:\CSEE4280\GRP2ADD\FinalProject\MemVga\MemVga.srcs\sources_1\new\Top.sv:]
WARNING: [filemgmt 56-199] Attempt to get parsing info during refresh. "On-the-fly" syntax checking information may be incorrect. [C:\CSEE4280\GRP2ADD\FinalProject\Processing\Processing.srcs\sources_1\new\Start_Control.v:]
WARNING: [filemgmt 56-199] Attempt to get parsing info during refresh. "On-the-fly" syntax checking information may be incorrect. [C:\CSEE4280\GRP2ADD\FinalProject\MemVga\MemVga.srcs\sources_1\new\Control_And_Start.v:]
WARNING: [filemgmt 56-199] Attempt to get parsing info during refresh. "On-the-fly" syntax checking information may be incorrect. [C:\CSEE4280\GRP2ADD\FinalProject\MemVga\MemVga.srcs\sources_1\new\Start_Control.v:]
WARNING: [filemgmt 56-199] Attempt to get parsing info during refresh. "On-the-fly" syntax checking information may be incorrect. [C:\CSEE4280\GRP2ADD\FinalProject\Processing\Processing.srcs\sources_1\new\Auto_Control.v:]
WARNING: [filemgmt 56-199] Attempt to get parsing info during refresh. "On-the-fly" syntax checking information may be incorrect. [C:\CSEE4280\GRP2ADD\FinalProject\MemVga\MemVga.srcs\sim_1\new\Start_Control_tb.v:]
WARNING: [filemgmt 56-199] Attempt to get parsing info during refresh. "On-the-fly" syntax checking information may be incorrect. [C:\CSEE4280\GRP2ADD\FinalProject\MemVga\MemVga.srcs\sim_1\new\Start_Control_tb.v:]
WARNING: [filemgmt 56-199] Attempt to get parsing info during refresh. "On-the-fly" syntax checking information may be incorrect. [C:\CSEE4280\GRP2ADD\FinalProject\MemVga\MemVga.srcs\sim_1\new\Start_Control_tb.v:]
WARNING: [filemgmt 56-199] Attempt to get parsing info during refresh. "On-the-fly" syntax checking information may be incorrect. [C:\CSEE4280\GRP2ADD\FinalProject\MemVga\MemVga.srcs\sources_1\imports\FinalProject\VGAOutput\VGAOutput.srcs\sources_1\new\VGA_Out.sv:]
WARNING: [filemgmt 56-199] Attempt to get parsing info during refresh. "On-the-fly" syntax checking information may be incorrect. [C:\CSEE4280\GRP2ADD\FinalProject\MemVga\MemVga.srcs\sources_1\new\Top.sv:]
WARNING: [filemgmt 56-199] Attempt to get parsing info during refresh. "On-the-fly" syntax checking information may be incorrect. [C:\CSEE4280\GRP2ADD\FinalProject\Processing\Processing.srcs\sources_1\new\Start_Control.v:]
WARNING: [filemgmt 56-199] Attempt to get parsing info during refresh. "On-the-fly" syntax checking information may be incorrect. [C:\CSEE4280\GRP2ADD\FinalProject\MemVga\MemVga.srcs\sources_1\new\Control_And_Start.v:]
WARNING: [filemgmt 56-199] Attempt to get parsing info during refresh. "On-the-fly" syntax checking information may be incorrect. [C:\CSEE4280\GRP2ADD\FinalProject\MemVga\MemVga.srcs\sources_1\new\Start_Control.v:]
WARNING: [filemgmt 56-199] Attempt to get parsing info during refresh. "On-the-fly" syntax checking information may be incorrect. [C:\CSEE4280\GRP2ADD\FinalProject\Processing\Processing.srcs\sources_1\new\Auto_Control.v:]
WARNING: [filemgmt 56-199] Attempt to get parsing info during refresh. "On-the-fly" syntax checking information may be incorrect. [C:\CSEE4280\GRP2ADD\FinalProject\MemVga\MemVga.srcs\sources_1\imports\FinalProject\VGAOutput\VGAOutput.srcs\sources_1\new\VGA_Out.sv:]
WARNING: [filemgmt 56-199] Attempt to get parsing info during refresh. "On-the-fly" syntax checking information may be incorrect. [C:\CSEE4280\GRP2ADD\FinalProject\MemVga\MemVga.srcs\sources_1\imports\FinalProject\VGAOutput\VGAOutput.srcs\sources_1\new\VGA_Out.sv:]
WARNING: [filemgmt 56-199] Attempt to get parsing info during refresh. "On-the-fly" syntax checking information may be incorrect. [C:\CSEE4280\GRP2ADD\FinalProject\MemVga\MemVga.srcs\sim_1\new\Start_Control_tb.v:]
WARNING: [filemgmt 56-199] Attempt to get parsing info during refresh. "On-the-fly" syntax checking information may be incorrect. [C:\CSEE4280\GRP2ADD\FinalProject\MemVga\MemVga.srcs\sources_1\imports\FinalProject\VGAOutput\VGAOutput.srcs\sources_1\new\VGA_Out.sv:]
WARNING: [filemgmt 56-199] Attempt to get parsing info during refresh. "On-the-fly" syntax checking information may be incorrect. [C:\CSEE4280\GRP2ADD\FinalProject\MemVga\MemVga.srcs\sources_1\new\Top.sv:]
WARNING: [filemgmt 56-199] Attempt to get parsing info during refresh. "On-the-fly" syntax checking information may be incorrect. [C:\CSEE4280\GRP2ADD\FinalProject\Processing\Processing.srcs\sources_1\new\Start_Control.v:]
WARNING: [filemgmt 56-199] Attempt to get parsing info during refresh. "On-the-fly" syntax checking information may be incorrect. [C:\CSEE4280\GRP2ADD\FinalProject\MemVga\MemVga.srcs\sources_1\new\Control_And_Start.v:]
WARNING: [filemgmt 56-199] Attempt to get parsing info during refresh. "On-the-fly" syntax checking information may be incorrect. [C:\CSEE4280\GRP2ADD\FinalProject\MemVga\MemVga.srcs\sources_1\new\Start_Control.v:]
WARNING: [filemgmt 56-199] Attempt to get parsing info during refresh. "On-the-fly" syntax checking information may be incorrect. [C:\CSEE4280\GRP2ADD\FinalProject\Processing\Processing.srcs\sources_1\new\Auto_Control.v:]
WARNING: [filemgmt 56-199] Attempt to get parsing info during refresh. "On-the-fly" syntax checking information may be incorrect. [C:\CSEE4280\GRP2ADD\FinalProject\Processing\Processing.srcs\sources_1\new\Auto_Control.v:]
WARNING: [filemgmt 56-199] Attempt to get parsing info during refresh. "On-the-fly" syntax checking information may be incorrect. [C:\CSEE4280\GRP2ADD\FinalProject\Processing\Processing.srcs\sources_1\new\Auto_Control.v:]
WARNING: [filemgmt 56-199] Attempt to get parsing info during refresh. "On-the-fly" syntax checking information may be incorrect. [C:\CSEE4280\GRP2ADD\FinalProject\MemVga\MemVga.srcs\sim_1\new\Start_Control_tb.v:]
WARNING: [filemgmt 56-199] Attempt to get parsing info during refresh. "On-the-fly" syntax checking information may be incorrect. [C:\CSEE4280\GRP2ADD\FinalProject\MemVga\MemVga.srcs\sources_1\imports\FinalProject\VGAOutput\VGAOutput.srcs\sources_1\new\VGA_Out.sv:]
WARNING: [filemgmt 56-199] Attempt to get parsing info during refresh. "On-the-fly" syntax checking information may be incorrect. [C:\CSEE4280\GRP2ADD\FinalProject\MemVga\MemVga.srcs\sources_1\new\Top.sv:]
WARNING: [filemgmt 56-199] Attempt to get parsing info during refresh. "On-the-fly" syntax checking information may be incorrect. [C:\CSEE4280\GRP2ADD\FinalProject\Processing\Processing.srcs\sources_1\new\Start_Control.v:]
WARNING: [filemgmt 56-199] Attempt to get parsing info during refresh. "On-the-fly" syntax checking information may be incorrect. [C:\CSEE4280\GRP2ADD\FinalProject\MemVga\MemVga.srcs\sources_1\new\Control_And_Start.v:]
WARNING: [filemgmt 56-199] Attempt to get parsing info during refresh. "On-the-fly" syntax checking information may be incorrect. [C:\CSEE4280\GRP2ADD\FinalProject\MemVga\MemVga.srcs\sources_1\new\Start_Control.v:]
WARNING: [filemgmt 56-199] Attempt to get parsing info during refresh. "On-the-fly" syntax checking information may be incorrect. [C:\CSEE4280\GRP2ADD\FinalProject\Processing\Processing.srcs\sources_1\new\Auto_Control.v:]
reset_run synth_1
WARNING: [Vivado 12-1017] Problems encountered:
1. Failed to delete one or more files in run directory C:/CSEE4280/GRP2ADD/FinalProject/MemVga/MemVga.runs/synth_1

launch_runs impl_1 -to_step write_bitstream -jobs 12
[Thu Apr 24 10:35:06 2025] Launched synth_1...
Run output will be captured here: C:/CSEE4280/GRP2ADD/FinalProject/MemVga/MemVga.runs/synth_1/runme.log
[Thu Apr 24 10:35:06 2025] Launched impl_1...
Run output will be captured here: C:/CSEE4280/GRP2ADD/FinalProject/MemVga/MemVga.runs/impl_1/runme.log
WARNING: [filemgmt 56-199] Attempt to get parsing info during refresh. "On-the-fly" syntax checking information may be incorrect. [C:\CSEE4280\GRP2ADD\FinalProject\MemVga\MemVga.srcs\sim_1\new\Start_Control_tb.v:]
WARNING: [filemgmt 56-199] Attempt to get parsing info during refresh. "On-the-fly" syntax checking information may be incorrect. [C:\CSEE4280\GRP2ADD\FinalProject\MemVga\MemVga.srcs\sources_1\imports\FinalProject\VGAOutput\VGAOutput.srcs\sources_1\new\VGA_Out.sv:]
WARNING: [filemgmt 56-199] Attempt to get parsing info during refresh. "On-the-fly" syntax checking information may be incorrect. [C:\CSEE4280\GRP2ADD\FinalProject\MemVga\MemVga.srcs\sources_1\new\Top.sv:]
WARNING: [filemgmt 56-199] Attempt to get parsing info during refresh. "On-the-fly" syntax checking information may be incorrect. [C:\CSEE4280\GRP2ADD\FinalProject\Processing\Processing.srcs\sources_1\new\Start_Control.v:]
WARNING: [filemgmt 56-199] Attempt to get parsing info during refresh. "On-the-fly" syntax checking information may be incorrect. [C:\CSEE4280\GRP2ADD\FinalProject\MemVga\MemVga.srcs\sources_1\new\Control_And_Start.v:]
WARNING: [filemgmt 56-199] Attempt to get parsing info during refresh. "On-the-fly" syntax checking information may be incorrect. [C:\CSEE4280\GRP2ADD\FinalProject\MemVga\MemVga.srcs\sources_1\new\Start_Control.v:]
WARNING: [filemgmt 56-199] Attempt to get parsing info during refresh. "On-the-fly" syntax checking information may be incorrect. [C:\CSEE4280\GRP2ADD\FinalProject\Processing\Processing.srcs\sources_1\new\Auto_Control.v:]
WARNING: [filemgmt 56-199] Attempt to get parsing info during refresh. "On-the-fly" syntax checking information may be incorrect. [C:\CSEE4280\GRP2ADD\FinalProject\Processing\Processing.srcs\sources_1\new\Start_Control.v:]
WARNING: [filemgmt 56-199] Attempt to get parsing info during refresh. "On-the-fly" syntax checking information may be incorrect. [C:\CSEE4280\GRP2ADD\FinalProject\Processing\Processing.srcs\sources_1\new\Start_Control.v:]
WARNING: [filemgmt 56-199] Attempt to get parsing info during refresh. "On-the-fly" syntax checking information may be incorrect. [C:\CSEE4280\GRP2ADD\FinalProject\MemVga\MemVga.srcs\sim_1\new\Start_Control_tb.v:]
WARNING: [filemgmt 56-199] Attempt to get parsing info during refresh. "On-the-fly" syntax checking information may be incorrect. [C:\CSEE4280\GRP2ADD\FinalProject\MemVga\MemVga.srcs\sources_1\imports\FinalProject\VGAOutput\VGAOutput.srcs\sources_1\new\VGA_Out.sv:]
WARNING: [filemgmt 56-199] Attempt to get parsing info during refresh. "On-the-fly" syntax checking information may be incorrect. [C:\CSEE4280\GRP2ADD\FinalProject\MemVga\MemVga.srcs\sources_1\new\Top.sv:]
WARNING: [filemgmt 56-199] Attempt to get parsing info during refresh. "On-the-fly" syntax checking information may be incorrect. [C:\CSEE4280\GRP2ADD\FinalProject\Processing\Processing.srcs\sources_1\new\Start_Control.v:]
WARNING: [filemgmt 56-199] Attempt to get parsing info during refresh. "On-the-fly" syntax checking information may be incorrect. [C:\CSEE4280\GRP2ADD\FinalProject\MemVga\MemVga.srcs\sources_1\new\Control_And_Start.v:]
WARNING: [filemgmt 56-199] Attempt to get parsing info during refresh. "On-the-fly" syntax checking information may be incorrect. [C:\CSEE4280\GRP2ADD\FinalProject\MemVga\MemVga.srcs\sources_1\new\Start_Control.v:]
WARNING: [filemgmt 56-199] Attempt to get parsing info during refresh. "On-the-fly" syntax checking information may be incorrect. [C:\CSEE4280\GRP2ADD\FinalProject\Processing\Processing.srcs\sources_1\new\Auto_Control.v:]
WARNING: [filemgmt 56-199] Attempt to get parsing info during refresh. "On-the-fly" syntax checking information may be incorrect. [C:\CSEE4280\GRP2ADD\FinalProject\MemVga\MemVga.srcs\sources_1\imports\FinalProject\VGAOutput\VGAOutput.srcs\sources_1\new\VGA_Out.sv:]
WARNING: [filemgmt 56-199] Attempt to get parsing info during refresh. "On-the-fly" syntax checking information may be incorrect. [C:\CSEE4280\GRP2ADD\FinalProject\MemVga\MemVga.srcs\sources_1\imports\FinalProject\VGAOutput\VGAOutput.srcs\sources_1\new\VGA_Out.sv:]
WARNING: [filemgmt 56-199] Attempt to get parsing info during refresh. "On-the-fly" syntax checking information may be incorrect. [C:\CSEE4280\GRP2ADD\FinalProject\MemVga\MemVga.srcs\sim_1\new\Start_Control_tb.v:]
WARNING: [filemgmt 56-199] Attempt to get parsing info during refresh. "On-the-fly" syntax checking information may be incorrect. [C:\CSEE4280\GRP2ADD\FinalProject\MemVga\MemVga.srcs\sources_1\imports\FinalProject\VGAOutput\VGAOutput.srcs\sources_1\new\VGA_Out.sv:]
WARNING: [filemgmt 56-199] Attempt to get parsing info during refresh. "On-the-fly" syntax checking information may be incorrect. [C:\CSEE4280\GRP2ADD\FinalProject\MemVga\MemVga.srcs\sources_1\new\Top.sv:]
WARNING: [filemgmt 56-199] Attempt to get parsing info during refresh. "On-the-fly" syntax checking information may be incorrect. [C:\CSEE4280\GRP2ADD\FinalProject\Processing\Processing.srcs\sources_1\new\Start_Control.v:]
WARNING: [filemgmt 56-199] Attempt to get parsing info during refresh. "On-the-fly" syntax checking information may be incorrect. [C:\CSEE4280\GRP2ADD\FinalProject\MemVga\MemVga.srcs\sources_1\new\Control_And_Start.v:]
WARNING: [filemgmt 56-199] Attempt to get parsing info during refresh. "On-the-fly" syntax checking information may be incorrect. [C:\CSEE4280\GRP2ADD\FinalProject\MemVga\MemVga.srcs\sources_1\new\Start_Control.v:]
WARNING: [filemgmt 56-199] Attempt to get parsing info during refresh. "On-the-fly" syntax checking information may be incorrect. [C:\CSEE4280\GRP2ADD\FinalProject\Processing\Processing.srcs\sources_1\new\Auto_Control.v:]
WARNING: [filemgmt 56-199] Attempt to get parsing info during refresh. "On-the-fly" syntax checking information may be incorrect. [C:\CSEE4280\GRP2ADD\FinalProject\MemVga\MemVga.srcs\sources_1\new\Top.sv:]
WARNING: [filemgmt 56-199] Attempt to get parsing info during refresh. "On-the-fly" syntax checking information may be incorrect. [C:\CSEE4280\GRP2ADD\FinalProject\MemVga\MemVga.srcs\sources_1\new\Top.sv:]
WARNING: [filemgmt 56-199] Attempt to get parsing info during refresh. "On-the-fly" syntax checking information may be incorrect. [C:\CSEE4280\GRP2ADD\FinalProject\MemVga\MemVga.srcs\sim_1\new\Start_Control_tb.v:]
WARNING: [filemgmt 56-199] Attempt to get parsing info during refresh. "On-the-fly" syntax checking information may be incorrect. [C:\CSEE4280\GRP2ADD\FinalProject\MemVga\MemVga.srcs\sources_1\imports\FinalProject\VGAOutput\VGAOutput.srcs\sources_1\new\VGA_Out.sv:]
WARNING: [filemgmt 56-199] Attempt to get parsing info during refresh. "On-the-fly" syntax checking information may be incorrect. [C:\CSEE4280\GRP2ADD\FinalProject\MemVga\MemVga.srcs\sources_1\new\Top.sv:]
WARNING: [filemgmt 56-199] Attempt to get parsing info during refresh. "On-the-fly" syntax checking information may be incorrect. [C:\CSEE4280\GRP2ADD\FinalProject\Processing\Processing.srcs\sources_1\new\Start_Control.v:]
WARNING: [filemgmt 56-199] Attempt to get parsing info during refresh. "On-the-fly" syntax checking information may be incorrect. [C:\CSEE4280\GRP2ADD\FinalProject\MemVga\MemVga.srcs\sources_1\new\Control_And_Start.v:]
WARNING: [filemgmt 56-199] Attempt to get parsing info during refresh. "On-the-fly" syntax checking information may be incorrect. [C:\CSEE4280\GRP2ADD\FinalProject\MemVga\MemVga.srcs\sources_1\new\Start_Control.v:]
WARNING: [filemgmt 56-199] Attempt to get parsing info during refresh. "On-the-fly" syntax checking information may be incorrect. [C:\CSEE4280\GRP2ADD\FinalProject\Processing\Processing.srcs\sources_1\new\Auto_Control.v:]
WARNING: [filemgmt 56-199] Attempt to get parsing info during refresh. "On-the-fly" syntax checking information may be incorrect. [C:\CSEE4280\GRP2ADD\FinalProject\MemVga\MemVga.srcs\sources_1\new\Control_And_Start.v:]
WARNING: [filemgmt 56-199] Attempt to get parsing info during refresh. "On-the-fly" syntax checking information may be incorrect. [C:\CSEE4280\GRP2ADD\FinalProject\MemVga\MemVga.srcs\sources_1\new\Control_And_Start.v:]
WARNING: [filemgmt 56-199] Attempt to get parsing info during refresh. "On-the-fly" syntax checking information may be incorrect. [C:\CSEE4280\GRP2ADD\FinalProject\MemVga\MemVga.srcs\sim_1\new\Start_Control_tb.v:]
WARNING: [filemgmt 56-199] Attempt to get parsing info during refresh. "On-the-fly" syntax checking information may be incorrect. [C:\CSEE4280\GRP2ADD\FinalProject\MemVga\MemVga.srcs\sources_1\imports\FinalProject\VGAOutput\VGAOutput.srcs\sources_1\new\VGA_Out.sv:]
WARNING: [filemgmt 56-199] Attempt to get parsing info during refresh. "On-the-fly" syntax checking information may be incorrect. [C:\CSEE4280\GRP2ADD\FinalProject\MemVga\MemVga.srcs\sources_1\new\Top.sv:]
WARNING: [filemgmt 56-199] Attempt to get parsing info during refresh. "On-the-fly" syntax checking information may be incorrect. [C:\CSEE4280\GRP2ADD\FinalProject\Processing\Processing.srcs\sources_1\new\Start_Control.v:]
WARNING: [filemgmt 56-199] Attempt to get parsing info during refresh. "On-the-fly" syntax checking information may be incorrect. [C:\CSEE4280\GRP2ADD\FinalProject\MemVga\MemVga.srcs\sources_1\new\Control_And_Start.v:]
WARNING: [filemgmt 56-199] Attempt to get parsing info during refresh. "On-the-fly" syntax checking information may be incorrect. [C:\CSEE4280\GRP2ADD\FinalProject\MemVga\MemVga.srcs\sources_1\new\Start_Control.v:]
WARNING: [filemgmt 56-199] Attempt to get parsing info during refresh. "On-the-fly" syntax checking information may be incorrect. [C:\CSEE4280\GRP2ADD\FinalProject\Processing\Processing.srcs\sources_1\new\Auto_Control.v:]
WARNING: [filemgmt 56-199] Attempt to get parsing info during refresh. "On-the-fly" syntax checking information may be incorrect. [C:\CSEE4280\GRP2ADD\FinalProject\MemVga\MemVga.srcs\sim_1\new\Start_Control_tb.v:]
WARNING: [filemgmt 56-199] Attempt to get parsing info during refresh. "On-the-fly" syntax checking information may be incorrect. [C:\CSEE4280\GRP2ADD\FinalProject\MemVga\MemVga.srcs\sim_1\new\Start_Control_tb.v:]
WARNING: [filemgmt 56-199] Attempt to get parsing info during refresh. "On-the-fly" syntax checking information may be incorrect. [C:\CSEE4280\GRP2ADD\FinalProject\MemVga\MemVga.srcs\sim_1\new\Start_Control_tb.v:]
WARNING: [filemgmt 56-199] Attempt to get parsing info during refresh. "On-the-fly" syntax checking information may be incorrect. [C:\CSEE4280\GRP2ADD\FinalProject\MemVga\MemVga.srcs\sources_1\imports\FinalProject\VGAOutput\VGAOutput.srcs\sources_1\new\VGA_Out.sv:]
WARNING: [filemgmt 56-199] Attempt to get parsing info during refresh. "On-the-fly" syntax checking information may be incorrect. [C:\CSEE4280\GRP2ADD\FinalProject\MemVga\MemVga.srcs\sources_1\new\Top.sv:]
WARNING: [filemgmt 56-199] Attempt to get parsing info during refresh. "On-the-fly" syntax checking information may be incorrect. [C:\CSEE4280\GRP2ADD\FinalProject\Processing\Processing.srcs\sources_1\new\Start_Control.v:]
WARNING: [filemgmt 56-199] Attempt to get parsing info during refresh. "On-the-fly" syntax checking information may be incorrect. [C:\CSEE4280\GRP2ADD\FinalProject\MemVga\MemVga.srcs\sources_1\new\Control_And_Start.v:]
WARNING: [filemgmt 56-199] Attempt to get parsing info during refresh. "On-the-fly" syntax checking information may be incorrect. [C:\CSEE4280\GRP2ADD\FinalProject\MemVga\MemVga.srcs\sources_1\new\Start_Control.v:]
WARNING: [filemgmt 56-199] Attempt to get parsing info during refresh. "On-the-fly" syntax checking information may be incorrect. [C:\CSEE4280\GRP2ADD\FinalProject\Processing\Processing.srcs\sources_1\new\Auto_Control.v:]
WARNING: [filemgmt 56-199] Attempt to get parsing info during refresh. "On-the-fly" syntax checking information may be incorrect. [C:\CSEE4280\GRP2ADD\FinalProject\Processing\Processing.srcs\sources_1\new\Auto_Control.v:]
WARNING: [filemgmt 56-199] Attempt to get parsing info during refresh. "On-the-fly" syntax checking information may be incorrect. [C:\CSEE4280\GRP2ADD\FinalProject\Processing\Processing.srcs\sources_1\new\Auto_Control.v:]
WARNING: [filemgmt 56-199] Attempt to get parsing info during refresh. "On-the-fly" syntax checking information may be incorrect. [C:\CSEE4280\GRP2ADD\FinalProject\MemVga\MemVga.srcs\sim_1\new\Start_Control_tb.v:]
WARNING: [filemgmt 56-199] Attempt to get parsing info during refresh. "On-the-fly" syntax checking information may be incorrect. [C:\CSEE4280\GRP2ADD\FinalProject\MemVga\MemVga.srcs\sources_1\imports\FinalProject\VGAOutput\VGAOutput.srcs\sources_1\new\VGA_Out.sv:]
WARNING: [filemgmt 56-199] Attempt to get parsing info during refresh. "On-the-fly" syntax checking information may be incorrect. [C:\CSEE4280\GRP2ADD\FinalProject\MemVga\MemVga.srcs\sources_1\new\Top.sv:]
WARNING: [filemgmt 56-199] Attempt to get parsing info during refresh. "On-the-fly" syntax checking information may be incorrect. [C:\CSEE4280\GRP2ADD\FinalProject\Processing\Processing.srcs\sources_1\new\Start_Control.v:]
WARNING: [filemgmt 56-199] Attempt to get parsing info during refresh. "On-the-fly" syntax checking information may be incorrect. [C:\CSEE4280\GRP2ADD\FinalProject\MemVga\MemVga.srcs\sources_1\new\Control_And_Start.v:]
WARNING: [filemgmt 56-199] Attempt to get parsing info during refresh. "On-the-fly" syntax checking information may be incorrect. [C:\CSEE4280\GRP2ADD\FinalProject\MemVga\MemVga.srcs\sources_1\new\Start_Control.v:]
WARNING: [filemgmt 56-199] Attempt to get parsing info during refresh. "On-the-fly" syntax checking information may be incorrect. [C:\CSEE4280\GRP2ADD\FinalProject\Processing\Processing.srcs\sources_1\new\Auto_Control.v:]
WARNING: [filemgmt 56-199] Attempt to get parsing info during refresh. "On-the-fly" syntax checking information may be incorrect. [C:\CSEE4280\GRP2ADD\FinalProject\MemVga\MemVga.srcs\sim_1\new\Start_Control_tb.v:]
WARNING: [filemgmt 56-199] Attempt to get parsing info during refresh. "On-the-fly" syntax checking information may be incorrect. [C:\CSEE4280\GRP2ADD\FinalProject\MemVga\MemVga.srcs\sim_1\new\Start_Control_tb.v:]
WARNING: [filemgmt 56-199] Attempt to get parsing info during refresh. "On-the-fly" syntax checking information may be incorrect. [C:\CSEE4280\GRP2ADD\FinalProject\MemVga\MemVga.srcs\sim_1\new\Start_Control_tb.v:]
WARNING: [filemgmt 56-199] Attempt to get parsing info during refresh. "On-the-fly" syntax checking information may be incorrect. [C:\CSEE4280\GRP2ADD\FinalProject\MemVga\MemVga.srcs\sources_1\imports\FinalProject\VGAOutput\VGAOutput.srcs\sources_1\new\VGA_Out.sv:]
WARNING: [filemgmt 56-199] Attempt to get parsing info during refresh. "On-the-fly" syntax checking information may be incorrect. [C:\CSEE4280\GRP2ADD\FinalProject\MemVga\MemVga.srcs\sources_1\new\Top.sv:]
WARNING: [filemgmt 56-199] Attempt to get parsing info during refresh. "On-the-fly" syntax checking information may be incorrect. [C:\CSEE4280\GRP2ADD\FinalProject\Processing\Processing.srcs\sources_1\new\Start_Control.v:]
WARNING: [filemgmt 56-199] Attempt to get parsing info during refresh. "On-the-fly" syntax checking information may be incorrect. [C:\CSEE4280\GRP2ADD\FinalProject\MemVga\MemVga.srcs\sources_1\new\Control_And_Start.v:]
WARNING: [filemgmt 56-199] Attempt to get parsing info during refresh. "On-the-fly" syntax checking information may be incorrect. [C:\CSEE4280\GRP2ADD\FinalProject\MemVga\MemVga.srcs\sources_1\new\Start_Control.v:]
WARNING: [filemgmt 56-199] Attempt to get parsing info during refresh. "On-the-fly" syntax checking information may be incorrect. [C:\CSEE4280\GRP2ADD\FinalProject\Processing\Processing.srcs\sources_1\new\Auto_Control.v:]
WARNING: [filemgmt 56-199] Attempt to get parsing info during refresh. "On-the-fly" syntax checking information may be incorrect. [C:\CSEE4280\GRP2ADD\FinalProject\Processing\Processing.srcs\sources_1\new\Start_Control.v:]
WARNING: [filemgmt 56-199] Attempt to get parsing info during refresh. "On-the-fly" syntax checking information may be incorrect. [C:\CSEE4280\GRP2ADD\FinalProject\Processing\Processing.srcs\sources_1\new\Start_Control.v:]
WARNING: [filemgmt 56-199] Attempt to get parsing info during refresh. "On-the-fly" syntax checking information may be incorrect. [C:\CSEE4280\GRP2ADD\FinalProject\MemVga\MemVga.srcs\sim_1\new\Start_Control_tb.v:]
WARNING: [filemgmt 56-199] Attempt to get parsing info during refresh. "On-the-fly" syntax checking information may be incorrect. [C:\CSEE4280\GRP2ADD\FinalProject\MemVga\MemVga.srcs\sources_1\imports\FinalProject\VGAOutput\VGAOutput.srcs\sources_1\new\VGA_Out.sv:]
WARNING: [filemgmt 56-199] Attempt to get parsing info during refresh. "On-the-fly" syntax checking information may be incorrect. [C:\CSEE4280\GRP2ADD\FinalProject\MemVga\MemVga.srcs\sources_1\new\Top.sv:]
WARNING: [filemgmt 56-199] Attempt to get parsing info during refresh. "On-the-fly" syntax checking information may be incorrect. [C:\CSEE4280\GRP2ADD\FinalProject\Processing\Processing.srcs\sources_1\new\Start_Control.v:]
WARNING: [filemgmt 56-199] Attempt to get parsing info during refresh. "On-the-fly" syntax checking information may be incorrect. [C:\CSEE4280\GRP2ADD\FinalProject\MemVga\MemVga.srcs\sources_1\new\Control_And_Start.v:]
WARNING: [filemgmt 56-199] Attempt to get parsing info during refresh. "On-the-fly" syntax checking information may be incorrect. [C:\CSEE4280\GRP2ADD\FinalProject\MemVga\MemVga.srcs\sources_1\new\Start_Control.v:]
WARNING: [filemgmt 56-199] Attempt to get parsing info during refresh. "On-the-fly" syntax checking information may be incorrect. [C:\CSEE4280\GRP2ADD\FinalProject\Processing\Processing.srcs\sources_1\new\Auto_Control.v:]
WARNING: [filemgmt 56-199] Attempt to get parsing info during refresh. "On-the-fly" syntax checking information may be incorrect. [C:\CSEE4280\GRP2ADD\FinalProject\MemVga\MemVga.srcs\sources_1\new\Control_And_Start.v:]
WARNING: [filemgmt 56-199] Attempt to get parsing info during refresh. "On-the-fly" syntax checking information may be incorrect. [C:\CSEE4280\GRP2ADD\FinalProject\MemVga\MemVga.srcs\sources_1\new\Control_And_Start.v:]
WARNING: [filemgmt 56-199] Attempt to get parsing info during refresh. "On-the-fly" syntax checking information may be incorrect. [C:\CSEE4280\GRP2ADD\FinalProject\MemVga\MemVga.srcs\sim_1\new\Start_Control_tb.v:]
WARNING: [filemgmt 56-199] Attempt to get parsing info during refresh. "On-the-fly" syntax checking information may be incorrect. [C:\CSEE4280\GRP2ADD\FinalProject\MemVga\MemVga.srcs\sources_1\imports\FinalProject\VGAOutput\VGAOutput.srcs\sources_1\new\VGA_Out.sv:]
WARNING: [filemgmt 56-199] Attempt to get parsing info during refresh. "On-the-fly" syntax checking information may be incorrect. [C:\CSEE4280\GRP2ADD\FinalProject\MemVga\MemVga.srcs\sources_1\new\Top.sv:]
WARNING: [filemgmt 56-199] Attempt to get parsing info during refresh. "On-the-fly" syntax checking information may be incorrect. [C:\CSEE4280\GRP2ADD\FinalProject\Processing\Processing.srcs\sources_1\new\Start_Control.v:]
WARNING: [filemgmt 56-199] Attempt to get parsing info during refresh. "On-the-fly" syntax checking information may be incorrect. [C:\CSEE4280\GRP2ADD\FinalProject\MemVga\MemVga.srcs\sources_1\new\Control_And_Start.v:]
WARNING: [filemgmt 56-199] Attempt to get parsing info during refresh. "On-the-fly" syntax checking information may be incorrect. [C:\CSEE4280\GRP2ADD\FinalProject\MemVga\MemVga.srcs\sources_1\new\Start_Control.v:]
WARNING: [filemgmt 56-199] Attempt to get parsing info during refresh. "On-the-fly" syntax checking information may be incorrect. [C:\CSEE4280\GRP2ADD\FinalProject\Processing\Processing.srcs\sources_1\new\Auto_Control.v:]
WARNING: [filemgmt 56-199] Attempt to get parsing info during refresh. "On-the-fly" syntax checking information may be incorrect. [C:\CSEE4280\GRP2ADD\FinalProject\MemVga\MemVga.srcs\sources_1\new\Top.sv:]
WARNING: [filemgmt 56-199] Attempt to get parsing info during refresh. "On-the-fly" syntax checking information may be incorrect. [C:\CSEE4280\GRP2ADD\FinalProject\MemVga\MemVga.srcs\sources_1\new\Top.sv:]
WARNING: [filemgmt 56-199] Attempt to get parsing info during refresh. "On-the-fly" syntax checking information may be incorrect. [C:\CSEE4280\GRP2ADD\FinalProject\MemVga\MemVga.srcs\sim_1\new\Start_Control_tb.v:]
WARNING: [filemgmt 56-199] Attempt to get parsing info during refresh. "On-the-fly" syntax checking information may be incorrect. [C:\CSEE4280\GRP2ADD\FinalProject\MemVga\MemVga.srcs\sources_1\imports\FinalProject\VGAOutput\VGAOutput.srcs\sources_1\new\VGA_Out.sv:]
WARNING: [filemgmt 56-199] Attempt to get parsing info during refresh. "On-the-fly" syntax checking information may be incorrect. [C:\CSEE4280\GRP2ADD\FinalProject\MemVga\MemVga.srcs\sources_1\new\Top.sv:]
WARNING: [filemgmt 56-199] Attempt to get parsing info during refresh. "On-the-fly" syntax checking information may be incorrect. [C:\CSEE4280\GRP2ADD\FinalProject\Processing\Processing.srcs\sources_1\new\Start_Control.v:]
WARNING: [filemgmt 56-199] Attempt to get parsing info during refresh. "On-the-fly" syntax checking information may be incorrect. [C:\CSEE4280\GRP2ADD\FinalProject\MemVga\MemVga.srcs\sources_1\new\Control_And_Start.v:]
WARNING: [filemgmt 56-199] Attempt to get parsing info during refresh. "On-the-fly" syntax checking information may be incorrect. [C:\CSEE4280\GRP2ADD\FinalProject\MemVga\MemVga.srcs\sources_1\new\Start_Control.v:]
WARNING: [filemgmt 56-199] Attempt to get parsing info during refresh. "On-the-fly" syntax checking information may be incorrect. [C:\CSEE4280\GRP2ADD\FinalProject\Processing\Processing.srcs\sources_1\new\Auto_Control.v:]
WARNING: [filemgmt 56-199] Attempt to get parsing info during refresh. "On-the-fly" syntax checking information may be incorrect. [C:\CSEE4280\GRP2ADD\FinalProject\Processing\Processing.srcs\sources_1\new\Start_Control.v:]
WARNING: [filemgmt 56-199] Attempt to get parsing info during refresh. "On-the-fly" syntax checking information may be incorrect. [C:\CSEE4280\GRP2ADD\FinalProject\Processing\Processing.srcs\sources_1\new\Start_Control.v:]
WARNING: [filemgmt 56-199] Attempt to get parsing info during refresh. "On-the-fly" syntax checking information may be incorrect. [C:\CSEE4280\GRP2ADD\FinalProject\MemVga\MemVga.srcs\sim_1\new\Start_Control_tb.v:]
WARNING: [filemgmt 56-199] Attempt to get parsing info during refresh. "On-the-fly" syntax checking information may be incorrect. [C:\CSEE4280\GRP2ADD\FinalProject\MemVga\MemVga.srcs\sources_1\imports\FinalProject\VGAOutput\VGAOutput.srcs\sources_1\new\VGA_Out.sv:]
WARNING: [filemgmt 56-199] Attempt to get parsing info during refresh. "On-the-fly" syntax checking information may be incorrect. [C:\CSEE4280\GRP2ADD\FinalProject\MemVga\MemVga.srcs\sources_1\new\Top.sv:]
WARNING: [filemgmt 56-199] Attempt to get parsing info during refresh. "On-the-fly" syntax checking information may be incorrect. [C:\CSEE4280\GRP2ADD\FinalProject\Processing\Processing.srcs\sources_1\new\Start_Control.v:]
WARNING: [filemgmt 56-199] Attempt to get parsing info during refresh. "On-the-fly" syntax checking information may be incorrect. [C:\CSEE4280\GRP2ADD\FinalProject\MemVga\MemVga.srcs\sources_1\new\Control_And_Start.v:]
WARNING: [filemgmt 56-199] Attempt to get parsing info during refresh. "On-the-fly" syntax checking information may be incorrect. [C:\CSEE4280\GRP2ADD\FinalProject\MemVga\MemVga.srcs\sources_1\new\Start_Control.v:]
WARNING: [filemgmt 56-199] Attempt to get parsing info during refresh. "On-the-fly" syntax checking information may be incorrect. [C:\CSEE4280\GRP2ADD\FinalProject\Processing\Processing.srcs\sources_1\new\Auto_Control.v:]
WARNING: [filemgmt 56-199] Attempt to get parsing info during refresh. "On-the-fly" syntax checking information may be incorrect. [C:\CSEE4280\GRP2ADD\FinalProject\MemVga\MemVga.srcs\sources_1\imports\FinalProject\VGAOutput\VGAOutput.srcs\sources_1\new\VGA_Out.sv:]
WARNING: [filemgmt 56-199] Attempt to get parsing info during refresh. "On-the-fly" syntax checking information may be incorrect. [C:\CSEE4280\GRP2ADD\FinalProject\MemVga\MemVga.srcs\sources_1\imports\FinalProject\VGAOutput\VGAOutput.srcs\sources_1\new\VGA_Out.sv:]
WARNING: [filemgmt 56-199] Attempt to get parsing info during refresh. "On-the-fly" syntax checking information may be incorrect. [C:\CSEE4280\GRP2ADD\FinalProject\MemVga\MemVga.srcs\sim_1\new\Start_Control_tb.v:]
WARNING: [filemgmt 56-199] Attempt to get parsing info during refresh. "On-the-fly" syntax checking information may be incorrect. [C:\CSEE4280\GRP2ADD\FinalProject\MemVga\MemVga.srcs\sources_1\imports\FinalProject\VGAOutput\VGAOutput.srcs\sources_1\new\VGA_Out.sv:]
WARNING: [filemgmt 56-199] Attempt to get parsing info during refresh. "On-the-fly" syntax checking information may be incorrect. [C:\CSEE4280\GRP2ADD\FinalProject\MemVga\MemVga.srcs\sources_1\new\Top.sv:]
WARNING: [filemgmt 56-199] Attempt to get parsing info during refresh. "On-the-fly" syntax checking information may be incorrect. [C:\CSEE4280\GRP2ADD\FinalProject\Processing\Processing.srcs\sources_1\new\Start_Control.v:]
WARNING: [filemgmt 56-199] Attempt to get parsing info during refresh. "On-the-fly" syntax checking information may be incorrect. [C:\CSEE4280\GRP2ADD\FinalProject\MemVga\MemVga.srcs\sources_1\new\Control_And_Start.v:]
WARNING: [filemgmt 56-199] Attempt to get parsing info during refresh. "On-the-fly" syntax checking information may be incorrect. [C:\CSEE4280\GRP2ADD\FinalProject\MemVga\MemVga.srcs\sources_1\new\Start_Control.v:]
WARNING: [filemgmt 56-199] Attempt to get parsing info during refresh. "On-the-fly" syntax checking information may be incorrect. [C:\CSEE4280\GRP2ADD\FinalProject\Processing\Processing.srcs\sources_1\new\Auto_Control.v:]
WARNING: [filemgmt 56-199] Attempt to get parsing info during refresh. "On-the-fly" syntax checking information may be incorrect. [C:\CSEE4280\GRP2ADD\FinalProject\MemVga\MemVga.srcs\sources_1\new\Top.sv:]
WARNING: [filemgmt 56-199] Attempt to get parsing info during refresh. "On-the-fly" syntax checking information may be incorrect. [C:\CSEE4280\GRP2ADD\FinalProject\MemVga\MemVga.srcs\sources_1\new\Top.sv:]
WARNING: [filemgmt 56-199] Attempt to get parsing info during refresh. "On-the-fly" syntax checking information may be incorrect. [C:\CSEE4280\GRP2ADD\FinalProject\MemVga\MemVga.srcs\sim_1\new\Start_Control_tb.v:]
WARNING: [filemgmt 56-199] Attempt to get parsing info during refresh. "On-the-fly" syntax checking information may be incorrect. [C:\CSEE4280\GRP2ADD\FinalProject\MemVga\MemVga.srcs\sources_1\imports\FinalProject\VGAOutput\VGAOutput.srcs\sources_1\new\VGA_Out.sv:]
WARNING: [filemgmt 56-199] Attempt to get parsing info during refresh. "On-the-fly" syntax checking information may be incorrect. [C:\CSEE4280\GRP2ADD\FinalProject\MemVga\MemVga.srcs\sources_1\new\Top.sv:]
WARNING: [filemgmt 56-199] Attempt to get parsing info during refresh. "On-the-fly" syntax checking information may be incorrect. [C:\CSEE4280\GRP2ADD\FinalProject\Processing\Processing.srcs\sources_1\new\Start_Control.v:]
WARNING: [filemgmt 56-199] Attempt to get parsing info during refresh. "On-the-fly" syntax checking information may be incorrect. [C:\CSEE4280\GRP2ADD\FinalProject\MemVga\MemVga.srcs\sources_1\new\Control_And_Start.v:]
WARNING: [filemgmt 56-199] Attempt to get parsing info during refresh. "On-the-fly" syntax checking information may be incorrect. [C:\CSEE4280\GRP2ADD\FinalProject\MemVga\MemVga.srcs\sources_1\new\Start_Control.v:]
WARNING: [filemgmt 56-199] Attempt to get parsing info during refresh. "On-the-fly" syntax checking information may be incorrect. [C:\CSEE4280\GRP2ADD\FinalProject\Processing\Processing.srcs\sources_1\new\Auto_Control.v:]
WARNING: [filemgmt 56-199] Attempt to get parsing info during refresh. "On-the-fly" syntax checking information may be incorrect. [C:\CSEE4280\GRP2ADD\FinalProject\MemVga\MemVga.srcs\sources_1\new\Control_And_Start.v:]
WARNING: [filemgmt 56-199] Attempt to get parsing info during refresh. "On-the-fly" syntax checking information may be incorrect. [C:\CSEE4280\GRP2ADD\FinalProject\MemVga\MemVga.srcs\sources_1\new\Control_And_Start.v:]
WARNING: [filemgmt 56-199] Attempt to get parsing info during refresh. "On-the-fly" syntax checking information may be incorrect. [C:\CSEE4280\GRP2ADD\FinalProject\MemVga\MemVga.srcs\sim_1\new\Start_Control_tb.v:]
WARNING: [filemgmt 56-199] Attempt to get parsing info during refresh. "On-the-fly" syntax checking information may be incorrect. [C:\CSEE4280\GRP2ADD\FinalProject\MemVga\MemVga.srcs\sources_1\imports\FinalProject\VGAOutput\VGAOutput.srcs\sources_1\new\VGA_Out.sv:]
WARNING: [filemgmt 56-199] Attempt to get parsing info during refresh. "On-the-fly" syntax checking information may be incorrect. [C:\CSEE4280\GRP2ADD\FinalProject\MemVga\MemVga.srcs\sources_1\new\Top.sv:]
WARNING: [filemgmt 56-199] Attempt to get parsing info during refresh. "On-the-fly" syntax checking information may be incorrect. [C:\CSEE4280\GRP2ADD\FinalProject\Processing\Processing.srcs\sources_1\new\Start_Control.v:]
WARNING: [filemgmt 56-199] Attempt to get parsing info during refresh. "On-the-fly" syntax checking information may be incorrect. [C:\CSEE4280\GRP2ADD\FinalProject\MemVga\MemVga.srcs\sources_1\new\Control_And_Start.v:]
WARNING: [filemgmt 56-199] Attempt to get parsing info during refresh. "On-the-fly" syntax checking information may be incorrect. [C:\CSEE4280\GRP2ADD\FinalProject\MemVga\MemVga.srcs\sources_1\new\Start_Control.v:]
WARNING: [filemgmt 56-199] Attempt to get parsing info during refresh. "On-the-fly" syntax checking information may be incorrect. [C:\CSEE4280\GRP2ADD\FinalProject\Processing\Processing.srcs\sources_1\new\Auto_Control.v:]
WARNING: [filemgmt 56-199] Attempt to get parsing info during refresh. "On-the-fly" syntax checking information may be incorrect. [C:\CSEE4280\GRP2ADD\FinalProject\MemVga\MemVga.srcs\sim_1\new\Start_Control_tb.v:]
WARNING: [filemgmt 56-199] Attempt to get parsing info during refresh. "On-the-fly" syntax checking information may be incorrect. [C:\CSEE4280\GRP2ADD\FinalProject\MemVga\MemVga.srcs\sim_1\new\Start_Control_tb.v:]
reset_run synth_1
WARNING: [Vivado 12-1017] Problems encountered:
1. Failed to delete one or more files in run directory C:/CSEE4280/GRP2ADD/FinalProject/MemVga/MemVga.runs/synth_1

launch_runs impl_1 -to_step write_bitstream -jobs 12
[Thu Apr 24 10:37:32 2025] Launched synth_1...
Run output will be captured here: C:/CSEE4280/GRP2ADD/FinalProject/MemVga/MemVga.runs/synth_1/runme.log
[Thu Apr 24 10:37:32 2025] Launched impl_1...
Run output will be captured here: C:/CSEE4280/GRP2ADD/FinalProject/MemVga/MemVga.runs/impl_1/runme.log
WARNING: [filemgmt 56-199] Attempt to get parsing info during refresh. "On-the-fly" syntax checking information may be incorrect. [C:\CSEE4280\GRP2ADD\FinalProject\MemVga\MemVga.srcs\sim_1\new\Start_Control_tb.v:]
WARNING: [filemgmt 56-199] Attempt to get parsing info during refresh. "On-the-fly" syntax checking information may be incorrect. [C:\CSEE4280\GRP2ADD\FinalProject\MemVga\MemVga.srcs\sources_1\imports\FinalProject\VGAOutput\VGAOutput.srcs\sources_1\new\VGA_Out.sv:]
WARNING: [filemgmt 56-199] Attempt to get parsing info during refresh. "On-the-fly" syntax checking information may be incorrect. [C:\CSEE4280\GRP2ADD\FinalProject\MemVga\MemVga.srcs\sources_1\new\Top.sv:]
WARNING: [filemgmt 56-199] Attempt to get parsing info during refresh. "On-the-fly" syntax checking information may be incorrect. [C:\CSEE4280\GRP2ADD\FinalProject\Processing\Processing.srcs\sources_1\new\Start_Control.v:]
WARNING: [filemgmt 56-199] Attempt to get parsing info during refresh. "On-the-fly" syntax checking information may be incorrect. [C:\CSEE4280\GRP2ADD\FinalProject\MemVga\MemVga.srcs\sources_1\new\Start_Control.v:]
WARNING: [filemgmt 56-199] Attempt to get parsing info during refresh. "On-the-fly" syntax checking information may be incorrect. [C:\CSEE4280\GRP2ADD\FinalProject\Processing\Processing.srcs\sources_1\new\Auto_Control.v:]
WARNING: [filemgmt 56-199] Attempt to get parsing info during refresh. "On-the-fly" syntax checking information may be incorrect. [C:\CSEE4280\GRP2ADD\FinalProject\MemVga\MemVga.srcs\sources_1\new\Control_And_Start.v:]
WARNING: [filemgmt 56-199] Attempt to get parsing info during refresh. "On-the-fly" syntax checking information may be incorrect. [C:\CSEE4280\GRP2ADD\FinalProject\Processing\Processing.srcs\sources_1\new\Auto_Control.v:]
WARNING: [filemgmt 56-199] Attempt to get parsing info during refresh. "On-the-fly" syntax checking information may be incorrect. [C:\CSEE4280\GRP2ADD\FinalProject\Processing\Processing.srcs\sources_1\new\Auto_Control.v:]
WARNING: [filemgmt 56-199] Attempt to get parsing info during refresh. "On-the-fly" syntax checking information may be incorrect. [C:\CSEE4280\GRP2ADD\FinalProject\MemVga\MemVga.srcs\sim_1\new\Start_Control_tb.v:]
WARNING: [filemgmt 56-199] Attempt to get parsing info during refresh. "On-the-fly" syntax checking information may be incorrect. [C:\CSEE4280\GRP2ADD\FinalProject\MemVga\MemVga.srcs\sources_1\imports\FinalProject\VGAOutput\VGAOutput.srcs\sources_1\new\VGA_Out.sv:]
WARNING: [filemgmt 56-199] Attempt to get parsing info during refresh. "On-the-fly" syntax checking information may be incorrect. [C:\CSEE4280\GRP2ADD\FinalProject\MemVga\MemVga.srcs\sources_1\new\Top.sv:]
WARNING: [filemgmt 56-199] Attempt to get parsing info during refresh. "On-the-fly" syntax checking information may be incorrect. [C:\CSEE4280\GRP2ADD\FinalProject\Processing\Processing.srcs\sources_1\new\Start_Control.v:]
WARNING: [filemgmt 56-199] Attempt to get parsing info during refresh. "On-the-fly" syntax checking information may be incorrect. [C:\CSEE4280\GRP2ADD\FinalProject\MemVga\MemVga.srcs\sources_1\new\Start_Control.v:]
WARNING: [filemgmt 56-199] Attempt to get parsing info during refresh. "On-the-fly" syntax checking information may be incorrect. [C:\CSEE4280\GRP2ADD\FinalProject\Processing\Processing.srcs\sources_1\new\Auto_Control.v:]
WARNING: [filemgmt 56-199] Attempt to get parsing info during refresh. "On-the-fly" syntax checking information may be incorrect. [C:\CSEE4280\GRP2ADD\FinalProject\MemVga\MemVga.srcs\sources_1\new\Control_And_Start.v:]
WARNING: [filemgmt 56-199] Attempt to get parsing info during refresh. "On-the-fly" syntax checking information may be incorrect. [C:\CSEE4280\GRP2ADD\FinalProject\MemVga\MemVga.srcs\sources_1\new\Top.sv:]
WARNING: [filemgmt 56-199] Attempt to get parsing info during refresh. "On-the-fly" syntax checking information may be incorrect. [C:\CSEE4280\GRP2ADD\FinalProject\MemVga\MemVga.srcs\sources_1\new\Top.sv:]
WARNING: [filemgmt 56-199] Attempt to get parsing info during refresh. "On-the-fly" syntax checking information may be incorrect. [C:\CSEE4280\GRP2ADD\FinalProject\MemVga\MemVga.srcs\sim_1\new\Start_Control_tb.v:]
WARNING: [filemgmt 56-199] Attempt to get parsing info during refresh. "On-the-fly" syntax checking information may be incorrect. [C:\CSEE4280\GRP2ADD\FinalProject\MemVga\MemVga.srcs\sources_1\imports\FinalProject\VGAOutput\VGAOutput.srcs\sources_1\new\VGA_Out.sv:]
WARNING: [filemgmt 56-199] Attempt to get parsing info during refresh. "On-the-fly" syntax checking information may be incorrect. [C:\CSEE4280\GRP2ADD\FinalProject\MemVga\MemVga.srcs\sources_1\new\Top.sv:]
WARNING: [filemgmt 56-199] Attempt to get parsing info during refresh. "On-the-fly" syntax checking information may be incorrect. [C:\CSEE4280\GRP2ADD\FinalProject\Processing\Processing.srcs\sources_1\new\Start_Control.v:]
WARNING: [filemgmt 56-199] Attempt to get parsing info during refresh. "On-the-fly" syntax checking information may be incorrect. [C:\CSEE4280\GRP2ADD\FinalProject\MemVga\MemVga.srcs\sources_1\new\Start_Control.v:]
WARNING: [filemgmt 56-199] Attempt to get parsing info during refresh. "On-the-fly" syntax checking information may be incorrect. [C:\CSEE4280\GRP2ADD\FinalProject\Processing\Processing.srcs\sources_1\new\Auto_Control.v:]
WARNING: [filemgmt 56-199] Attempt to get parsing info during refresh. "On-the-fly" syntax checking information may be incorrect. [C:\CSEE4280\GRP2ADD\FinalProject\MemVga\MemVga.srcs\sources_1\new\Control_And_Start.v:]
WARNING: [filemgmt 56-199] Attempt to get parsing info during refresh. "On-the-fly" syntax checking information may be incorrect. [C:\CSEE4280\GRP2ADD\FinalProject\MemVga\MemVga.srcs\sources_1\imports\FinalProject\VGAOutput\VGAOutput.srcs\sources_1\new\VGA_Out.sv:]
WARNING: [filemgmt 56-199] Attempt to get parsing info during refresh. "On-the-fly" syntax checking information may be incorrect. [C:\CSEE4280\GRP2ADD\FinalProject\MemVga\MemVga.srcs\sources_1\imports\FinalProject\VGAOutput\VGAOutput.srcs\sources_1\new\VGA_Out.sv:]
WARNING: [filemgmt 56-199] Attempt to get parsing info during refresh. "On-the-fly" syntax checking information may be incorrect. [C:\CSEE4280\GRP2ADD\FinalProject\MemVga\MemVga.srcs\sim_1\new\Start_Control_tb.v:]
WARNING: [filemgmt 56-199] Attempt to get parsing info during refresh. "On-the-fly" syntax checking information may be incorrect. [C:\CSEE4280\GRP2ADD\FinalProject\MemVga\MemVga.srcs\sources_1\imports\FinalProject\VGAOutput\VGAOutput.srcs\sources_1\new\VGA_Out.sv:]
WARNING: [filemgmt 56-199] Attempt to get parsing info during refresh. "On-the-fly" syntax checking information may be incorrect. [C:\CSEE4280\GRP2ADD\FinalProject\MemVga\MemVga.srcs\sources_1\new\Top.sv:]
WARNING: [filemgmt 56-199] Attempt to get parsing info during refresh. "On-the-fly" syntax checking information may be incorrect. [C:\CSEE4280\GRP2ADD\FinalProject\Processing\Processing.srcs\sources_1\new\Start_Control.v:]
WARNING: [filemgmt 56-199] Attempt to get parsing info during refresh. "On-the-fly" syntax checking information may be incorrect. [C:\CSEE4280\GRP2ADD\FinalProject\MemVga\MemVga.srcs\sources_1\new\Start_Control.v:]
WARNING: [filemgmt 56-199] Attempt to get parsing info during refresh. "On-the-fly" syntax checking information may be incorrect. [C:\CSEE4280\GRP2ADD\FinalProject\Processing\Processing.srcs\sources_1\new\Auto_Control.v:]
WARNING: [filemgmt 56-199] Attempt to get parsing info during refresh. "On-the-fly" syntax checking information may be incorrect. [C:\CSEE4280\GRP2ADD\FinalProject\MemVga\MemVga.srcs\sources_1\new\Control_And_Start.v:]
WARNING: [filemgmt 56-199] Attempt to get parsing info during refresh. "On-the-fly" syntax checking information may be incorrect. [C:\CSEE4280\GRP2ADD\FinalProject\MemVga\MemVga.srcs\sim_1\new\Start_Control_tb.v:]
WARNING: [filemgmt 56-199] Attempt to get parsing info during refresh. "On-the-fly" syntax checking information may be incorrect. [C:\CSEE4280\GRP2ADD\FinalProject\MemVga\MemVga.srcs\sim_1\new\Start_Control_tb.v:]
WARNING: [filemgmt 56-199] Attempt to get parsing info during refresh. "On-the-fly" syntax checking information may be incorrect. [C:\CSEE4280\GRP2ADD\FinalProject\MemVga\MemVga.srcs\sim_1\new\Start_Control_tb.v:]
WARNING: [filemgmt 56-199] Attempt to get parsing info during refresh. "On-the-fly" syntax checking information may be incorrect. [C:\CSEE4280\GRP2ADD\FinalProject\MemVga\MemVga.srcs\sources_1\imports\FinalProject\VGAOutput\VGAOutput.srcs\sources_1\new\VGA_Out.sv:]
WARNING: [filemgmt 56-199] Attempt to get parsing info during refresh. "On-the-fly" syntax checking information may be incorrect. [C:\CSEE4280\GRP2ADD\FinalProject\MemVga\MemVga.srcs\sources_1\new\Top.sv:]
WARNING: [filemgmt 56-199] Attempt to get parsing info during refresh. "On-the-fly" syntax checking information may be incorrect. [C:\CSEE4280\GRP2ADD\FinalProject\Processing\Processing.srcs\sources_1\new\Start_Control.v:]
WARNING: [filemgmt 56-199] Attempt to get parsing info during refresh. "On-the-fly" syntax checking information may be incorrect. [C:\CSEE4280\GRP2ADD\FinalProject\MemVga\MemVga.srcs\sources_1\new\Start_Control.v:]
WARNING: [filemgmt 56-199] Attempt to get parsing info during refresh. "On-the-fly" syntax checking information may be incorrect. [C:\CSEE4280\GRP2ADD\FinalProject\Processing\Processing.srcs\sources_1\new\Auto_Control.v:]
WARNING: [filemgmt 56-199] Attempt to get parsing info during refresh. "On-the-fly" syntax checking information may be incorrect. [C:\CSEE4280\GRP2ADD\FinalProject\MemVga\MemVga.srcs\sources_1\new\Control_And_Start.v:]
WARNING: [filemgmt 56-199] Attempt to get parsing info during refresh. "On-the-fly" syntax checking information may be incorrect. [C:\CSEE4280\GRP2ADD\FinalProject\Processing\Processing.srcs\sources_1\new\Start_Control.v:]
WARNING: [filemgmt 56-199] Attempt to get parsing info during refresh. "On-the-fly" syntax checking information may be incorrect. [C:\CSEE4280\GRP2ADD\FinalProject\Processing\Processing.srcs\sources_1\new\Start_Control.v:]
reset_run synth_1
WARNING: [Vivado 12-1017] Problems encountered:
1. Failed to delete one or more files in run directory C:/CSEE4280/GRP2ADD/FinalProject/MemVga/MemVga.runs/synth_1

launch_runs impl_1 -to_step write_bitstream -jobs 12
[Thu Apr 24 10:39:59 2025] Launched synth_1...
Run output will be captured here: C:/CSEE4280/GRP2ADD/FinalProject/MemVga/MemVga.runs/synth_1/runme.log
[Thu Apr 24 10:39:59 2025] Launched impl_1...
Run output will be captured here: C:/CSEE4280/GRP2ADD/FinalProject/MemVga/MemVga.runs/impl_1/runme.log
WARNING: [filemgmt 56-199] Attempt to get parsing info during refresh. "On-the-fly" syntax checking information may be incorrect. [C:\CSEE4280\GRP2ADD\FinalProject\MemVga\MemVga.srcs\sim_1\new\Start_Control_tb.v:]
WARNING: [filemgmt 56-199] Attempt to get parsing info during refresh. "On-the-fly" syntax checking information may be incorrect. [C:\CSEE4280\GRP2ADD\FinalProject\MemVga\MemVga.srcs\sources_1\imports\FinalProject\VGAOutput\VGAOutput.srcs\sources_1\new\VGA_Out.sv:]
WARNING: [filemgmt 56-199] Attempt to get parsing info during refresh. "On-the-fly" syntax checking information may be incorrect. [C:\CSEE4280\GRP2ADD\FinalProject\MemVga\MemVga.srcs\sources_1\new\Top.sv:]
WARNING: [filemgmt 56-199] Attempt to get parsing info during refresh. "On-the-fly" syntax checking information may be incorrect. [C:\CSEE4280\GRP2ADD\FinalProject\Processing\Processing.srcs\sources_1\new\Start_Control.v:]
WARNING: [filemgmt 56-199] Attempt to get parsing info during refresh. "On-the-fly" syntax checking information may be incorrect. [C:\CSEE4280\GRP2ADD\FinalProject\MemVga\MemVga.srcs\sources_1\new\Start_Control.v:]
WARNING: [filemgmt 56-199] Attempt to get parsing info during refresh. "On-the-fly" syntax checking information may be incorrect. [C:\CSEE4280\GRP2ADD\FinalProject\Processing\Processing.srcs\sources_1\new\Auto_Control.v:]
WARNING: [filemgmt 56-199] Attempt to get parsing info during refresh. "On-the-fly" syntax checking information may be incorrect. [C:\CSEE4280\GRP2ADD\FinalProject\MemVga\MemVga.srcs\sources_1\new\Control_And_Start.v:]
WARNING: [filemgmt 56-199] Attempt to get parsing info during refresh. "On-the-fly" syntax checking information may be incorrect. [C:\CSEE4280\GRP2ADD\FinalProject\MemVga\MemVga.srcs\sources_1\imports\FinalProject\VGAOutput\VGAOutput.srcs\sources_1\new\VGA_Out.sv:]
WARNING: [filemgmt 56-199] Attempt to get parsing info during refresh. "On-the-fly" syntax checking information may be incorrect. [C:\CSEE4280\GRP2ADD\FinalProject\MemVga\MemVga.srcs\sources_1\imports\FinalProject\VGAOutput\VGAOutput.srcs\sources_1\new\VGA_Out.sv:]
WARNING: [filemgmt 56-199] Attempt to get parsing info during refresh. "On-the-fly" syntax checking information may be incorrect. [C:\CSEE4280\GRP2ADD\FinalProject\MemVga\MemVga.srcs\sim_1\new\Start_Control_tb.v:]
WARNING: [filemgmt 56-199] Attempt to get parsing info during refresh. "On-the-fly" syntax checking information may be incorrect. [C:\CSEE4280\GRP2ADD\FinalProject\MemVga\MemVga.srcs\sources_1\imports\FinalProject\VGAOutput\VGAOutput.srcs\sources_1\new\VGA_Out.sv:]
WARNING: [filemgmt 56-199] Attempt to get parsing info during refresh. "On-the-fly" syntax checking information may be incorrect. [C:\CSEE4280\GRP2ADD\FinalProject\MemVga\MemVga.srcs\sources_1\new\Top.sv:]
WARNING: [filemgmt 56-199] Attempt to get parsing info during refresh. "On-the-fly" syntax checking information may be incorrect. [C:\CSEE4280\GRP2ADD\FinalProject\Processing\Processing.srcs\sources_1\new\Start_Control.v:]
WARNING: [filemgmt 56-199] Attempt to get parsing info during refresh. "On-the-fly" syntax checking information may be incorrect. [C:\CSEE4280\GRP2ADD\FinalProject\MemVga\MemVga.srcs\sources_1\new\Start_Control.v:]
WARNING: [filemgmt 56-199] Attempt to get parsing info during refresh. "On-the-fly" syntax checking information may be incorrect. [C:\CSEE4280\GRP2ADD\FinalProject\Processing\Processing.srcs\sources_1\new\Auto_Control.v:]
WARNING: [filemgmt 56-199] Attempt to get parsing info during refresh. "On-the-fly" syntax checking information may be incorrect. [C:\CSEE4280\GRP2ADD\FinalProject\MemVga\MemVga.srcs\sources_1\new\Control_And_Start.v:]
WARNING: [filemgmt 56-199] Attempt to get parsing info during refresh. "On-the-fly" syntax checking information may be incorrect. [C:\CSEE4280\GRP2ADD\FinalProject\MemVga\MemVga.srcs\sim_1\new\Start_Control_tb.v:]
WARNING: [filemgmt 56-199] Attempt to get parsing info during refresh. "On-the-fly" syntax checking information may be incorrect. [C:\CSEE4280\GRP2ADD\FinalProject\MemVga\MemVga.srcs\sim_1\new\Start_Control_tb.v:]
WARNING: [filemgmt 56-199] Attempt to get parsing info during refresh. "On-the-fly" syntax checking information may be incorrect. [C:\CSEE4280\GRP2ADD\FinalProject\MemVga\MemVga.srcs\sim_1\new\Start_Control_tb.v:]
WARNING: [filemgmt 56-199] Attempt to get parsing info during refresh. "On-the-fly" syntax checking information may be incorrect. [C:\CSEE4280\GRP2ADD\FinalProject\MemVga\MemVga.srcs\sources_1\imports\FinalProject\VGAOutput\VGAOutput.srcs\sources_1\new\VGA_Out.sv:]
WARNING: [filemgmt 56-199] Attempt to get parsing info during refresh. "On-the-fly" syntax checking information may be incorrect. [C:\CSEE4280\GRP2ADD\FinalProject\MemVga\MemVga.srcs\sources_1\new\Top.sv:]
WARNING: [filemgmt 56-199] Attempt to get parsing info during refresh. "On-the-fly" syntax checking information may be incorrect. [C:\CSEE4280\GRP2ADD\FinalProject\Processing\Processing.srcs\sources_1\new\Start_Control.v:]
WARNING: [filemgmt 56-199] Attempt to get parsing info during refresh. "On-the-fly" syntax checking information may be incorrect. [C:\CSEE4280\GRP2ADD\FinalProject\MemVga\MemVga.srcs\sources_1\new\Start_Control.v:]
WARNING: [filemgmt 56-199] Attempt to get parsing info during refresh. "On-the-fly" syntax checking information may be incorrect. [C:\CSEE4280\GRP2ADD\FinalProject\Processing\Processing.srcs\sources_1\new\Auto_Control.v:]
WARNING: [filemgmt 56-199] Attempt to get parsing info during refresh. "On-the-fly" syntax checking information may be incorrect. [C:\CSEE4280\GRP2ADD\FinalProject\MemVga\MemVga.srcs\sources_1\new\Control_And_Start.v:]
WARNING: [filemgmt 56-199] Attempt to get parsing info during refresh. "On-the-fly" syntax checking information may be incorrect. [C:\CSEE4280\GRP2ADD\FinalProject\Processing\Processing.srcs\sources_1\new\Auto_Control.v:]
WARNING: [filemgmt 56-199] Attempt to get parsing info during refresh. "On-the-fly" syntax checking information may be incorrect. [C:\CSEE4280\GRP2ADD\FinalProject\Processing\Processing.srcs\sources_1\new\Auto_Control.v:]
WARNING: [filemgmt 56-199] Attempt to get parsing info during refresh. "On-the-fly" syntax checking information may be incorrect. [C:\CSEE4280\GRP2ADD\FinalProject\MemVga\MemVga.srcs\sim_1\new\Start_Control_tb.v:]
WARNING: [filemgmt 56-199] Attempt to get parsing info during refresh. "On-the-fly" syntax checking information may be incorrect. [C:\CSEE4280\GRP2ADD\FinalProject\MemVga\MemVga.srcs\sources_1\imports\FinalProject\VGAOutput\VGAOutput.srcs\sources_1\new\VGA_Out.sv:]
WARNING: [filemgmt 56-199] Attempt to get parsing info during refresh. "On-the-fly" syntax checking information may be incorrect. [C:\CSEE4280\GRP2ADD\FinalProject\MemVga\MemVga.srcs\sources_1\new\Top.sv:]
WARNING: [filemgmt 56-199] Attempt to get parsing info during refresh. "On-the-fly" syntax checking information may be incorrect. [C:\CSEE4280\GRP2ADD\FinalProject\Processing\Processing.srcs\sources_1\new\Start_Control.v:]
WARNING: [filemgmt 56-199] Attempt to get parsing info during refresh. "On-the-fly" syntax checking information may be incorrect. [C:\CSEE4280\GRP2ADD\FinalProject\MemVga\MemVga.srcs\sources_1\new\Start_Control.v:]
WARNING: [filemgmt 56-199] Attempt to get parsing info during refresh. "On-the-fly" syntax checking information may be incorrect. [C:\CSEE4280\GRP2ADD\FinalProject\Processing\Processing.srcs\sources_1\new\Auto_Control.v:]
WARNING: [filemgmt 56-199] Attempt to get parsing info during refresh. "On-the-fly" syntax checking information may be incorrect. [C:\CSEE4280\GRP2ADD\FinalProject\MemVga\MemVga.srcs\sources_1\new\Control_And_Start.v:]
WARNING: [filemgmt 56-199] Attempt to get parsing info during refresh. "On-the-fly" syntax checking information may be incorrect. [C:\CSEE4280\GRP2ADD\FinalProject\MemVga\MemVga.srcs\sources_1\new\Control_And_Start.v:]
WARNING: [filemgmt 56-199] Attempt to get parsing info during refresh. "On-the-fly" syntax checking information may be incorrect. [C:\CSEE4280\GRP2ADD\FinalProject\MemVga\MemVga.srcs\sources_1\new\Control_And_Start.v:]
WARNING: [filemgmt 56-199] Attempt to get parsing info during refresh. "On-the-fly" syntax checking information may be incorrect. [C:\CSEE4280\GRP2ADD\FinalProject\MemVga\MemVga.srcs\sim_1\new\Start_Control_tb.v:]
WARNING: [filemgmt 56-199] Attempt to get parsing info during refresh. "On-the-fly" syntax checking information may be incorrect. [C:\CSEE4280\GRP2ADD\FinalProject\MemVga\MemVga.srcs\sources_1\imports\FinalProject\VGAOutput\VGAOutput.srcs\sources_1\new\VGA_Out.sv:]
WARNING: [filemgmt 56-199] Attempt to get parsing info during refresh. "On-the-fly" syntax checking information may be incorrect. [C:\CSEE4280\GRP2ADD\FinalProject\MemVga\MemVga.srcs\sources_1\new\Top.sv:]
WARNING: [filemgmt 56-199] Attempt to get parsing info during refresh. "On-the-fly" syntax checking information may be incorrect. [C:\CSEE4280\GRP2ADD\FinalProject\Processing\Processing.srcs\sources_1\new\Start_Control.v:]
WARNING: [filemgmt 56-199] Attempt to get parsing info during refresh. "On-the-fly" syntax checking information may be incorrect. [C:\CSEE4280\GRP2ADD\FinalProject\MemVga\MemVga.srcs\sources_1\new\Start_Control.v:]
WARNING: [filemgmt 56-199] Attempt to get parsing info during refresh. "On-the-fly" syntax checking information may be incorrect. [C:\CSEE4280\GRP2ADD\FinalProject\Processing\Processing.srcs\sources_1\new\Auto_Control.v:]
WARNING: [filemgmt 56-199] Attempt to get parsing info during refresh. "On-the-fly" syntax checking information may be incorrect. [C:\CSEE4280\GRP2ADD\FinalProject\MemVga\MemVga.srcs\sources_1\new\Control_And_Start.v:]
WARNING: [filemgmt 56-199] Attempt to get parsing info during refresh. "On-the-fly" syntax checking information may be incorrect. [C:\CSEE4280\GRP2ADD\FinalProject\Processing\Processing.srcs\sources_1\new\Start_Control.v:]
WARNING: [filemgmt 56-199] Attempt to get parsing info during refresh. "On-the-fly" syntax checking information may be incorrect. [C:\CSEE4280\GRP2ADD\FinalProject\Processing\Processing.srcs\sources_1\new\Start_Control.v:]
WARNING: [filemgmt 56-199] Attempt to get parsing info during refresh. "On-the-fly" syntax checking information may be incorrect. [C:\CSEE4280\GRP2ADD\FinalProject\MemVga\MemVga.srcs\sim_1\new\Start_Control_tb.v:]
WARNING: [filemgmt 56-199] Attempt to get parsing info during refresh. "On-the-fly" syntax checking information may be incorrect. [C:\CSEE4280\GRP2ADD\FinalProject\MemVga\MemVga.srcs\sources_1\imports\FinalProject\VGAOutput\VGAOutput.srcs\sources_1\new\VGA_Out.sv:]
WARNING: [filemgmt 56-199] Attempt to get parsing info during refresh. "On-the-fly" syntax checking information may be incorrect. [C:\CSEE4280\GRP2ADD\FinalProject\MemVga\MemVga.srcs\sources_1\new\Top.sv:]
WARNING: [filemgmt 56-199] Attempt to get parsing info during refresh. "On-the-fly" syntax checking information may be incorrect. [C:\CSEE4280\GRP2ADD\FinalProject\Processing\Processing.srcs\sources_1\new\Start_Control.v:]
WARNING: [filemgmt 56-199] Attempt to get parsing info during refresh. "On-the-fly" syntax checking information may be incorrect. [C:\CSEE4280\GRP2ADD\FinalProject\MemVga\MemVga.srcs\sources_1\new\Start_Control.v:]
WARNING: [filemgmt 56-199] Attempt to get parsing info during refresh. "On-the-fly" syntax checking information may be incorrect. [C:\CSEE4280\GRP2ADD\FinalProject\Processing\Processing.srcs\sources_1\new\Auto_Control.v:]
WARNING: [filemgmt 56-199] Attempt to get parsing info during refresh. "On-the-fly" syntax checking information may be incorrect. [C:\CSEE4280\GRP2ADD\FinalProject\MemVga\MemVga.srcs\sources_1\new\Control_And_Start.v:]
WARNING: [filemgmt 56-199] Attempt to get parsing info during refresh. "On-the-fly" syntax checking information may be incorrect. [C:\CSEE4280\GRP2ADD\FinalProject\MemVga\MemVga.srcs\sim_1\new\Start_Control_tb.v:]
WARNING: [filemgmt 56-199] Attempt to get parsing info during refresh. "On-the-fly" syntax checking information may be incorrect. [C:\CSEE4280\GRP2ADD\FinalProject\MemVga\MemVga.srcs\sim_1\new\Start_Control_tb.v:]
WARNING: [filemgmt 56-199] Attempt to get parsing info during refresh. "On-the-fly" syntax checking information may be incorrect. [C:\CSEE4280\GRP2ADD\FinalProject\MemVga\MemVga.srcs\sim_1\new\Start_Control_tb.v:]
WARNING: [filemgmt 56-199] Attempt to get parsing info during refresh. "On-the-fly" syntax checking information may be incorrect. [C:\CSEE4280\GRP2ADD\FinalProject\MemVga\MemVga.srcs\sources_1\imports\FinalProject\VGAOutput\VGAOutput.srcs\sources_1\new\VGA_Out.sv:]
WARNING: [filemgmt 56-199] Attempt to get parsing info during refresh. "On-the-fly" syntax checking information may be incorrect. [C:\CSEE4280\GRP2ADD\FinalProject\MemVga\MemVga.srcs\sources_1\new\Top.sv:]
WARNING: [filemgmt 56-199] Attempt to get parsing info during refresh. "On-the-fly" syntax checking information may be incorrect. [C:\CSEE4280\GRP2ADD\FinalProject\Processing\Processing.srcs\sources_1\new\Start_Control.v:]
WARNING: [filemgmt 56-199] Attempt to get parsing info during refresh. "On-the-fly" syntax checking information may be incorrect. [C:\CSEE4280\GRP2ADD\FinalProject\MemVga\MemVga.srcs\sources_1\new\Start_Control.v:]
WARNING: [filemgmt 56-199] Attempt to get parsing info during refresh. "On-the-fly" syntax checking information may be incorrect. [C:\CSEE4280\GRP2ADD\FinalProject\Processing\Processing.srcs\sources_1\new\Auto_Control.v:]
WARNING: [filemgmt 56-199] Attempt to get parsing info during refresh. "On-the-fly" syntax checking information may be incorrect. [C:\CSEE4280\GRP2ADD\FinalProject\MemVga\MemVga.srcs\sources_1\new\Control_And_Start.v:]
WARNING: [filemgmt 56-199] Attempt to get parsing info during refresh. "On-the-fly" syntax checking information may be incorrect. [C:\CSEE4280\GRP2ADD\FinalProject\MemVga\MemVga.srcs\sources_1\new\Control_And_Start.v:]
WARNING: [filemgmt 56-199] Attempt to get parsing info during refresh. "On-the-fly" syntax checking information may be incorrect. [C:\CSEE4280\GRP2ADD\FinalProject\MemVga\MemVga.srcs\sources_1\new\Control_And_Start.v:]
WARNING: [filemgmt 56-199] Attempt to get parsing info during refresh. "On-the-fly" syntax checking information may be incorrect. [C:\CSEE4280\GRP2ADD\FinalProject\MemVga\MemVga.srcs\sim_1\new\Start_Control_tb.v:]
WARNING: [filemgmt 56-199] Attempt to get parsing info during refresh. "On-the-fly" syntax checking information may be incorrect. [C:\CSEE4280\GRP2ADD\FinalProject\MemVga\MemVga.srcs\sources_1\imports\FinalProject\VGAOutput\VGAOutput.srcs\sources_1\new\VGA_Out.sv:]
WARNING: [filemgmt 56-199] Attempt to get parsing info during refresh. "On-the-fly" syntax checking information may be incorrect. [C:\CSEE4280\GRP2ADD\FinalProject\MemVga\MemVga.srcs\sources_1\new\Top.sv:]
WARNING: [filemgmt 56-199] Attempt to get parsing info during refresh. "On-the-fly" syntax checking information may be incorrect. [C:\CSEE4280\GRP2ADD\FinalProject\Processing\Processing.srcs\sources_1\new\Start_Control.v:]
WARNING: [filemgmt 56-199] Attempt to get parsing info during refresh. "On-the-fly" syntax checking information may be incorrect. [C:\CSEE4280\GRP2ADD\FinalProject\MemVga\MemVga.srcs\sources_1\new\Start_Control.v:]
WARNING: [filemgmt 56-199] Attempt to get parsing info during refresh. "On-the-fly" syntax checking information may be incorrect. [C:\CSEE4280\GRP2ADD\FinalProject\Processing\Processing.srcs\sources_1\new\Auto_Control.v:]
WARNING: [filemgmt 56-199] Attempt to get parsing info during refresh. "On-the-fly" syntax checking information may be incorrect. [C:\CSEE4280\GRP2ADD\FinalProject\MemVga\MemVga.srcs\sources_1\new\Control_And_Start.v:]
WARNING: [filemgmt 56-199] Attempt to get parsing info during refresh. "On-the-fly" syntax checking information may be incorrect. [C:\CSEE4280\GRP2ADD\FinalProject\MemVga\MemVga.srcs\sources_1\new\Top.sv:]
WARNING: [filemgmt 56-199] Attempt to get parsing info during refresh. "On-the-fly" syntax checking information may be incorrect. [C:\CSEE4280\GRP2ADD\FinalProject\MemVga\MemVga.srcs\sources_1\new\Top.sv:]
WARNING: [filemgmt 56-199] Attempt to get parsing info during refresh. "On-the-fly" syntax checking information may be incorrect. [C:\CSEE4280\GRP2ADD\FinalProject\MemVga\MemVga.srcs\sim_1\new\Start_Control_tb.v:]
WARNING: [filemgmt 56-199] Attempt to get parsing info during refresh. "On-the-fly" syntax checking information may be incorrect. [C:\CSEE4280\GRP2ADD\FinalProject\MemVga\MemVga.srcs\sources_1\imports\FinalProject\VGAOutput\VGAOutput.srcs\sources_1\new\VGA_Out.sv:]
WARNING: [filemgmt 56-199] Attempt to get parsing info during refresh. "On-the-fly" syntax checking information may be incorrect. [C:\CSEE4280\GRP2ADD\FinalProject\MemVga\MemVga.srcs\sources_1\new\Top.sv:]
WARNING: [filemgmt 56-199] Attempt to get parsing info during refresh. "On-the-fly" syntax checking information may be incorrect. [C:\CSEE4280\GRP2ADD\FinalProject\Processing\Processing.srcs\sources_1\new\Start_Control.v:]
WARNING: [filemgmt 56-199] Attempt to get parsing info during refresh. "On-the-fly" syntax checking information may be incorrect. [C:\CSEE4280\GRP2ADD\FinalProject\MemVga\MemVga.srcs\sources_1\new\Start_Control.v:]
WARNING: [filemgmt 56-199] Attempt to get parsing info during refresh. "On-the-fly" syntax checking information may be incorrect. [C:\CSEE4280\GRP2ADD\FinalProject\Processing\Processing.srcs\sources_1\new\Auto_Control.v:]
WARNING: [filemgmt 56-199] Attempt to get parsing info during refresh. "On-the-fly" syntax checking information may be incorrect. [C:\CSEE4280\GRP2ADD\FinalProject\MemVga\MemVga.srcs\sources_1\new\Control_And_Start.v:]
WARNING: [filemgmt 56-199] Attempt to get parsing info during refresh. "On-the-fly" syntax checking information may be incorrect. [C:\CSEE4280\GRP2ADD\FinalProject\Processing\Processing.srcs\sources_1\new\Start_Control.v:]
WARNING: [filemgmt 56-199] Attempt to get parsing info during refresh. "On-the-fly" syntax checking information may be incorrect. [C:\CSEE4280\GRP2ADD\FinalProject\Processing\Processing.srcs\sources_1\new\Start_Control.v:]
WARNING: [filemgmt 56-199] Attempt to get parsing info during refresh. "On-the-fly" syntax checking information may be incorrect. [C:\CSEE4280\GRP2ADD\FinalProject\MemVga\MemVga.srcs\sim_1\new\Start_Control_tb.v:]
WARNING: [filemgmt 56-199] Attempt to get parsing info during refresh. "On-the-fly" syntax checking information may be incorrect. [C:\CSEE4280\GRP2ADD\FinalProject\MemVga\MemVga.srcs\sources_1\imports\FinalProject\VGAOutput\VGAOutput.srcs\sources_1\new\VGA_Out.sv:]
WARNING: [filemgmt 56-199] Attempt to get parsing info during refresh. "On-the-fly" syntax checking information may be incorrect. [C:\CSEE4280\GRP2ADD\FinalProject\MemVga\MemVga.srcs\sources_1\new\Top.sv:]
WARNING: [filemgmt 56-199] Attempt to get parsing info during refresh. "On-the-fly" syntax checking information may be incorrect. [C:\CSEE4280\GRP2ADD\FinalProject\Processing\Processing.srcs\sources_1\new\Start_Control.v:]
WARNING: [filemgmt 56-199] Attempt to get parsing info during refresh. "On-the-fly" syntax checking information may be incorrect. [C:\CSEE4280\GRP2ADD\FinalProject\MemVga\MemVga.srcs\sources_1\new\Start_Control.v:]
WARNING: [filemgmt 56-199] Attempt to get parsing info during refresh. "On-the-fly" syntax checking information may be incorrect. [C:\CSEE4280\GRP2ADD\FinalProject\Processing\Processing.srcs\sources_1\new\Auto_Control.v:]
WARNING: [filemgmt 56-199] Attempt to get parsing info during refresh. "On-the-fly" syntax checking information may be incorrect. [C:\CSEE4280\GRP2ADD\FinalProject\MemVga\MemVga.srcs\sources_1\new\Control_And_Start.v:]
WARNING: [filemgmt 56-199] Attempt to get parsing info during refresh. "On-the-fly" syntax checking information may be incorrect. [C:\CSEE4280\GRP2ADD\FinalProject\MemVga\MemVga.srcs\sources_1\imports\FinalProject\VGAOutput\VGAOutput.srcs\sources_1\new\VGA_Out.sv:]
WARNING: [filemgmt 56-199] Attempt to get parsing info during refresh. "On-the-fly" syntax checking information may be incorrect. [C:\CSEE4280\GRP2ADD\FinalProject\MemVga\MemVga.srcs\sources_1\imports\FinalProject\VGAOutput\VGAOutput.srcs\sources_1\new\VGA_Out.sv:]
reset_run synth_1
WARNING: [Vivado 12-1017] Problems encountered:
1. Failed to delete one or more files in run directory C:/CSEE4280/GRP2ADD/FinalProject/MemVga/MemVga.runs/synth_1

launch_runs synth_1 -jobs 12
WARNING: [HDL 9-3756] overwriting previous definition of module 'VGA_Out' [C:/CSEE4280/GRP2ADD/FinalProject/MemVga/MemVga.srcs/sources_1/imports/FinalProject/VGAOutput/VGAOutput.srcs/sources_1/new/VGA_Out.sv:23]
WARNING: [filemgmt 20-1318] Duplicate Design Unit 'VGA_Out()' found in library 'xil_defaultlib'
Duplicate found at line 23 of file C:/CSEE4280/GRP2ADD/FinalProject/MemVga/MemVga.srcs/sources_1/imports/FinalProject/VGAOutput/VGAOutput.srcs/sources_1/new/VGA_Out.v
	(Active) Duplicate found at line 23 of file C:/CSEE4280/GRP2ADD/FinalProject/MemVga/MemVga.srcs/sources_1/imports/FinalProject/VGAOutput/VGAOutput.srcs/sources_1/new/VGA_Out.sv
[Thu Apr 24 10:47:15 2025] Launched synth_1...
Run output will be captured here: C:/CSEE4280/GRP2ADD/FinalProject/MemVga/MemVga.runs/synth_1/runme.log
close [ open C:/CSEE4280/GRP2ADD/FinalProject/MemVga/MemVga.srcs/sources_1/new/Frame_Select_Control.v w ]
add_files C:/CSEE4280/GRP2ADD/FinalProject/MemVga/MemVga.srcs/sources_1/new/Frame_Select_Control.v
WARNING: [filemgmt 56-199] Attempt to get parsing info during refresh. "On-the-fly" syntax checking information may be incorrect. [C:\CSEE4280\GRP2ADD\FinalProject\MemVga\MemVga.srcs\sim_1\new\Start_Control_tb.v:]
WARNING: [filemgmt 56-199] Attempt to get parsing info during refresh. "On-the-fly" syntax checking information may be incorrect. [C:\CSEE4280\GRP2ADD\FinalProject\MemVga\MemVga.srcs\sources_1\imports\FinalProject\VGAOutput\VGAOutput.srcs\sources_1\new\VGA_Out.sv:]
WARNING: [filemgmt 56-199] Attempt to get parsing info during refresh. "On-the-fly" syntax checking information may be incorrect. [C:\CSEE4280\GRP2ADD\FinalProject\MemVga\MemVga.srcs\sources_1\new\Top.sv:]
WARNING: [filemgmt 56-199] Attempt to get parsing info during refresh. "On-the-fly" syntax checking information may be incorrect. [C:\CSEE4280\GRP2ADD\FinalProject\Processing\Processing.srcs\sources_1\new\Start_Control.v:]
WARNING: [filemgmt 56-199] Attempt to get parsing info during refresh. "On-the-fly" syntax checking information may be incorrect. [C:\CSEE4280\GRP2ADD\FinalProject\MemVga\MemVga.srcs\sources_1\new\Start_Control.v:]
WARNING: [filemgmt 56-199] Attempt to get parsing info during refresh. "On-the-fly" syntax checking information may be incorrect. [C:\CSEE4280\GRP2ADD\FinalProject\Processing\Processing.srcs\sources_1\new\Auto_Control.v:]
WARNING: [filemgmt 56-199] Attempt to get parsing info during refresh. "On-the-fly" syntax checking information may be incorrect. [C:\CSEE4280\GRP2ADD\FinalProject\MemVga\MemVga.srcs\sources_1\new\Control_And_Start.v:]
WARNING: [filemgmt 56-199] Attempt to get parsing info during refresh. "On-the-fly" syntax checking information may be incorrect. [C:\CSEE4280\GRP2ADD\FinalProject\Processing\Processing.srcs\sources_1\new\Start_Control.v:]
WARNING: [filemgmt 56-199] Attempt to get parsing info during refresh. "On-the-fly" syntax checking information may be incorrect. [C:\CSEE4280\GRP2ADD\FinalProject\Processing\Processing.srcs\sources_1\new\Start_Control.v:]
WARNING: [filemgmt 56-199] Attempt to get parsing info during refresh. "On-the-fly" syntax checking information may be incorrect. [C:\CSEE4280\GRP2ADD\FinalProject\MemVga\MemVga.srcs\sim_1\new\Start_Control_tb.v:]
WARNING: [filemgmt 56-199] Attempt to get parsing info during refresh. "On-the-fly" syntax checking information may be incorrect. [C:\CSEE4280\GRP2ADD\FinalProject\MemVga\MemVga.srcs\sources_1\imports\FinalProject\VGAOutput\VGAOutput.srcs\sources_1\new\VGA_Out.sv:]
WARNING: [filemgmt 56-199] Attempt to get parsing info during refresh. "On-the-fly" syntax checking information may be incorrect. [C:\CSEE4280\GRP2ADD\FinalProject\MemVga\MemVga.srcs\sources_1\new\Top.sv:]
WARNING: [filemgmt 56-199] Attempt to get parsing info during refresh. "On-the-fly" syntax checking information may be incorrect. [C:\CSEE4280\GRP2ADD\FinalProject\Processing\Processing.srcs\sources_1\new\Start_Control.v:]
WARNING: [filemgmt 56-199] Attempt to get parsing info during refresh. "On-the-fly" syntax checking information may be incorrect. [C:\CSEE4280\GRP2ADD\FinalProject\MemVga\MemVga.srcs\sources_1\new\Start_Control.v:]
WARNING: [filemgmt 56-199] Attempt to get parsing info during refresh. "On-the-fly" syntax checking information may be incorrect. [C:\CSEE4280\GRP2ADD\FinalProject\Processing\Processing.srcs\sources_1\new\Auto_Control.v:]
WARNING: [filemgmt 56-199] Attempt to get parsing info during refresh. "On-the-fly" syntax checking information may be incorrect. [C:\CSEE4280\GRP2ADD\FinalProject\MemVga\MemVga.srcs\sources_1\new\Control_And_Start.v:]
WARNING: [filemgmt 56-199] Attempt to get parsing info during refresh. "On-the-fly" syntax checking information may be incorrect. [C:\CSEE4280\GRP2ADD\FinalProject\MemVga\MemVga.srcs\sources_1\imports\FinalProject\VGAOutput\VGAOutput.srcs\sources_1\new\VGA_Out.sv:]
WARNING: [filemgmt 56-199] Attempt to get parsing info during refresh. "On-the-fly" syntax checking information may be incorrect. [C:\CSEE4280\GRP2ADD\FinalProject\MemVga\MemVga.srcs\sources_1\imports\FinalProject\VGAOutput\VGAOutput.srcs\sources_1\new\VGA_Out.sv:]
WARNING: [filemgmt 56-199] Attempt to get parsing info during refresh. "On-the-fly" syntax checking information may be incorrect. [C:\CSEE4280\GRP2ADD\FinalProject\MemVga\MemVga.srcs\sim_1\new\Start_Control_tb.v:]
WARNING: [filemgmt 56-199] Attempt to get parsing info during refresh. "On-the-fly" syntax checking information may be incorrect. [C:\CSEE4280\GRP2ADD\FinalProject\MemVga\MemVga.srcs\sources_1\imports\FinalProject\VGAOutput\VGAOutput.srcs\sources_1\new\VGA_Out.sv:]
WARNING: [filemgmt 56-199] Attempt to get parsing info during refresh. "On-the-fly" syntax checking information may be incorrect. [C:\CSEE4280\GRP2ADD\FinalProject\MemVga\MemVga.srcs\sources_1\new\Top.sv:]
WARNING: [filemgmt 56-199] Attempt to get parsing info during refresh. "On-the-fly" syntax checking information may be incorrect. [C:\CSEE4280\GRP2ADD\FinalProject\Processing\Processing.srcs\sources_1\new\Start_Control.v:]
WARNING: [filemgmt 56-199] Attempt to get parsing info during refresh. "On-the-fly" syntax checking information may be incorrect. [C:\CSEE4280\GRP2ADD\FinalProject\MemVga\MemVga.srcs\sources_1\new\Start_Control.v:]
WARNING: [filemgmt 56-199] Attempt to get parsing info during refresh. "On-the-fly" syntax checking information may be incorrect. [C:\CSEE4280\GRP2ADD\FinalProject\Processing\Processing.srcs\sources_1\new\Auto_Control.v:]
WARNING: [filemgmt 56-199] Attempt to get parsing info during refresh. "On-the-fly" syntax checking information may be incorrect. [C:\CSEE4280\GRP2ADD\FinalProject\MemVga\MemVga.srcs\sources_1\new\Control_And_Start.v:]
WARNING: [filemgmt 56-199] Attempt to get parsing info during refresh. "On-the-fly" syntax checking information may be incorrect. [C:\CSEE4280\GRP2ADD\FinalProject\MemVga\MemVga.srcs\sources_1\new\Top.sv:]
WARNING: [filemgmt 56-199] Attempt to get parsing info during refresh. "On-the-fly" syntax checking information may be incorrect. [C:\CSEE4280\GRP2ADD\FinalProject\MemVga\MemVga.srcs\sources_1\new\Top.sv:]
WARNING: [filemgmt 56-199] Attempt to get parsing info during refresh. "On-the-fly" syntax checking information may be incorrect. [C:\CSEE4280\GRP2ADD\FinalProject\MemVga\MemVga.srcs\sim_1\new\Start_Control_tb.v:]
WARNING: [filemgmt 56-199] Attempt to get parsing info during refresh. "On-the-fly" syntax checking information may be incorrect. [C:\CSEE4280\GRP2ADD\FinalProject\MemVga\MemVga.srcs\sources_1\imports\FinalProject\VGAOutput\VGAOutput.srcs\sources_1\new\VGA_Out.sv:]
WARNING: [filemgmt 56-199] Attempt to get parsing info during refresh. "On-the-fly" syntax checking information may be incorrect. [C:\CSEE4280\GRP2ADD\FinalProject\MemVga\MemVga.srcs\sources_1\new\Top.sv:]
WARNING: [filemgmt 56-199] Attempt to get parsing info during refresh. "On-the-fly" syntax checking information may be incorrect. [C:\CSEE4280\GRP2ADD\FinalProject\Processing\Processing.srcs\sources_1\new\Start_Control.v:]
WARNING: [filemgmt 56-199] Attempt to get parsing info during refresh. "On-the-fly" syntax checking information may be incorrect. [C:\CSEE4280\GRP2ADD\FinalProject\MemVga\MemVga.srcs\sources_1\new\Start_Control.v:]
WARNING: [filemgmt 56-199] Attempt to get parsing info during refresh. "On-the-fly" syntax checking information may be incorrect. [C:\CSEE4280\GRP2ADD\FinalProject\Processing\Processing.srcs\sources_1\new\Auto_Control.v:]
WARNING: [filemgmt 56-199] Attempt to get parsing info during refresh. "On-the-fly" syntax checking information may be incorrect. [C:\CSEE4280\GRP2ADD\FinalProject\MemVga\MemVga.srcs\sources_1\new\Control_And_Start.v:]
WARNING: [filemgmt 56-199] Attempt to get parsing info during refresh. "On-the-fly" syntax checking information may be incorrect. [C:\CSEE4280\GRP2ADD\FinalProject\MemVga\MemVga.srcs\sim_1\new\Start_Control_tb.v:]
WARNING: [filemgmt 56-199] Attempt to get parsing info during refresh. "On-the-fly" syntax checking information may be incorrect. [C:\CSEE4280\GRP2ADD\FinalProject\MemVga\MemVga.srcs\sim_1\new\Start_Control_tb.v:]
WARNING: [filemgmt 56-199] Attempt to get parsing info during refresh. "On-the-fly" syntax checking information may be incorrect. [C:\CSEE4280\GRP2ADD\FinalProject\MemVga\MemVga.srcs\sim_1\new\Start_Control_tb.v:]
WARNING: [filemgmt 56-199] Attempt to get parsing info during refresh. "On-the-fly" syntax checking information may be incorrect. [C:\CSEE4280\GRP2ADD\FinalProject\MemVga\MemVga.srcs\sources_1\imports\FinalProject\VGAOutput\VGAOutput.srcs\sources_1\new\VGA_Out.sv:]
WARNING: [filemgmt 56-199] Attempt to get parsing info during refresh. "On-the-fly" syntax checking information may be incorrect. [C:\CSEE4280\GRP2ADD\FinalProject\MemVga\MemVga.srcs\sources_1\new\Top.sv:]
WARNING: [filemgmt 56-199] Attempt to get parsing info during refresh. "On-the-fly" syntax checking information may be incorrect. [C:\CSEE4280\GRP2ADD\FinalProject\Processing\Processing.srcs\sources_1\new\Start_Control.v:]
WARNING: [filemgmt 56-199] Attempt to get parsing info during refresh. "On-the-fly" syntax checking information may be incorrect. [C:\CSEE4280\GRP2ADD\FinalProject\MemVga\MemVga.srcs\sources_1\new\Start_Control.v:]
WARNING: [filemgmt 56-199] Attempt to get parsing info during refresh. "On-the-fly" syntax checking information may be incorrect. [C:\CSEE4280\GRP2ADD\FinalProject\Processing\Processing.srcs\sources_1\new\Auto_Control.v:]
WARNING: [filemgmt 56-199] Attempt to get parsing info during refresh. "On-the-fly" syntax checking information may be incorrect. [C:\CSEE4280\GRP2ADD\FinalProject\MemVga\MemVga.srcs\sources_1\new\Control_And_Start.v:]
WARNING: [filemgmt 56-199] Attempt to get parsing info during refresh. "On-the-fly" syntax checking information may be incorrect. [C:\CSEE4280\GRP2ADD\FinalProject\Processing\Processing.srcs\sources_1\new\Auto_Control.v:]
WARNING: [filemgmt 56-199] Attempt to get parsing info during refresh. "On-the-fly" syntax checking information may be incorrect. [C:\CSEE4280\GRP2ADD\FinalProject\Processing\Processing.srcs\sources_1\new\Auto_Control.v:]
WARNING: [filemgmt 56-199] Attempt to get parsing info during refresh. "On-the-fly" syntax checking information may be incorrect. [C:\CSEE4280\GRP2ADD\FinalProject\MemVga\MemVga.srcs\sim_1\new\Start_Control_tb.v:]
WARNING: [filemgmt 56-199] Attempt to get parsing info during refresh. "On-the-fly" syntax checking information may be incorrect. [C:\CSEE4280\GRP2ADD\FinalProject\MemVga\MemVga.srcs\sources_1\imports\FinalProject\VGAOutput\VGAOutput.srcs\sources_1\new\VGA_Out.sv:]
WARNING: [filemgmt 56-199] Attempt to get parsing info during refresh. "On-the-fly" syntax checking information may be incorrect. [C:\CSEE4280\GRP2ADD\FinalProject\MemVga\MemVga.srcs\sources_1\new\Top.sv:]
WARNING: [filemgmt 56-199] Attempt to get parsing info during refresh. "On-the-fly" syntax checking information may be incorrect. [C:\CSEE4280\GRP2ADD\FinalProject\Processing\Processing.srcs\sources_1\new\Start_Control.v:]
WARNING: [filemgmt 56-199] Attempt to get parsing info during refresh. "On-the-fly" syntax checking information may be incorrect. [C:\CSEE4280\GRP2ADD\FinalProject\MemVga\MemVga.srcs\sources_1\new\Start_Control.v:]
WARNING: [filemgmt 56-199] Attempt to get parsing info during refresh. "On-the-fly" syntax checking information may be incorrect. [C:\CSEE4280\GRP2ADD\FinalProject\Processing\Processing.srcs\sources_1\new\Auto_Control.v:]
WARNING: [filemgmt 56-199] Attempt to get parsing info during refresh. "On-the-fly" syntax checking information may be incorrect. [C:\CSEE4280\GRP2ADD\FinalProject\MemVga\MemVga.srcs\sources_1\new\Control_And_Start.v:]
WARNING: [filemgmt 56-199] Attempt to get parsing info during refresh. "On-the-fly" syntax checking information may be incorrect. [C:\CSEE4280\GRP2ADD\FinalProject\Processing\Processing.srcs\sources_1\new\Start_Control.v:]
WARNING: [filemgmt 56-199] Attempt to get parsing info during refresh. "On-the-fly" syntax checking information may be incorrect. [C:\CSEE4280\GRP2ADD\FinalProject\Processing\Processing.srcs\sources_1\new\Start_Control.v:]
WARNING: [filemgmt 56-199] Attempt to get parsing info during refresh. "On-the-fly" syntax checking information may be incorrect. [C:\CSEE4280\GRP2ADD\FinalProject\MemVga\MemVga.srcs\sim_1\new\Start_Control_tb.v:]
WARNING: [filemgmt 56-199] Attempt to get parsing info during refresh. "On-the-fly" syntax checking information may be incorrect. [C:\CSEE4280\GRP2ADD\FinalProject\MemVga\MemVga.srcs\sources_1\imports\FinalProject\VGAOutput\VGAOutput.srcs\sources_1\new\VGA_Out.sv:]
WARNING: [filemgmt 56-199] Attempt to get parsing info during refresh. "On-the-fly" syntax checking information may be incorrect. [C:\CSEE4280\GRP2ADD\FinalProject\MemVga\MemVga.srcs\sources_1\new\Top.sv:]
WARNING: [filemgmt 56-199] Attempt to get parsing info during refresh. "On-the-fly" syntax checking information may be incorrect. [C:\CSEE4280\GRP2ADD\FinalProject\Processing\Processing.srcs\sources_1\new\Start_Control.v:]
WARNING: [filemgmt 56-199] Attempt to get parsing info during refresh. "On-the-fly" syntax checking information may be incorrect. [C:\CSEE4280\GRP2ADD\FinalProject\MemVga\MemVga.srcs\sources_1\new\Start_Control.v:]
WARNING: [filemgmt 56-199] Attempt to get parsing info during refresh. "On-the-fly" syntax checking information may be incorrect. [C:\CSEE4280\GRP2ADD\FinalProject\Processing\Processing.srcs\sources_1\new\Auto_Control.v:]
WARNING: [filemgmt 56-199] Attempt to get parsing info during refresh. "On-the-fly" syntax checking information may be incorrect. [C:\CSEE4280\GRP2ADD\FinalProject\MemVga\MemVga.srcs\sources_1\new\Control_And_Start.v:]
WARNING: [filemgmt 56-199] Attempt to get parsing info during refresh. "On-the-fly" syntax checking information may be incorrect. [C:\CSEE4280\GRP2ADD\FinalProject\MemVga\MemVga.srcs\sources_1\new\Control_And_Start.v:]
WARNING: [filemgmt 56-199] Attempt to get parsing info during refresh. "On-the-fly" syntax checking information may be incorrect. [C:\CSEE4280\GRP2ADD\FinalProject\MemVga\MemVga.srcs\sources_1\new\Control_And_Start.v:]
WARNING: [filemgmt 56-199] Attempt to get parsing info during refresh. "On-the-fly" syntax checking information may be incorrect. [C:\CSEE4280\GRP2ADD\FinalProject\MemVga\MemVga.srcs\sim_1\new\Start_Control_tb.v:]
WARNING: [filemgmt 56-199] Attempt to get parsing info during refresh. "On-the-fly" syntax checking information may be incorrect. [C:\CSEE4280\GRP2ADD\FinalProject\MemVga\MemVga.srcs\sources_1\imports\FinalProject\VGAOutput\VGAOutput.srcs\sources_1\new\VGA_Out.sv:]
WARNING: [filemgmt 56-199] Attempt to get parsing info during refresh. "On-the-fly" syntax checking information may be incorrect. [C:\CSEE4280\GRP2ADD\FinalProject\MemVga\MemVga.srcs\sources_1\new\Top.sv:]
WARNING: [filemgmt 56-199] Attempt to get parsing info during refresh. "On-the-fly" syntax checking information may be incorrect. [C:\CSEE4280\GRP2ADD\FinalProject\Processing\Processing.srcs\sources_1\new\Start_Control.v:]
WARNING: [filemgmt 56-199] Attempt to get parsing info during refresh. "On-the-fly" syntax checking information may be incorrect. [C:\CSEE4280\GRP2ADD\FinalProject\MemVga\MemVga.srcs\sources_1\new\Start_Control.v:]
WARNING: [filemgmt 56-199] Attempt to get parsing info during refresh. "On-the-fly" syntax checking information may be incorrect. [C:\CSEE4280\GRP2ADD\FinalProject\Processing\Processing.srcs\sources_1\new\Auto_Control.v:]
WARNING: [filemgmt 56-199] Attempt to get parsing info during refresh. "On-the-fly" syntax checking information may be incorrect. [C:\CSEE4280\GRP2ADD\FinalProject\MemVga\MemVga.srcs\sources_1\new\Control_And_Start.v:]
WARNING: [filemgmt 56-199] Attempt to get parsing info during refresh. "On-the-fly" syntax checking information may be incorrect. [C:\CSEE4280\GRP2ADD\FinalProject\MemVga\MemVga.srcs\sources_1\imports\FinalProject\VGAOutput\VGAOutput.srcs\sources_1\new\VGA_Out.sv:]
WARNING: [filemgmt 56-199] Attempt to get parsing info during refresh. "On-the-fly" syntax checking information may be incorrect. [C:\CSEE4280\GRP2ADD\FinalProject\MemVga\MemVga.srcs\sources_1\imports\FinalProject\VGAOutput\VGAOutput.srcs\sources_1\new\VGA_Out.sv:]
WARNING: [filemgmt 56-199] Attempt to get parsing info during refresh. "On-the-fly" syntax checking information may be incorrect. [C:\CSEE4280\GRP2ADD\FinalProject\MemVga\MemVga.srcs\sim_1\new\Start_Control_tb.v:]
WARNING: [filemgmt 56-199] Attempt to get parsing info during refresh. "On-the-fly" syntax checking information may be incorrect. [C:\CSEE4280\GRP2ADD\FinalProject\MemVga\MemVga.srcs\sources_1\imports\FinalProject\VGAOutput\VGAOutput.srcs\sources_1\new\VGA_Out.sv:]
WARNING: [filemgmt 56-199] Attempt to get parsing info during refresh. "On-the-fly" syntax checking information may be incorrect. [C:\CSEE4280\GRP2ADD\FinalProject\MemVga\MemVga.srcs\sources_1\new\Top.sv:]
WARNING: [filemgmt 56-199] Attempt to get parsing info during refresh. "On-the-fly" syntax checking information may be incorrect. [C:\CSEE4280\GRP2ADD\FinalProject\Processing\Processing.srcs\sources_1\new\Start_Control.v:]
WARNING: [filemgmt 56-199] Attempt to get parsing info during refresh. "On-the-fly" syntax checking information may be incorrect. [C:\CSEE4280\GRP2ADD\FinalProject\MemVga\MemVga.srcs\sources_1\new\Start_Control.v:]
WARNING: [filemgmt 56-199] Attempt to get parsing info during refresh. "On-the-fly" syntax checking information may be incorrect. [C:\CSEE4280\GRP2ADD\FinalProject\Processing\Processing.srcs\sources_1\new\Auto_Control.v:]
WARNING: [filemgmt 56-199] Attempt to get parsing info during refresh. "On-the-fly" syntax checking information may be incorrect. [C:\CSEE4280\GRP2ADD\FinalProject\MemVga\MemVga.srcs\sources_1\new\Control_And_Start.v:]
WARNING: [filemgmt 56-199] Attempt to get parsing info during refresh. "On-the-fly" syntax checking information may be incorrect. [C:\CSEE4280\GRP2ADD\FinalProject\Processing\Processing.srcs\sources_1\new\Auto_Control.v:]
WARNING: [filemgmt 56-199] Attempt to get parsing info during refresh. "On-the-fly" syntax checking information may be incorrect. [C:\CSEE4280\GRP2ADD\FinalProject\Processing\Processing.srcs\sources_1\new\Auto_Control.v:]
WARNING: [filemgmt 56-199] Attempt to get parsing info during refresh. "On-the-fly" syntax checking information may be incorrect. [C:\CSEE4280\GRP2ADD\FinalProject\MemVga\MemVga.srcs\sim_1\new\Start_Control_tb.v:]
WARNING: [filemgmt 56-199] Attempt to get parsing info during refresh. "On-the-fly" syntax checking information may be incorrect. [C:\CSEE4280\GRP2ADD\FinalProject\MemVga\MemVga.srcs\sources_1\imports\FinalProject\VGAOutput\VGAOutput.srcs\sources_1\new\VGA_Out.sv:]
WARNING: [filemgmt 56-199] Attempt to get parsing info during refresh. "On-the-fly" syntax checking information may be incorrect. [C:\CSEE4280\GRP2ADD\FinalProject\MemVga\MemVga.srcs\sources_1\new\Top.sv:]
WARNING: [filemgmt 56-199] Attempt to get parsing info during refresh. "On-the-fly" syntax checking information may be incorrect. [C:\CSEE4280\GRP2ADD\FinalProject\Processing\Processing.srcs\sources_1\new\Start_Control.v:]
WARNING: [filemgmt 56-199] Attempt to get parsing info during refresh. "On-the-fly" syntax checking information may be incorrect. [C:\CSEE4280\GRP2ADD\FinalProject\MemVga\MemVga.srcs\sources_1\new\Start_Control.v:]
WARNING: [filemgmt 56-199] Attempt to get parsing info during refresh. "On-the-fly" syntax checking information may be incorrect. [C:\CSEE4280\GRP2ADD\FinalProject\Processing\Processing.srcs\sources_1\new\Auto_Control.v:]
WARNING: [filemgmt 56-199] Attempt to get parsing info during refresh. "On-the-fly" syntax checking information may be incorrect. [C:\CSEE4280\GRP2ADD\FinalProject\MemVga\MemVga.srcs\sources_1\new\Control_And_Start.v:]
WARNING: [filemgmt 56-199] Attempt to get parsing info during refresh. "On-the-fly" syntax checking information may be incorrect. [C:\CSEE4280\GRP2ADD\FinalProject\MemVga\MemVga.srcs\sim_1\new\Start_Control_tb.v:]
WARNING: [filemgmt 56-199] Attempt to get parsing info during refresh. "On-the-fly" syntax checking information may be incorrect. [C:\CSEE4280\GRP2ADD\FinalProject\MemVga\MemVga.srcs\sim_1\new\Start_Control_tb.v:]
update_compile_order -fileset sources_1
WARNING: [filemgmt 56-199] Attempt to get parsing info during refresh. "On-the-fly" syntax checking information may be incorrect. [C:\CSEE4280\GRP2ADD\FinalProject\MemVga\MemVga.srcs\sim_1\new\Start_Control_tb.v:]
WARNING: [filemgmt 56-199] Attempt to get parsing info during refresh. "On-the-fly" syntax checking information may be incorrect. [C:\CSEE4280\GRP2ADD\FinalProject\MemVga\MemVga.srcs\sources_1\imports\FinalProject\VGAOutput\VGAOutput.srcs\sources_1\new\VGA_Out.sv:]
WARNING: [filemgmt 56-199] Attempt to get parsing info during refresh. "On-the-fly" syntax checking information may be incorrect. [C:\CSEE4280\GRP2ADD\FinalProject\MemVga\MemVga.srcs\sources_1\new\Top.sv:]
WARNING: [filemgmt 56-199] Attempt to get parsing info during refresh. "On-the-fly" syntax checking information may be incorrect. [C:\CSEE4280\GRP2ADD\FinalProject\Processing\Processing.srcs\sources_1\new\Start_Control.v:]
WARNING: [filemgmt 56-199] Attempt to get parsing info during refresh. "On-the-fly" syntax checking information may be incorrect. [C:\CSEE4280\GRP2ADD\FinalProject\MemVga\MemVga.srcs\sources_1\new\Start_Control.v:]
WARNING: [filemgmt 56-199] Attempt to get parsing info during refresh. "On-the-fly" syntax checking information may be incorrect. [C:\CSEE4280\GRP2ADD\FinalProject\Processing\Processing.srcs\sources_1\new\Auto_Control.v:]
WARNING: [filemgmt 56-199] Attempt to get parsing info during refresh. "On-the-fly" syntax checking information may be incorrect. [C:\CSEE4280\GRP2ADD\FinalProject\MemVga\MemVga.srcs\sources_1\new\Control_And_Start.v:]
WARNING: [filemgmt 56-199] Attempt to get parsing info during refresh. "On-the-fly" syntax checking information may be incorrect. [C:\CSEE4280\GRP2ADD\FinalProject\MemVga\MemVga.srcs\sim_1\new\Start_Control_tb.v:]
WARNING: [filemgmt 56-199] Attempt to get parsing info during refresh. "On-the-fly" syntax checking information may be incorrect. [C:\CSEE4280\GRP2ADD\FinalProject\MemVga\MemVga.srcs\sim_1\new\Start_Control_tb.v:]
WARNING: [filemgmt 56-199] Attempt to get parsing info during refresh. "On-the-fly" syntax checking information may be incorrect. [C:\CSEE4280\GRP2ADD\FinalProject\MemVga\MemVga.srcs\sim_1\new\Start_Control_tb.v:]
WARNING: [filemgmt 56-199] Attempt to get parsing info during refresh. "On-the-fly" syntax checking information may be incorrect. [C:\CSEE4280\GRP2ADD\FinalProject\MemVga\MemVga.srcs\sources_1\imports\FinalProject\VGAOutput\VGAOutput.srcs\sources_1\new\VGA_Out.sv:]
WARNING: [filemgmt 56-199] Attempt to get parsing info during refresh. "On-the-fly" syntax checking information may be incorrect. [C:\CSEE4280\GRP2ADD\FinalProject\MemVga\MemVga.srcs\sources_1\new\Top.sv:]
WARNING: [filemgmt 56-199] Attempt to get parsing info during refresh. "On-the-fly" syntax checking information may be incorrect. [C:\CSEE4280\GRP2ADD\FinalProject\Processing\Processing.srcs\sources_1\new\Start_Control.v:]
WARNING: [filemgmt 56-199] Attempt to get parsing info during refresh. "On-the-fly" syntax checking information may be incorrect. [C:\CSEE4280\GRP2ADD\FinalProject\MemVga\MemVga.srcs\sources_1\new\Start_Control.v:]
WARNING: [filemgmt 56-199] Attempt to get parsing info during refresh. "On-the-fly" syntax checking information may be incorrect. [C:\CSEE4280\GRP2ADD\FinalProject\Processing\Processing.srcs\sources_1\new\Auto_Control.v:]
WARNING: [filemgmt 56-199] Attempt to get parsing info during refresh. "On-the-fly" syntax checking information may be incorrect. [C:\CSEE4280\GRP2ADD\FinalProject\MemVga\MemVga.srcs\sources_1\new\Control_And_Start.v:]
WARNING: [filemgmt 56-199] Attempt to get parsing info during refresh. "On-the-fly" syntax checking information may be incorrect. [C:\CSEE4280\GRP2ADD\FinalProject\MemVga\MemVga.srcs\sources_1\imports\FinalProject\VGAOutput\VGAOutput.srcs\sources_1\new\VGA_Out.sv:]
WARNING: [filemgmt 56-199] Attempt to get parsing info during refresh. "On-the-fly" syntax checking information may be incorrect. [C:\CSEE4280\GRP2ADD\FinalProject\MemVga\MemVga.srcs\sources_1\imports\FinalProject\VGAOutput\VGAOutput.srcs\sources_1\new\VGA_Out.sv:]
WARNING: [filemgmt 56-199] Attempt to get parsing info during refresh. "On-the-fly" syntax checking information may be incorrect. [C:\CSEE4280\GRP2ADD\FinalProject\MemVga\MemVga.srcs\sim_1\new\Start_Control_tb.v:]
WARNING: [filemgmt 56-199] Attempt to get parsing info during refresh. "On-the-fly" syntax checking information may be incorrect. [C:\CSEE4280\GRP2ADD\FinalProject\MemVga\MemVga.srcs\sources_1\imports\FinalProject\VGAOutput\VGAOutput.srcs\sources_1\new\VGA_Out.sv:]
WARNING: [filemgmt 56-199] Attempt to get parsing info during refresh. "On-the-fly" syntax checking information may be incorrect. [C:\CSEE4280\GRP2ADD\FinalProject\MemVga\MemVga.srcs\sources_1\new\Top.sv:]
WARNING: [filemgmt 56-199] Attempt to get parsing info during refresh. "On-the-fly" syntax checking information may be incorrect. [C:\CSEE4280\GRP2ADD\FinalProject\Processing\Processing.srcs\sources_1\new\Start_Control.v:]
WARNING: [filemgmt 56-199] Attempt to get parsing info during refresh. "On-the-fly" syntax checking information may be incorrect. [C:\CSEE4280\GRP2ADD\FinalProject\MemVga\MemVga.srcs\sources_1\new\Start_Control.v:]
WARNING: [filemgmt 56-199] Attempt to get parsing info during refresh. "On-the-fly" syntax checking information may be incorrect. [C:\CSEE4280\GRP2ADD\FinalProject\Processing\Processing.srcs\sources_1\new\Auto_Control.v:]
WARNING: [filemgmt 56-199] Attempt to get parsing info during refresh. "On-the-fly" syntax checking information may be incorrect. [C:\CSEE4280\GRP2ADD\FinalProject\MemVga\MemVga.srcs\sources_1\new\Control_And_Start.v:]
WARNING: [filemgmt 56-199] Attempt to get parsing info during refresh. "On-the-fly" syntax checking information may be incorrect. [C:\CSEE4280\GRP2ADD\FinalProject\Processing\Processing.srcs\sources_1\new\Auto_Control.v:]
WARNING: [filemgmt 56-199] Attempt to get parsing info during refresh. "On-the-fly" syntax checking information may be incorrect. [C:\CSEE4280\GRP2ADD\FinalProject\Processing\Processing.srcs\sources_1\new\Auto_Control.v:]
WARNING: [filemgmt 56-199] Attempt to get parsing info during refresh. "On-the-fly" syntax checking information may be incorrect. [C:\CSEE4280\GRP2ADD\FinalProject\MemVga\MemVga.srcs\sim_1\new\Start_Control_tb.v:]
WARNING: [filemgmt 56-199] Attempt to get parsing info during refresh. "On-the-fly" syntax checking information may be incorrect. [C:\CSEE4280\GRP2ADD\FinalProject\MemVga\MemVga.srcs\sources_1\imports\FinalProject\VGAOutput\VGAOutput.srcs\sources_1\new\VGA_Out.sv:]
WARNING: [filemgmt 56-199] Attempt to get parsing info during refresh. "On-the-fly" syntax checking information may be incorrect. [C:\CSEE4280\GRP2ADD\FinalProject\MemVga\MemVga.srcs\sources_1\new\Top.sv:]
WARNING: [filemgmt 56-199] Attempt to get parsing info during refresh. "On-the-fly" syntax checking information may be incorrect. [C:\CSEE4280\GRP2ADD\FinalProject\Processing\Processing.srcs\sources_1\new\Start_Control.v:]
WARNING: [filemgmt 56-199] Attempt to get parsing info during refresh. "On-the-fly" syntax checking information may be incorrect. [C:\CSEE4280\GRP2ADD\FinalProject\MemVga\MemVga.srcs\sources_1\new\Start_Control.v:]
WARNING: [filemgmt 56-199] Attempt to get parsing info during refresh. "On-the-fly" syntax checking information may be incorrect. [C:\CSEE4280\GRP2ADD\FinalProject\Processing\Processing.srcs\sources_1\new\Auto_Control.v:]
WARNING: [filemgmt 56-199] Attempt to get parsing info during refresh. "On-the-fly" syntax checking information may be incorrect. [C:\CSEE4280\GRP2ADD\FinalProject\MemVga\MemVga.srcs\sources_1\new\Control_And_Start.v:]
WARNING: [filemgmt 56-199] Attempt to get parsing info during refresh. "On-the-fly" syntax checking information may be incorrect. [C:\CSEE4280\GRP2ADD\FinalProject\MemVga\MemVga.srcs\sources_1\new\Top.sv:]
WARNING: [filemgmt 56-199] Attempt to get parsing info during refresh. "On-the-fly" syntax checking information may be incorrect. [C:\CSEE4280\GRP2ADD\FinalProject\MemVga\MemVga.srcs\sources_1\new\Top.sv:]
WARNING: [filemgmt 56-199] Attempt to get parsing info during refresh. "On-the-fly" syntax checking information may be incorrect. [C:\CSEE4280\GRP2ADD\FinalProject\MemVga\MemVga.srcs\sim_1\new\Start_Control_tb.v:]
WARNING: [filemgmt 56-199] Attempt to get parsing info during refresh. "On-the-fly" syntax checking information may be incorrect. [C:\CSEE4280\GRP2ADD\FinalProject\MemVga\MemVga.srcs\sources_1\imports\FinalProject\VGAOutput\VGAOutput.srcs\sources_1\new\VGA_Out.sv:]
WARNING: [filemgmt 56-199] Attempt to get parsing info during refresh. "On-the-fly" syntax checking information may be incorrect. [C:\CSEE4280\GRP2ADD\FinalProject\MemVga\MemVga.srcs\sources_1\new\Top.sv:]
WARNING: [filemgmt 56-199] Attempt to get parsing info during refresh. "On-the-fly" syntax checking information may be incorrect. [C:\CSEE4280\GRP2ADD\FinalProject\Processing\Processing.srcs\sources_1\new\Start_Control.v:]
WARNING: [filemgmt 56-199] Attempt to get parsing info during refresh. "On-the-fly" syntax checking information may be incorrect. [C:\CSEE4280\GRP2ADD\FinalProject\MemVga\MemVga.srcs\sources_1\new\Start_Control.v:]
WARNING: [filemgmt 56-199] Attempt to get parsing info during refresh. "On-the-fly" syntax checking information may be incorrect. [C:\CSEE4280\GRP2ADD\FinalProject\Processing\Processing.srcs\sources_1\new\Auto_Control.v:]
WARNING: [filemgmt 56-199] Attempt to get parsing info during refresh. "On-the-fly" syntax checking information may be incorrect. [C:\CSEE4280\GRP2ADD\FinalProject\MemVga\MemVga.srcs\sources_1\new\Control_And_Start.v:]
WARNING: [filemgmt 56-199] Attempt to get parsing info during refresh. "On-the-fly" syntax checking information may be incorrect. [C:\CSEE4280\GRP2ADD\FinalProject\Processing\Processing.srcs\sources_1\new\Start_Control.v:]
WARNING: [filemgmt 56-199] Attempt to get parsing info during refresh. "On-the-fly" syntax checking information may be incorrect. [C:\CSEE4280\GRP2ADD\FinalProject\Processing\Processing.srcs\sources_1\new\Start_Control.v:]
launch_runs impl_1 -to_step write_bitstream -jobs 12
[Thu Apr 24 10:50:27 2025] Launched impl_1...
Run output will be captured here: C:/CSEE4280/GRP2ADD/FinalProject/MemVga/MemVga.runs/impl_1/runme.log
WARNING: [filemgmt 56-199] Attempt to get parsing info during refresh. "On-the-fly" syntax checking information may be incorrect. [C:\CSEE4280\GRP2ADD\FinalProject\MemVga\MemVga.srcs\sim_1\new\Start_Control_tb.v:]
WARNING: [filemgmt 56-199] Attempt to get parsing info during refresh. "On-the-fly" syntax checking information may be incorrect. [C:\CSEE4280\GRP2ADD\FinalProject\MemVga\MemVga.srcs\sources_1\new\Frame_Select_Control.v:]
WARNING: [filemgmt 56-199] Attempt to get parsing info during refresh. "On-the-fly" syntax checking information may be incorrect. [C:\CSEE4280\GRP2ADD\FinalProject\MemVga\MemVga.srcs\sources_1\imports\FinalProject\VGAOutput\VGAOutput.srcs\sources_1\new\VGA_Out.sv:]
WARNING: [filemgmt 56-199] Attempt to get parsing info during refresh. "On-the-fly" syntax checking information may be incorrect. [C:\CSEE4280\GRP2ADD\FinalProject\MemVga\MemVga.srcs\sources_1\new\Top.sv:]
WARNING: [filemgmt 56-199] Attempt to get parsing info during refresh. "On-the-fly" syntax checking information may be incorrect. [C:\CSEE4280\GRP2ADD\FinalProject\MemVga\MemVga.srcs\sources_1\imports\FinalProject\VGAOutput\VGAOutput.srcs\sources_1\new\frame_counter.sv:]
WARNING: [filemgmt 56-199] Attempt to get parsing info during refresh. "On-the-fly" syntax checking information may be incorrect. [C:\CSEE4280\GRP2ADD\FinalProject\Processing\Processing.srcs\sources_1\new\Start_Control.v:]
WARNING: [filemgmt 56-199] Attempt to get parsing info during refresh. "On-the-fly" syntax checking information may be incorrect. [C:\CSEE4280\GRP2ADD\FinalProject\MemVga\MemVga.srcs\sources_1\imports\FinalProject\Mem\final_project\final_project.srcs\sources_1\new\DualPort.sv:]
WARNING: [filemgmt 56-199] Attempt to get parsing info during refresh. "On-the-fly" syntax checking information may be incorrect. [C:\CSEE4280\GRP2ADD\FinalProject\MemVga\MemVga.srcs\sources_1\new\Start_Control.v:]
WARNING: [filemgmt 56-199] Attempt to get parsing info during refresh. "On-the-fly" syntax checking information may be incorrect. [C:\CSEE4280\GRP2ADD\FinalProject\Processing\Processing.srcs\sources_1\new\Auto_Control.v:]
WARNING: [filemgmt 56-199] Attempt to get parsing info during refresh. "On-the-fly" syntax checking information may be incorrect. [C:\CSEE4280\GRP2ADD\FinalProject\MemVga\MemVga.srcs\sources_1\new\Control_And_Start.v:]
WARNING: [filemgmt 56-199] Attempt to get parsing info during refresh. "On-the-fly" syntax checking information may be incorrect. [C:\CSEE4280\GRP2ADD\FinalProject\Processing\Processing.srcs\sources_1\new\Start_Control.v:]
WARNING: [filemgmt 56-199] Attempt to get parsing info during refresh. "On-the-fly" syntax checking information may be incorrect. [C:\CSEE4280\GRP2ADD\FinalProject\Processing\Processing.srcs\sources_1\new\Start_Control.v:]
WARNING: [filemgmt 56-199] Attempt to get parsing info during refresh. "On-the-fly" syntax checking information may be incorrect. [C:\CSEE4280\GRP2ADD\FinalProject\MemVga\MemVga.srcs\sim_1\new\Start_Control_tb.v:]
WARNING: [filemgmt 56-199] Attempt to get parsing info during refresh. "On-the-fly" syntax checking information may be incorrect. [C:\CSEE4280\GRP2ADD\FinalProject\MemVga\MemVga.srcs\sources_1\new\Frame_Select_Control.v:]
WARNING: [filemgmt 56-199] Attempt to get parsing info during refresh. "On-the-fly" syntax checking information may be incorrect. [C:\CSEE4280\GRP2ADD\FinalProject\MemVga\MemVga.srcs\sources_1\imports\FinalProject\VGAOutput\VGAOutput.srcs\sources_1\new\VGA_Out.sv:]
WARNING: [filemgmt 56-199] Attempt to get parsing info during refresh. "On-the-fly" syntax checking information may be incorrect. [C:\CSEE4280\GRP2ADD\FinalProject\MemVga\MemVga.srcs\sources_1\new\Top.sv:]
WARNING: [filemgmt 56-199] Attempt to get parsing info during refresh. "On-the-fly" syntax checking information may be incorrect. [C:\CSEE4280\GRP2ADD\FinalProject\MemVga\MemVga.srcs\sources_1\imports\FinalProject\VGAOutput\VGAOutput.srcs\sources_1\new\frame_counter.sv:]
WARNING: [filemgmt 56-199] Attempt to get parsing info during refresh. "On-the-fly" syntax checking information may be incorrect. [C:\CSEE4280\GRP2ADD\FinalProject\Processing\Processing.srcs\sources_1\new\Start_Control.v:]
WARNING: [filemgmt 56-199] Attempt to get parsing info during refresh. "On-the-fly" syntax checking information may be incorrect. [C:\CSEE4280\GRP2ADD\FinalProject\MemVga\MemVga.srcs\sources_1\imports\FinalProject\Mem\final_project\final_project.srcs\sources_1\new\DualPort.sv:]
WARNING: [filemgmt 56-199] Attempt to get parsing info during refresh. "On-the-fly" syntax checking information may be incorrect. [C:\CSEE4280\GRP2ADD\FinalProject\MemVga\MemVga.srcs\sources_1\new\Start_Control.v:]
WARNING: [filemgmt 56-199] Attempt to get parsing info during refresh. "On-the-fly" syntax checking information may be incorrect. [C:\CSEE4280\GRP2ADD\FinalProject\Processing\Processing.srcs\sources_1\new\Auto_Control.v:]
WARNING: [filemgmt 56-199] Attempt to get parsing info during refresh. "On-the-fly" syntax checking information may be incorrect. [C:\CSEE4280\GRP2ADD\FinalProject\MemVga\MemVga.srcs\sources_1\new\Control_And_Start.v:]
WARNING: [filemgmt 56-199] Attempt to get parsing info during refresh. "On-the-fly" syntax checking information may be incorrect. [C:\CSEE4280\GRP2ADD\FinalProject\MemVga\MemVga.srcs\sources_1\new\Top.sv:]
WARNING: [filemgmt 56-199] Attempt to get parsing info during refresh. "On-the-fly" syntax checking information may be incorrect. [C:\CSEE4280\GRP2ADD\FinalProject\MemVga\MemVga.srcs\sources_1\new\Top.sv:]
WARNING: [filemgmt 56-199] Attempt to get parsing info during refresh. "On-the-fly" syntax checking information may be incorrect. [C:\CSEE4280\GRP2ADD\FinalProject\MemVga\MemVga.srcs\sim_1\new\Start_Control_tb.v:]
WARNING: [filemgmt 56-199] Attempt to get parsing info during refresh. "On-the-fly" syntax checking information may be incorrect. [C:\CSEE4280\GRP2ADD\FinalProject\MemVga\MemVga.srcs\sources_1\new\Frame_Select_Control.v:]
WARNING: [filemgmt 56-199] Attempt to get parsing info during refresh. "On-the-fly" syntax checking information may be incorrect. [C:\CSEE4280\GRP2ADD\FinalProject\MemVga\MemVga.srcs\sources_1\imports\FinalProject\VGAOutput\VGAOutput.srcs\sources_1\new\VGA_Out.sv:]
WARNING: [filemgmt 56-199] Attempt to get parsing info during refresh. "On-the-fly" syntax checking information may be incorrect. [C:\CSEE4280\GRP2ADD\FinalProject\MemVga\MemVga.srcs\sources_1\new\Top.sv:]
WARNING: [filemgmt 56-199] Attempt to get parsing info during refresh. "On-the-fly" syntax checking information may be incorrect. [C:\CSEE4280\GRP2ADD\FinalProject\MemVga\MemVga.srcs\sources_1\imports\FinalProject\VGAOutput\VGAOutput.srcs\sources_1\new\frame_counter.sv:]
WARNING: [filemgmt 56-199] Attempt to get parsing info during refresh. "On-the-fly" syntax checking information may be incorrect. [C:\CSEE4280\GRP2ADD\FinalProject\Processing\Processing.srcs\sources_1\new\Start_Control.v:]
WARNING: [filemgmt 56-199] Attempt to get parsing info during refresh. "On-the-fly" syntax checking information may be incorrect. [C:\CSEE4280\GRP2ADD\FinalProject\MemVga\MemVga.srcs\sources_1\imports\FinalProject\Mem\final_project\final_project.srcs\sources_1\new\DualPort.sv:]
WARNING: [filemgmt 56-199] Attempt to get parsing info during refresh. "On-the-fly" syntax checking information may be incorrect. [C:\CSEE4280\GRP2ADD\FinalProject\MemVga\MemVga.srcs\sources_1\new\Start_Control.v:]
WARNING: [filemgmt 56-199] Attempt to get parsing info during refresh. "On-the-fly" syntax checking information may be incorrect. [C:\CSEE4280\GRP2ADD\FinalProject\Processing\Processing.srcs\sources_1\new\Auto_Control.v:]
WARNING: [filemgmt 56-199] Attempt to get parsing info during refresh. "On-the-fly" syntax checking information may be incorrect. [C:\CSEE4280\GRP2ADD\FinalProject\MemVga\MemVga.srcs\sources_1\new\Control_And_Start.v:]
WARNING: [filemgmt 56-199] Attempt to get parsing info during refresh. "On-the-fly" syntax checking information may be incorrect. [C:\CSEE4280\GRP2ADD\FinalProject\MemVga\MemVga.srcs\sources_1\imports\FinalProject\VGAOutput\VGAOutput.srcs\sources_1\new\VGA_Out.sv:]
WARNING: [filemgmt 56-199] Attempt to get parsing info during refresh. "On-the-fly" syntax checking information may be incorrect. [C:\CSEE4280\GRP2ADD\FinalProject\MemVga\MemVga.srcs\sources_1\imports\FinalProject\VGAOutput\VGAOutput.srcs\sources_1\new\VGA_Out.sv:]
WARNING: [filemgmt 56-199] Attempt to get parsing info during refresh. "On-the-fly" syntax checking information may be incorrect. [C:\CSEE4280\GRP2ADD\FinalProject\MemVga\MemVga.srcs\sim_1\new\Start_Control_tb.v:]
WARNING: [filemgmt 56-199] Attempt to get parsing info during refresh. "On-the-fly" syntax checking information may be incorrect. [C:\CSEE4280\GRP2ADD\FinalProject\MemVga\MemVga.srcs\sources_1\new\Frame_Select_Control.v:]
WARNING: [filemgmt 56-199] Attempt to get parsing info during refresh. "On-the-fly" syntax checking information may be incorrect. [C:\CSEE4280\GRP2ADD\FinalProject\MemVga\MemVga.srcs\sources_1\imports\FinalProject\VGAOutput\VGAOutput.srcs\sources_1\new\VGA_Out.sv:]
WARNING: [filemgmt 56-199] Attempt to get parsing info during refresh. "On-the-fly" syntax checking information may be incorrect. [C:\CSEE4280\GRP2ADD\FinalProject\MemVga\MemVga.srcs\sources_1\new\Top.sv:]
WARNING: [filemgmt 56-199] Attempt to get parsing info during refresh. "On-the-fly" syntax checking information may be incorrect. [C:\CSEE4280\GRP2ADD\FinalProject\MemVga\MemVga.srcs\sources_1\imports\FinalProject\VGAOutput\VGAOutput.srcs\sources_1\new\frame_counter.sv:]
WARNING: [filemgmt 56-199] Attempt to get parsing info during refresh. "On-the-fly" syntax checking information may be incorrect. [C:\CSEE4280\GRP2ADD\FinalProject\Processing\Processing.srcs\sources_1\new\Start_Control.v:]
WARNING: [filemgmt 56-199] Attempt to get parsing info during refresh. "On-the-fly" syntax checking information may be incorrect. [C:\CSEE4280\GRP2ADD\FinalProject\MemVga\MemVga.srcs\sources_1\imports\FinalProject\Mem\final_project\final_project.srcs\sources_1\new\DualPort.sv:]
WARNING: [filemgmt 56-199] Attempt to get parsing info during refresh. "On-the-fly" syntax checking information may be incorrect. [C:\CSEE4280\GRP2ADD\FinalProject\MemVga\MemVga.srcs\sources_1\new\Start_Control.v:]
WARNING: [filemgmt 56-199] Attempt to get parsing info during refresh. "On-the-fly" syntax checking information may be incorrect. [C:\CSEE4280\GRP2ADD\FinalProject\Processing\Processing.srcs\sources_1\new\Auto_Control.v:]
WARNING: [filemgmt 56-199] Attempt to get parsing info during refresh. "On-the-fly" syntax checking information may be incorrect. [C:\CSEE4280\GRP2ADD\FinalProject\MemVga\MemVga.srcs\sources_1\new\Control_And_Start.v:]
WARNING: [filemgmt 56-199] Attempt to get parsing info during refresh. "On-the-fly" syntax checking information may be incorrect. [C:\CSEE4280\GRP2ADD\FinalProject\Processing\Processing.srcs\sources_1\new\Auto_Control.v:]
WARNING: [filemgmt 56-199] Attempt to get parsing info during refresh. "On-the-fly" syntax checking information may be incorrect. [C:\CSEE4280\GRP2ADD\FinalProject\Processing\Processing.srcs\sources_1\new\Auto_Control.v:]
WARNING: [filemgmt 56-199] Attempt to get parsing info during refresh. "On-the-fly" syntax checking information may be incorrect. [C:\CSEE4280\GRP2ADD\FinalProject\MemVga\MemVga.srcs\sim_1\new\Start_Control_tb.v:]
WARNING: [filemgmt 56-199] Attempt to get parsing info during refresh. "On-the-fly" syntax checking information may be incorrect. [C:\CSEE4280\GRP2ADD\FinalProject\MemVga\MemVga.srcs\sources_1\new\Frame_Select_Control.v:]
WARNING: [filemgmt 56-199] Attempt to get parsing info during refresh. "On-the-fly" syntax checking information may be incorrect. [C:\CSEE4280\GRP2ADD\FinalProject\MemVga\MemVga.srcs\sources_1\imports\FinalProject\VGAOutput\VGAOutput.srcs\sources_1\new\VGA_Out.sv:]
WARNING: [filemgmt 56-199] Attempt to get parsing info during refresh. "On-the-fly" syntax checking information may be incorrect. [C:\CSEE4280\GRP2ADD\FinalProject\MemVga\MemVga.srcs\sources_1\new\Top.sv:]
WARNING: [filemgmt 56-199] Attempt to get parsing info during refresh. "On-the-fly" syntax checking information may be incorrect. [C:\CSEE4280\GRP2ADD\FinalProject\MemVga\MemVga.srcs\sources_1\imports\FinalProject\VGAOutput\VGAOutput.srcs\sources_1\new\frame_counter.sv:]
WARNING: [filemgmt 56-199] Attempt to get parsing info during refresh. "On-the-fly" syntax checking information may be incorrect. [C:\CSEE4280\GRP2ADD\FinalProject\Processing\Processing.srcs\sources_1\new\Start_Control.v:]
WARNING: [filemgmt 56-199] Attempt to get parsing info during refresh. "On-the-fly" syntax checking information may be incorrect. [C:\CSEE4280\GRP2ADD\FinalProject\MemVga\MemVga.srcs\sources_1\imports\FinalProject\Mem\final_project\final_project.srcs\sources_1\new\DualPort.sv:]
WARNING: [filemgmt 56-199] Attempt to get parsing info during refresh. "On-the-fly" syntax checking information may be incorrect. [C:\CSEE4280\GRP2ADD\FinalProject\MemVga\MemVga.srcs\sources_1\new\Start_Control.v:]
WARNING: [filemgmt 56-199] Attempt to get parsing info during refresh. "On-the-fly" syntax checking information may be incorrect. [C:\CSEE4280\GRP2ADD\FinalProject\Processing\Processing.srcs\sources_1\new\Auto_Control.v:]
WARNING: [filemgmt 56-199] Attempt to get parsing info during refresh. "On-the-fly" syntax checking information may be incorrect. [C:\CSEE4280\GRP2ADD\FinalProject\MemVga\MemVga.srcs\sources_1\new\Control_And_Start.v:]
WARNING: [filemgmt 56-199] Attempt to get parsing info during refresh. "On-the-fly" syntax checking information may be incorrect. [C:\CSEE4280\GRP2ADD\FinalProject\MemVga\MemVga.srcs\sources_1\imports\FinalProject\VGAOutput\VGAOutput.srcs\sources_1\new\frame_counter.sv:]
WARNING: [filemgmt 56-199] Attempt to get parsing info during refresh. "On-the-fly" syntax checking information may be incorrect. [C:\CSEE4280\GRP2ADD\FinalProject\MemVga\MemVga.srcs\sources_1\imports\FinalProject\VGAOutput\VGAOutput.srcs\sources_1\new\frame_counter.sv:]
WARNING: [filemgmt 56-199] Attempt to get parsing info during refresh. "On-the-fly" syntax checking information may be incorrect. [C:\CSEE4280\GRP2ADD\FinalProject\MemVga\MemVga.srcs\sim_1\new\Start_Control_tb.v:]
WARNING: [filemgmt 56-199] Attempt to get parsing info during refresh. "On-the-fly" syntax checking information may be incorrect. [C:\CSEE4280\GRP2ADD\FinalProject\MemVga\MemVga.srcs\sources_1\new\Frame_Select_Control.v:]
WARNING: [filemgmt 56-199] Attempt to get parsing info during refresh. "On-the-fly" syntax checking information may be incorrect. [C:\CSEE4280\GRP2ADD\FinalProject\MemVga\MemVga.srcs\sources_1\imports\FinalProject\VGAOutput\VGAOutput.srcs\sources_1\new\VGA_Out.sv:]
WARNING: [filemgmt 56-199] Attempt to get parsing info during refresh. "On-the-fly" syntax checking information may be incorrect. [C:\CSEE4280\GRP2ADD\FinalProject\MemVga\MemVga.srcs\sources_1\new\Top.sv:]
WARNING: [filemgmt 56-199] Attempt to get parsing info during refresh. "On-the-fly" syntax checking information may be incorrect. [C:\CSEE4280\GRP2ADD\FinalProject\MemVga\MemVga.srcs\sources_1\imports\FinalProject\VGAOutput\VGAOutput.srcs\sources_1\new\frame_counter.sv:]
WARNING: [filemgmt 56-199] Attempt to get parsing info during refresh. "On-the-fly" syntax checking information may be incorrect. [C:\CSEE4280\GRP2ADD\FinalProject\Processing\Processing.srcs\sources_1\new\Start_Control.v:]
WARNING: [filemgmt 56-199] Attempt to get parsing info during refresh. "On-the-fly" syntax checking information may be incorrect. [C:\CSEE4280\GRP2ADD\FinalProject\MemVga\MemVga.srcs\sources_1\imports\FinalProject\Mem\final_project\final_project.srcs\sources_1\new\DualPort.sv:]
WARNING: [filemgmt 56-199] Attempt to get parsing info during refresh. "On-the-fly" syntax checking information may be incorrect. [C:\CSEE4280\GRP2ADD\FinalProject\MemVga\MemVga.srcs\sources_1\new\Start_Control.v:]
WARNING: [filemgmt 56-199] Attempt to get parsing info during refresh. "On-the-fly" syntax checking information may be incorrect. [C:\CSEE4280\GRP2ADD\FinalProject\Processing\Processing.srcs\sources_1\new\Auto_Control.v:]
WARNING: [filemgmt 56-199] Attempt to get parsing info during refresh. "On-the-fly" syntax checking information may be incorrect. [C:\CSEE4280\GRP2ADD\FinalProject\MemVga\MemVga.srcs\sources_1\new\Control_And_Start.v:]
WARNING: [filemgmt 56-199] Attempt to get parsing info during refresh. "On-the-fly" syntax checking information may be incorrect. [C:\CSEE4280\GRP2ADD\FinalProject\MemVga\MemVga.srcs\sources_1\new\Frame_Select_Control.v:]
WARNING: [filemgmt 56-199] Attempt to get parsing info during refresh. "On-the-fly" syntax checking information may be incorrect. [C:\CSEE4280\GRP2ADD\FinalProject\MemVga\MemVga.srcs\sources_1\new\Frame_Select_Control.v:]
WARNING: [filemgmt 56-199] Attempt to get parsing info during refresh. "On-the-fly" syntax checking information may be incorrect. [C:\CSEE4280\GRP2ADD\FinalProject\MemVga\MemVga.srcs\sim_1\new\Start_Control_tb.v:]
WARNING: [filemgmt 56-199] Attempt to get parsing info during refresh. "On-the-fly" syntax checking information may be incorrect. [C:\CSEE4280\GRP2ADD\FinalProject\MemVga\MemVga.srcs\sources_1\new\Frame_Select_Control.v:]
WARNING: [filemgmt 56-199] Attempt to get parsing info during refresh. "On-the-fly" syntax checking information may be incorrect. [C:\CSEE4280\GRP2ADD\FinalProject\MemVga\MemVga.srcs\sources_1\imports\FinalProject\VGAOutput\VGAOutput.srcs\sources_1\new\VGA_Out.sv:]
WARNING: [filemgmt 56-199] Attempt to get parsing info during refresh. "On-the-fly" syntax checking information may be incorrect. [C:\CSEE4280\GRP2ADD\FinalProject\MemVga\MemVga.srcs\sources_1\new\Top.sv:]
WARNING: [filemgmt 56-199] Attempt to get parsing info during refresh. "On-the-fly" syntax checking information may be incorrect. [C:\CSEE4280\GRP2ADD\FinalProject\MemVga\MemVga.srcs\sources_1\imports\FinalProject\VGAOutput\VGAOutput.srcs\sources_1\new\frame_counter.sv:]
WARNING: [filemgmt 56-199] Attempt to get parsing info during refresh. "On-the-fly" syntax checking information may be incorrect. [C:\CSEE4280\GRP2ADD\FinalProject\Processing\Processing.srcs\sources_1\new\Start_Control.v:]
WARNING: [filemgmt 56-199] Attempt to get parsing info during refresh. "On-the-fly" syntax checking information may be incorrect. [C:\CSEE4280\GRP2ADD\FinalProject\MemVga\MemVga.srcs\sources_1\imports\FinalProject\Mem\final_project\final_project.srcs\sources_1\new\DualPort.sv:]
WARNING: [filemgmt 56-199] Attempt to get parsing info during refresh. "On-the-fly" syntax checking information may be incorrect. [C:\CSEE4280\GRP2ADD\FinalProject\MemVga\MemVga.srcs\sources_1\new\Start_Control.v:]
WARNING: [filemgmt 56-199] Attempt to get parsing info during refresh. "On-the-fly" syntax checking information may be incorrect. [C:\CSEE4280\GRP2ADD\FinalProject\Processing\Processing.srcs\sources_1\new\Auto_Control.v:]
WARNING: [filemgmt 56-199] Attempt to get parsing info during refresh. "On-the-fly" syntax checking information may be incorrect. [C:\CSEE4280\GRP2ADD\FinalProject\MemVga\MemVga.srcs\sources_1\new\Control_And_Start.v:]
WARNING: [filemgmt 56-199] Attempt to get parsing info during refresh. "On-the-fly" syntax checking information may be incorrect. [C:\CSEE4280\GRP2ADD\FinalProject\MemVga\MemVga.srcs\sim_1\new\Start_Control_tb.v:]
WARNING: [filemgmt 56-199] Attempt to get parsing info during refresh. "On-the-fly" syntax checking information may be incorrect. [C:\CSEE4280\GRP2ADD\FinalProject\MemVga\MemVga.srcs\sim_1\new\Start_Control_tb.v:]
WARNING: [filemgmt 56-199] Attempt to get parsing info during refresh. "On-the-fly" syntax checking information may be incorrect. [C:\CSEE4280\GRP2ADD\FinalProject\MemVga\MemVga.srcs\sim_1\new\Start_Control_tb.v:]
WARNING: [filemgmt 56-199] Attempt to get parsing info during refresh. "On-the-fly" syntax checking information may be incorrect. [C:\CSEE4280\GRP2ADD\FinalProject\MemVga\MemVga.srcs\sources_1\new\Frame_Select_Control.v:]
WARNING: [filemgmt 56-199] Attempt to get parsing info during refresh. "On-the-fly" syntax checking information may be incorrect. [C:\CSEE4280\GRP2ADD\FinalProject\MemVga\MemVga.srcs\sources_1\imports\FinalProject\VGAOutput\VGAOutput.srcs\sources_1\new\VGA_Out.sv:]
WARNING: [filemgmt 56-199] Attempt to get parsing info during refresh. "On-the-fly" syntax checking information may be incorrect. [C:\CSEE4280\GRP2ADD\FinalProject\MemVga\MemVga.srcs\sources_1\new\Top.sv:]
WARNING: [filemgmt 56-199] Attempt to get parsing info during refresh. "On-the-fly" syntax checking information may be incorrect. [C:\CSEE4280\GRP2ADD\FinalProject\MemVga\MemVga.srcs\sources_1\imports\FinalProject\VGAOutput\VGAOutput.srcs\sources_1\new\frame_counter.sv:]
WARNING: [filemgmt 56-199] Attempt to get parsing info during refresh. "On-the-fly" syntax checking information may be incorrect. [C:\CSEE4280\GRP2ADD\FinalProject\Processing\Processing.srcs\sources_1\new\Start_Control.v:]
WARNING: [filemgmt 56-199] Attempt to get parsing info during refresh. "On-the-fly" syntax checking information may be incorrect. [C:\CSEE4280\GRP2ADD\FinalProject\MemVga\MemVga.srcs\sources_1\imports\FinalProject\Mem\final_project\final_project.srcs\sources_1\new\DualPort.sv:]
WARNING: [filemgmt 56-199] Attempt to get parsing info during refresh. "On-the-fly" syntax checking information may be incorrect. [C:\CSEE4280\GRP2ADD\FinalProject\MemVga\MemVga.srcs\sources_1\new\Start_Control.v:]
WARNING: [filemgmt 56-199] Attempt to get parsing info during refresh. "On-the-fly" syntax checking information may be incorrect. [C:\CSEE4280\GRP2ADD\FinalProject\Processing\Processing.srcs\sources_1\new\Auto_Control.v:]
WARNING: [filemgmt 56-199] Attempt to get parsing info during refresh. "On-the-fly" syntax checking information may be incorrect. [C:\CSEE4280\GRP2ADD\FinalProject\MemVga\MemVga.srcs\sources_1\new\Control_And_Start.v:]
WARNING: [filemgmt 56-199] Attempt to get parsing info during refresh. "On-the-fly" syntax checking information may be incorrect. [C:\CSEE4280\GRP2ADD\FinalProject\MemVga\MemVga.srcs\sources_1\new\Control_And_Start.v:]
WARNING: [filemgmt 56-199] Attempt to get parsing info during refresh. "On-the-fly" syntax checking information may be incorrect. [C:\CSEE4280\GRP2ADD\FinalProject\MemVga\MemVga.srcs\sources_1\new\Control_And_Start.v:]
WARNING: [filemgmt 56-199] Attempt to get parsing info during refresh. "On-the-fly" syntax checking information may be incorrect. [C:\CSEE4280\GRP2ADD\FinalProject\MemVga\MemVga.srcs\sim_1\new\Start_Control_tb.v:]
WARNING: [filemgmt 56-199] Attempt to get parsing info during refresh. "On-the-fly" syntax checking information may be incorrect. [C:\CSEE4280\GRP2ADD\FinalProject\MemVga\MemVga.srcs\sources_1\new\Frame_Select_Control.v:]
WARNING: [filemgmt 56-199] Attempt to get parsing info during refresh. "On-the-fly" syntax checking information may be incorrect. [C:\CSEE4280\GRP2ADD\FinalProject\MemVga\MemVga.srcs\sources_1\new\Top.sv:]
WARNING: [filemgmt 56-199] Attempt to get parsing info during refresh. "On-the-fly" syntax checking information may be incorrect. [C:\CSEE4280\GRP2ADD\FinalProject\MemVga\MemVga.srcs\sources_1\imports\FinalProject\VGAOutput\VGAOutput.srcs\sources_1\new\frame_counter.sv:]
WARNING: [filemgmt 56-199] Attempt to get parsing info during refresh. "On-the-fly" syntax checking information may be incorrect. [C:\CSEE4280\GRP2ADD\FinalProject\Processing\Processing.srcs\sources_1\new\Start_Control.v:]
WARNING: [filemgmt 56-199] Attempt to get parsing info during refresh. "On-the-fly" syntax checking information may be incorrect. [C:\CSEE4280\GRP2ADD\FinalProject\MemVga\MemVga.srcs\sources_1\imports\FinalProject\Mem\final_project\final_project.srcs\sources_1\new\DualPort.sv:]
WARNING: [filemgmt 56-199] Attempt to get parsing info during refresh. "On-the-fly" syntax checking information may be incorrect. [C:\CSEE4280\GRP2ADD\FinalProject\MemVga\MemVga.srcs\sources_1\new\Start_Control.v:]
WARNING: [filemgmt 56-199] Attempt to get parsing info during refresh. "On-the-fly" syntax checking information may be incorrect. [C:\CSEE4280\GRP2ADD\FinalProject\Processing\Processing.srcs\sources_1\new\Auto_Control.v:]
WARNING: [filemgmt 56-199] Attempt to get parsing info during refresh. "On-the-fly" syntax checking information may be incorrect. [C:\CSEE4280\GRP2ADD\FinalProject\MemVga\MemVga.srcs\sources_1\new\Control_And_Start.v:]
WARNING: [filemgmt 56-199] Attempt to get parsing info during refresh. "On-the-fly" syntax checking information may be incorrect. [C:\CSEE4280\GRP2ADD\FinalProject\MemVga\MemVga.srcs\sources_1\imports\FinalProject\Mem\final_project\final_project.srcs\sources_1\new\Memory.sv:]
WARNING: [filemgmt 56-199] Attempt to get parsing info during refresh. "On-the-fly" syntax checking information may be incorrect. [C:\CSEE4280\GRP2ADD\FinalProject\Processing\Processing.srcs\sources_1\new\Start_Control.v:]
WARNING: [filemgmt 56-199] Attempt to get parsing info during refresh. "On-the-fly" syntax checking information may be incorrect. [C:\CSEE4280\GRP2ADD\FinalProject\Processing\Processing.srcs\sources_1\new\Start_Control.v:]
WARNING: [filemgmt 56-199] Attempt to get parsing info during refresh. "On-the-fly" syntax checking information may be incorrect. [C:\CSEE4280\GRP2ADD\FinalProject\MemVga\MemVga.srcs\sim_1\new\Start_Control_tb.v:]
WARNING: [filemgmt 56-199] Attempt to get parsing info during refresh. "On-the-fly" syntax checking information may be incorrect. [C:\CSEE4280\GRP2ADD\FinalProject\MemVga\MemVga.srcs\sources_1\new\Frame_Select_Control.v:]
WARNING: [filemgmt 56-199] Attempt to get parsing info during refresh. "On-the-fly" syntax checking information may be incorrect. [C:\CSEE4280\GRP2ADD\FinalProject\MemVga\MemVga.srcs\sources_1\new\Top.sv:]
WARNING: [filemgmt 56-199] Attempt to get parsing info during refresh. "On-the-fly" syntax checking information may be incorrect. [C:\CSEE4280\GRP2ADD\FinalProject\MemVga\MemVga.srcs\sources_1\imports\FinalProject\VGAOutput\VGAOutput.srcs\sources_1\new\frame_counter.sv:]
WARNING: [filemgmt 56-199] Attempt to get parsing info during refresh. "On-the-fly" syntax checking information may be incorrect. [C:\CSEE4280\GRP2ADD\FinalProject\Processing\Processing.srcs\sources_1\new\Start_Control.v:]
WARNING: [filemgmt 56-199] Attempt to get parsing info during refresh. "On-the-fly" syntax checking information may be incorrect. [C:\CSEE4280\GRP2ADD\FinalProject\MemVga\MemVga.srcs\sources_1\imports\FinalProject\Mem\final_project\final_project.srcs\sources_1\new\DualPort.sv:]
WARNING: [filemgmt 56-199] Attempt to get parsing info during refresh. "On-the-fly" syntax checking information may be incorrect. [C:\CSEE4280\GRP2ADD\FinalProject\MemVga\MemVga.srcs\sources_1\new\Start_Control.v:]
WARNING: [filemgmt 56-199] Attempt to get parsing info during refresh. "On-the-fly" syntax checking information may be incorrect. [C:\CSEE4280\GRP2ADD\FinalProject\Processing\Processing.srcs\sources_1\new\Auto_Control.v:]
WARNING: [filemgmt 56-199] Attempt to get parsing info during refresh. "On-the-fly" syntax checking information may be incorrect. [C:\CSEE4280\GRP2ADD\FinalProject\MemVga\MemVga.srcs\sources_1\new\Control_And_Start.v:]
WARNING: [filemgmt 56-199] Attempt to get parsing info during refresh. "On-the-fly" syntax checking information may be incorrect. [C:\CSEE4280\GRP2ADD\FinalProject\MemVga\MemVga.srcs\sources_1\imports\FinalProject\Mem\final_project\final_project.srcs\sources_1\new\Memory.sv:]
WARNING: [filemgmt 56-199] Attempt to get parsing info during refresh. "On-the-fly" syntax checking information may be incorrect. [C:\CSEE4280\GRP2ADD\FinalProject\MemVga\MemVga.srcs\sources_1\new\Top.sv:]
WARNING: [filemgmt 56-199] Attempt to get parsing info during refresh. "On-the-fly" syntax checking information may be incorrect. [C:\CSEE4280\GRP2ADD\FinalProject\MemVga\MemVga.srcs\sources_1\new\Top.sv:]
WARNING: [filemgmt 56-199] Attempt to get parsing info during refresh. "On-the-fly" syntax checking information may be incorrect. [C:\CSEE4280\GRP2ADD\FinalProject\MemVga\MemVga.srcs\sim_1\new\Start_Control_tb.v:]
WARNING: [filemgmt 56-199] Attempt to get parsing info during refresh. "On-the-fly" syntax checking information may be incorrect. [C:\CSEE4280\GRP2ADD\FinalProject\MemVga\MemVga.srcs\sources_1\new\Frame_Select_Control.v:]
WARNING: [filemgmt 56-199] Attempt to get parsing info during refresh. "On-the-fly" syntax checking information may be incorrect. [C:\CSEE4280\GRP2ADD\FinalProject\MemVga\MemVga.srcs\sources_1\new\Top.sv:]
WARNING: [filemgmt 56-199] Attempt to get parsing info during refresh. "On-the-fly" syntax checking information may be incorrect. [C:\CSEE4280\GRP2ADD\FinalProject\MemVga\MemVga.srcs\sources_1\imports\FinalProject\VGAOutput\VGAOutput.srcs\sources_1\new\frame_counter.sv:]
WARNING: [filemgmt 56-199] Attempt to get parsing info during refresh. "On-the-fly" syntax checking information may be incorrect. [C:\CSEE4280\GRP2ADD\FinalProject\Processing\Processing.srcs\sources_1\new\Start_Control.v:]
WARNING: [filemgmt 56-199] Attempt to get parsing info during refresh. "On-the-fly" syntax checking information may be incorrect. [C:\CSEE4280\GRP2ADD\FinalProject\MemVga\MemVga.srcs\sources_1\imports\FinalProject\Mem\final_project\final_project.srcs\sources_1\new\DualPort.sv:]
WARNING: [filemgmt 56-199] Attempt to get parsing info during refresh. "On-the-fly" syntax checking information may be incorrect. [C:\CSEE4280\GRP2ADD\FinalProject\MemVga\MemVga.srcs\sources_1\new\Start_Control.v:]
WARNING: [filemgmt 56-199] Attempt to get parsing info during refresh. "On-the-fly" syntax checking information may be incorrect. [C:\CSEE4280\GRP2ADD\FinalProject\Processing\Processing.srcs\sources_1\new\Auto_Control.v:]
WARNING: [filemgmt 56-199] Attempt to get parsing info during refresh. "On-the-fly" syntax checking information may be incorrect. [C:\CSEE4280\GRP2ADD\FinalProject\MemVga\MemVga.srcs\sources_1\new\Control_And_Start.v:]
WARNING: [filemgmt 56-199] Attempt to get parsing info during refresh. "On-the-fly" syntax checking information may be incorrect. [C:\CSEE4280\GRP2ADD\FinalProject\MemVga\MemVga.srcs\sources_1\imports\FinalProject\Mem\final_project\final_project.srcs\sources_1\new\Memory.sv:]
WARNING: [filemgmt 56-199] Attempt to get parsing info during refresh. "On-the-fly" syntax checking information may be incorrect. [C:\CSEE4280\GRP2ADD\FinalProject\Processing\Processing.srcs\sources_1\new\Auto_Control.v:]
WARNING: [filemgmt 56-199] Attempt to get parsing info during refresh. "On-the-fly" syntax checking information may be incorrect. [C:\CSEE4280\GRP2ADD\FinalProject\Processing\Processing.srcs\sources_1\new\Auto_Control.v:]
WARNING: [filemgmt 56-199] Attempt to get parsing info during refresh. "On-the-fly" syntax checking information may be incorrect. [C:\CSEE4280\GRP2ADD\FinalProject\MemVga\MemVga.srcs\sim_1\new\Start_Control_tb.v:]
WARNING: [filemgmt 56-199] Attempt to get parsing info during refresh. "On-the-fly" syntax checking information may be incorrect. [C:\CSEE4280\GRP2ADD\FinalProject\MemVga\MemVga.srcs\sources_1\new\Frame_Select_Control.v:]
WARNING: [filemgmt 56-199] Attempt to get parsing info during refresh. "On-the-fly" syntax checking information may be incorrect. [C:\CSEE4280\GRP2ADD\FinalProject\MemVga\MemVga.srcs\sources_1\new\Top.sv:]
WARNING: [filemgmt 56-199] Attempt to get parsing info during refresh. "On-the-fly" syntax checking information may be incorrect. [C:\CSEE4280\GRP2ADD\FinalProject\MemVga\MemVga.srcs\sources_1\imports\FinalProject\VGAOutput\VGAOutput.srcs\sources_1\new\frame_counter.sv:]
WARNING: [filemgmt 56-199] Attempt to get parsing info during refresh. "On-the-fly" syntax checking information may be incorrect. [C:\CSEE4280\GRP2ADD\FinalProject\Processing\Processing.srcs\sources_1\new\Start_Control.v:]
WARNING: [filemgmt 56-199] Attempt to get parsing info during refresh. "On-the-fly" syntax checking information may be incorrect. [C:\CSEE4280\GRP2ADD\FinalProject\MemVga\MemVga.srcs\sources_1\imports\FinalProject\Mem\final_project\final_project.srcs\sources_1\new\DualPort.sv:]
WARNING: [filemgmt 56-199] Attempt to get parsing info during refresh. "On-the-fly" syntax checking information may be incorrect. [C:\CSEE4280\GRP2ADD\FinalProject\MemVga\MemVga.srcs\sources_1\new\Start_Control.v:]
WARNING: [filemgmt 56-199] Attempt to get parsing info during refresh. "On-the-fly" syntax checking information may be incorrect. [C:\CSEE4280\GRP2ADD\FinalProject\Processing\Processing.srcs\sources_1\new\Auto_Control.v:]
WARNING: [filemgmt 56-199] Attempt to get parsing info during refresh. "On-the-fly" syntax checking information may be incorrect. [C:\CSEE4280\GRP2ADD\FinalProject\MemVga\MemVga.srcs\sources_1\new\Control_And_Start.v:]
WARNING: [filemgmt 56-199] Attempt to get parsing info during refresh. "On-the-fly" syntax checking information may be incorrect. [C:\CSEE4280\GRP2ADD\FinalProject\MemVga\MemVga.srcs\sources_1\imports\FinalProject\Mem\final_project\final_project.srcs\sources_1\new\Memory.sv:]
WARNING: [filemgmt 56-199] Attempt to get parsing info during refresh. "On-the-fly" syntax checking information may be incorrect. [C:\CSEE4280\GRP2ADD\FinalProject\MemVga\MemVga.srcs\sources_1\new\Frame_Select_Control.v:]
WARNING: [filemgmt 56-199] Attempt to get parsing info during refresh. "On-the-fly" syntax checking information may be incorrect. [C:\CSEE4280\GRP2ADD\FinalProject\MemVga\MemVga.srcs\sources_1\new\Frame_Select_Control.v:]
WARNING: [filemgmt 56-199] Attempt to get parsing info during refresh. "On-the-fly" syntax checking information may be incorrect. [C:\CSEE4280\GRP2ADD\FinalProject\MemVga\MemVga.srcs\sim_1\new\Start_Control_tb.v:]
WARNING: [filemgmt 56-199] Attempt to get parsing info during refresh. "On-the-fly" syntax checking information may be incorrect. [C:\CSEE4280\GRP2ADD\FinalProject\MemVga\MemVga.srcs\sources_1\new\Frame_Select_Control.v:]
WARNING: [filemgmt 56-199] Attempt to get parsing info during refresh. "On-the-fly" syntax checking information may be incorrect. [C:\CSEE4280\GRP2ADD\FinalProject\MemVga\MemVga.srcs\sources_1\new\Top.sv:]
WARNING: [filemgmt 56-199] Attempt to get parsing info during refresh. "On-the-fly" syntax checking information may be incorrect. [C:\CSEE4280\GRP2ADD\FinalProject\MemVga\MemVga.srcs\sources_1\imports\FinalProject\VGAOutput\VGAOutput.srcs\sources_1\new\frame_counter.sv:]
WARNING: [filemgmt 56-199] Attempt to get parsing info during refresh. "On-the-fly" syntax checking information may be incorrect. [C:\CSEE4280\GRP2ADD\FinalProject\Processing\Processing.srcs\sources_1\new\Start_Control.v:]
WARNING: [filemgmt 56-199] Attempt to get parsing info during refresh. "On-the-fly" syntax checking information may be incorrect. [C:\CSEE4280\GRP2ADD\FinalProject\MemVga\MemVga.srcs\sources_1\imports\FinalProject\Mem\final_project\final_project.srcs\sources_1\new\DualPort.sv:]
WARNING: [filemgmt 56-199] Attempt to get parsing info during refresh. "On-the-fly" syntax checking information may be incorrect. [C:\CSEE4280\GRP2ADD\FinalProject\MemVga\MemVga.srcs\sources_1\new\Start_Control.v:]
WARNING: [filemgmt 56-199] Attempt to get parsing info during refresh. "On-the-fly" syntax checking information may be incorrect. [C:\CSEE4280\GRP2ADD\FinalProject\Processing\Processing.srcs\sources_1\new\Auto_Control.v:]
WARNING: [filemgmt 56-199] Attempt to get parsing info during refresh. "On-the-fly" syntax checking information may be incorrect. [C:\CSEE4280\GRP2ADD\FinalProject\MemVga\MemVga.srcs\sources_1\new\Control_And_Start.v:]
WARNING: [filemgmt 56-199] Attempt to get parsing info during refresh. "On-the-fly" syntax checking information may be incorrect. [C:\CSEE4280\GRP2ADD\FinalProject\MemVga\MemVga.srcs\sources_1\imports\FinalProject\Mem\final_project\final_project.srcs\sources_1\new\Memory.sv:]
WARNING: [filemgmt 56-199] Attempt to get parsing info during refresh. "On-the-fly" syntax checking information may be incorrect. [C:\CSEE4280\GRP2ADD\FinalProject\MemVga\MemVga.srcs\sources_1\imports\FinalProject\Mem\final_project\final_project.srcs\sources_1\new\DualPort.sv:]
WARNING: [filemgmt 56-199] Attempt to get parsing info during refresh. "On-the-fly" syntax checking information may be incorrect. [C:\CSEE4280\GRP2ADD\FinalProject\MemVga\MemVga.srcs\sources_1\imports\FinalProject\Mem\final_project\final_project.srcs\sources_1\new\DualPort.sv:]
WARNING: [filemgmt 56-199] Attempt to get parsing info during refresh. "On-the-fly" syntax checking information may be incorrect. [C:\CSEE4280\GRP2ADD\FinalProject\MemVga\MemVga.srcs\sim_1\new\Start_Control_tb.v:]
WARNING: [filemgmt 56-199] Attempt to get parsing info during refresh. "On-the-fly" syntax checking information may be incorrect. [C:\CSEE4280\GRP2ADD\FinalProject\MemVga\MemVga.srcs\sources_1\new\Frame_Select_Control.v:]
WARNING: [filemgmt 56-199] Attempt to get parsing info during refresh. "On-the-fly" syntax checking information may be incorrect. [C:\CSEE4280\GRP2ADD\FinalProject\MemVga\MemVga.srcs\sources_1\new\Top.sv:]
WARNING: [filemgmt 56-199] Attempt to get parsing info during refresh. "On-the-fly" syntax checking information may be incorrect. [C:\CSEE4280\GRP2ADD\FinalProject\MemVga\MemVga.srcs\sources_1\imports\FinalProject\VGAOutput\VGAOutput.srcs\sources_1\new\frame_counter.sv:]
WARNING: [filemgmt 56-199] Attempt to get parsing info during refresh. "On-the-fly" syntax checking information may be incorrect. [C:\CSEE4280\GRP2ADD\FinalProject\Processing\Processing.srcs\sources_1\new\Start_Control.v:]
WARNING: [filemgmt 56-199] Attempt to get parsing info during refresh. "On-the-fly" syntax checking information may be incorrect. [C:\CSEE4280\GRP2ADD\FinalProject\MemVga\MemVga.srcs\sources_1\imports\FinalProject\Mem\final_project\final_project.srcs\sources_1\new\DualPort.sv:]
WARNING: [filemgmt 56-199] Attempt to get parsing info during refresh. "On-the-fly" syntax checking information may be incorrect. [C:\CSEE4280\GRP2ADD\FinalProject\MemVga\MemVga.srcs\sources_1\new\Start_Control.v:]
WARNING: [filemgmt 56-199] Attempt to get parsing info during refresh. "On-the-fly" syntax checking information may be incorrect. [C:\CSEE4280\GRP2ADD\FinalProject\Processing\Processing.srcs\sources_1\new\Auto_Control.v:]
WARNING: [filemgmt 56-199] Attempt to get parsing info during refresh. "On-the-fly" syntax checking information may be incorrect. [C:\CSEE4280\GRP2ADD\FinalProject\MemVga\MemVga.srcs\sources_1\new\Control_And_Start.v:]
WARNING: [filemgmt 56-199] Attempt to get parsing info during refresh. "On-the-fly" syntax checking information may be incorrect. [C:\CSEE4280\GRP2ADD\FinalProject\MemVga\MemVga.srcs\sources_1\imports\FinalProject\Mem\final_project\final_project.srcs\sources_1\new\Memory.sv:]
WARNING: [filemgmt 56-199] Attempt to get parsing info during refresh. "On-the-fly" syntax checking information may be incorrect. [C:\CSEE4280\GRP2ADD\FinalProject\MemVga\MemVga.srcs\sources_1\imports\FinalProject\Mem\final_project\final_project.srcs\sources_1\new\Memory.sv:]
WARNING: [filemgmt 56-199] Attempt to get parsing info during refresh. "On-the-fly" syntax checking information may be incorrect. [C:\CSEE4280\GRP2ADD\FinalProject\MemVga\MemVga.srcs\sources_1\imports\FinalProject\Mem\final_project\final_project.srcs\sources_1\new\Memory.sv:]
WARNING: [filemgmt 56-199] Attempt to get parsing info during refresh. "On-the-fly" syntax checking information may be incorrect. [C:\CSEE4280\GRP2ADD\FinalProject\MemVga\MemVga.srcs\sim_1\new\Start_Control_tb.v:]
WARNING: [filemgmt 56-199] Attempt to get parsing info during refresh. "On-the-fly" syntax checking information may be incorrect. [C:\CSEE4280\GRP2ADD\FinalProject\MemVga\MemVga.srcs\sources_1\new\Frame_Select_Control.v:]
WARNING: [filemgmt 56-199] Attempt to get parsing info during refresh. "On-the-fly" syntax checking information may be incorrect. [C:\CSEE4280\GRP2ADD\FinalProject\MemVga\MemVga.srcs\sources_1\new\Top.sv:]
WARNING: [filemgmt 56-199] Attempt to get parsing info during refresh. "On-the-fly" syntax checking information may be incorrect. [C:\CSEE4280\GRP2ADD\FinalProject\MemVga\MemVga.srcs\sources_1\imports\FinalProject\VGAOutput\VGAOutput.srcs\sources_1\new\frame_counter.sv:]
INFO: [Common 17-14] Message 'filemgmt 56-199' appears 100 times and further instances of the messages will be disabled. Use the Tcl command set_msg_config to change the current settings.
WARNING: [filemgmt 56-199] Attempt to get parsing info during refresh. "On-the-fly" syntax checking information may be incorrect. [C:\CSEE4280\GRP2ADD\FinalProject\MemVga\MemVga.srcs\sim_1\new\Start_Control_tb.v:]
WARNING: [filemgmt 56-199] Attempt to get parsing info during refresh. "On-the-fly" syntax checking information may be incorrect. [C:\CSEE4280\GRP2ADD\FinalProject\MemVga\MemVga.srcs\sources_1\new\Frame_Select_Control.v:]
WARNING: [filemgmt 56-199] Attempt to get parsing info during refresh. "On-the-fly" syntax checking information may be incorrect. [C:\CSEE4280\GRP2ADD\FinalProject\MemVga\MemVga.srcs\sources_1\new\Top.sv:]
WARNING: [filemgmt 56-199] Attempt to get parsing info during refresh. "On-the-fly" syntax checking information may be incorrect. [C:\CSEE4280\GRP2ADD\FinalProject\MemVga\MemVga.srcs\sources_1\imports\FinalProject\VGAOutput\VGAOutput.srcs\sources_1\new\frame_counter.sv:]
WARNING: [filemgmt 56-199] Attempt to get parsing info during refresh. "On-the-fly" syntax checking information may be incorrect. [C:\CSEE4280\GRP2ADD\FinalProject\Processing\Processing.srcs\sources_1\new\Start_Control.v:]
WARNING: [filemgmt 56-199] Attempt to get parsing info during refresh. "On-the-fly" syntax checking information may be incorrect. [C:\CSEE4280\GRP2ADD\FinalProject\MemVga\MemVga.srcs\sources_1\imports\FinalProject\Mem\final_project\final_project.srcs\sources_1\new\DualPort.sv:]
WARNING: [filemgmt 56-199] Attempt to get parsing info during refresh. "On-the-fly" syntax checking information may be incorrect. [C:\CSEE4280\GRP2ADD\FinalProject\MemVga\MemVga.srcs\sources_1\new\Start_Control.v:]
WARNING: [filemgmt 56-199] Attempt to get parsing info during refresh. "On-the-fly" syntax checking information may be incorrect. [C:\CSEE4280\GRP2ADD\FinalProject\Processing\Processing.srcs\sources_1\new\Auto_Control.v:]
WARNING: [filemgmt 56-199] Attempt to get parsing info during refresh. "On-the-fly" syntax checking information may be incorrect. [C:\CSEE4280\GRP2ADD\FinalProject\MemVga\MemVga.srcs\sources_1\new\Control_And_Start.v:]
WARNING: [filemgmt 56-199] Attempt to get parsing info during refresh. "On-the-fly" syntax checking information may be incorrect. [C:\CSEE4280\GRP2ADD\FinalProject\MemVga\MemVga.srcs\sources_1\imports\FinalProject\Mem\final_project\final_project.srcs\sources_1\new\Memory.sv:]
WARNING: [filemgmt 56-199] Attempt to get parsing info during refresh. "On-the-fly" syntax checking information may be incorrect. [C:\CSEE4280\GRP2ADD\FinalProject\MemVga\MemVga.srcs\sim_1\new\Start_Control_tb.v:]
WARNING: [filemgmt 56-199] Attempt to get parsing info during refresh. "On-the-fly" syntax checking information may be incorrect. [C:\CSEE4280\GRP2ADD\FinalProject\MemVga\MemVga.srcs\sim_1\new\Start_Control_tb.v:]
WARNING: [filemgmt 56-199] Attempt to get parsing info during refresh. "On-the-fly" syntax checking information may be incorrect. [C:\CSEE4280\GRP2ADD\FinalProject\MemVga\MemVga.srcs\sim_1\new\Start_Control_tb.v:]
WARNING: [filemgmt 56-199] Attempt to get parsing info during refresh. "On-the-fly" syntax checking information may be incorrect. [C:\CSEE4280\GRP2ADD\FinalProject\MemVga\MemVga.srcs\sources_1\new\Frame_Select_Control.v:]
WARNING: [filemgmt 56-199] Attempt to get parsing info during refresh. "On-the-fly" syntax checking information may be incorrect. [C:\CSEE4280\GRP2ADD\FinalProject\MemVga\MemVga.srcs\sources_1\new\Top.sv:]
WARNING: [filemgmt 56-199] Attempt to get parsing info during refresh. "On-the-fly" syntax checking information may be incorrect. [C:\CSEE4280\GRP2ADD\FinalProject\MemVga\MemVga.srcs\sources_1\imports\FinalProject\VGAOutput\VGAOutput.srcs\sources_1\new\frame_counter.sv:]
WARNING: [filemgmt 56-199] Attempt to get parsing info during refresh. "On-the-fly" syntax checking information may be incorrect. [C:\CSEE4280\GRP2ADD\FinalProject\Processing\Processing.srcs\sources_1\new\Start_Control.v:]
WARNING: [filemgmt 56-199] Attempt to get parsing info during refresh. "On-the-fly" syntax checking information may be incorrect. [C:\CSEE4280\GRP2ADD\FinalProject\MemVga\MemVga.srcs\sources_1\imports\FinalProject\Mem\final_project\final_project.srcs\sources_1\new\DualPort.sv:]
WARNING: [filemgmt 56-199] Attempt to get parsing info during refresh. "On-the-fly" syntax checking information may be incorrect. [C:\CSEE4280\GRP2ADD\FinalProject\MemVga\MemVga.srcs\sources_1\new\Start_Control.v:]
WARNING: [filemgmt 56-199] Attempt to get parsing info during refresh. "On-the-fly" syntax checking information may be incorrect. [C:\CSEE4280\GRP2ADD\FinalProject\Processing\Processing.srcs\sources_1\new\Auto_Control.v:]
WARNING: [filemgmt 56-199] Attempt to get parsing info during refresh. "On-the-fly" syntax checking information may be incorrect. [C:\CSEE4280\GRP2ADD\FinalProject\MemVga\MemVga.srcs\sources_1\new\Control_And_Start.v:]
WARNING: [filemgmt 56-199] Attempt to get parsing info during refresh. "On-the-fly" syntax checking information may be incorrect. [C:\CSEE4280\GRP2ADD\FinalProject\MemVga\MemVga.srcs\sources_1\imports\FinalProject\Mem\final_project\final_project.srcs\sources_1\new\Memory.sv:]
WARNING: [filemgmt 56-199] Attempt to get parsing info during refresh. "On-the-fly" syntax checking information may be incorrect. [C:\CSEE4280\GRP2ADD\FinalProject\MemVga\MemVga.srcs\sources_1\new\Top.sv:]
WARNING: [filemgmt 56-199] Attempt to get parsing info during refresh. "On-the-fly" syntax checking information may be incorrect. [C:\CSEE4280\GRP2ADD\FinalProject\MemVga\MemVga.srcs\sources_1\new\Top.sv:]
WARNING: [filemgmt 56-199] Attempt to get parsing info during refresh. "On-the-fly" syntax checking information may be incorrect. [C:\CSEE4280\GRP2ADD\FinalProject\MemVga\MemVga.srcs\sim_1\new\Start_Control_tb.v:]
WARNING: [filemgmt 56-199] Attempt to get parsing info during refresh. "On-the-fly" syntax checking information may be incorrect. [C:\CSEE4280\GRP2ADD\FinalProject\MemVga\MemVga.srcs\sources_1\new\Frame_Select_Control.v:]
WARNING: [filemgmt 56-199] Attempt to get parsing info during refresh. "On-the-fly" syntax checking information may be incorrect. [C:\CSEE4280\GRP2ADD\FinalProject\MemVga\MemVga.srcs\sources_1\new\Top.sv:]
WARNING: [filemgmt 56-199] Attempt to get parsing info during refresh. "On-the-fly" syntax checking information may be incorrect. [C:\CSEE4280\GRP2ADD\FinalProject\MemVga\MemVga.srcs\sources_1\imports\FinalProject\VGAOutput\VGAOutput.srcs\sources_1\new\frame_counter.sv:]
WARNING: [filemgmt 56-199] Attempt to get parsing info during refresh. "On-the-fly" syntax checking information may be incorrect. [C:\CSEE4280\GRP2ADD\FinalProject\Processing\Processing.srcs\sources_1\new\Start_Control.v:]
WARNING: [filemgmt 56-199] Attempt to get parsing info during refresh. "On-the-fly" syntax checking information may be incorrect. [C:\CSEE4280\GRP2ADD\FinalProject\MemVga\MemVga.srcs\sources_1\imports\FinalProject\Mem\final_project\final_project.srcs\sources_1\new\DualPort.sv:]
WARNING: [filemgmt 56-199] Attempt to get parsing info during refresh. "On-the-fly" syntax checking information may be incorrect. [C:\CSEE4280\GRP2ADD\FinalProject\MemVga\MemVga.srcs\sources_1\new\Start_Control.v:]
WARNING: [filemgmt 56-199] Attempt to get parsing info during refresh. "On-the-fly" syntax checking information may be incorrect. [C:\CSEE4280\GRP2ADD\FinalProject\Processing\Processing.srcs\sources_1\new\Auto_Control.v:]
WARNING: [filemgmt 56-199] Attempt to get parsing info during refresh. "On-the-fly" syntax checking information may be incorrect. [C:\CSEE4280\GRP2ADD\FinalProject\MemVga\MemVga.srcs\sources_1\new\Control_And_Start.v:]
WARNING: [filemgmt 56-199] Attempt to get parsing info during refresh. "On-the-fly" syntax checking information may be incorrect. [C:\CSEE4280\GRP2ADD\FinalProject\MemVga\MemVga.srcs\sources_1\imports\FinalProject\Mem\final_project\final_project.srcs\sources_1\new\Memory.sv:]
WARNING: [filemgmt 56-199] Attempt to get parsing info during refresh. "On-the-fly" syntax checking information may be incorrect. [C:\CSEE4280\GRP2ADD\FinalProject\MemVga\MemVga.srcs\sources_1\new\Control_And_Start.v:]
WARNING: [filemgmt 56-199] Attempt to get parsing info during refresh. "On-the-fly" syntax checking information may be incorrect. [C:\CSEE4280\GRP2ADD\FinalProject\MemVga\MemVga.srcs\sources_1\new\Control_And_Start.v:]
WARNING: [filemgmt 56-199] Attempt to get parsing info during refresh. "On-the-fly" syntax checking information may be incorrect. [C:\CSEE4280\GRP2ADD\FinalProject\MemVga\MemVga.srcs\sim_1\new\Start_Control_tb.v:]
WARNING: [filemgmt 56-199] Attempt to get parsing info during refresh. "On-the-fly" syntax checking information may be incorrect. [C:\CSEE4280\GRP2ADD\FinalProject\MemVga\MemVga.srcs\sources_1\new\Frame_Select_Control.v:]
WARNING: [filemgmt 56-199] Attempt to get parsing info during refresh. "On-the-fly" syntax checking information may be incorrect. [C:\CSEE4280\GRP2ADD\FinalProject\MemVga\MemVga.srcs\sources_1\new\Top.sv:]
WARNING: [filemgmt 56-199] Attempt to get parsing info during refresh. "On-the-fly" syntax checking information may be incorrect. [C:\CSEE4280\GRP2ADD\FinalProject\MemVga\MemVga.srcs\sources_1\imports\FinalProject\VGAOutput\VGAOutput.srcs\sources_1\new\frame_counter.sv:]
WARNING: [filemgmt 56-199] Attempt to get parsing info during refresh. "On-the-fly" syntax checking information may be incorrect. [C:\CSEE4280\GRP2ADD\FinalProject\Processing\Processing.srcs\sources_1\new\Start_Control.v:]
WARNING: [filemgmt 56-199] Attempt to get parsing info during refresh. "On-the-fly" syntax checking information may be incorrect. [C:\CSEE4280\GRP2ADD\FinalProject\MemVga\MemVga.srcs\sources_1\imports\FinalProject\Mem\final_project\final_project.srcs\sources_1\new\DualPort.sv:]
WARNING: [filemgmt 56-199] Attempt to get parsing info during refresh. "On-the-fly" syntax checking information may be incorrect. [C:\CSEE4280\GRP2ADD\FinalProject\MemVga\MemVga.srcs\sources_1\new\Start_Control.v:]
WARNING: [filemgmt 56-199] Attempt to get parsing info during refresh. "On-the-fly" syntax checking information may be incorrect. [C:\CSEE4280\GRP2ADD\FinalProject\Processing\Processing.srcs\sources_1\new\Auto_Control.v:]
WARNING: [filemgmt 56-199] Attempt to get parsing info during refresh. "On-the-fly" syntax checking information may be incorrect. [C:\CSEE4280\GRP2ADD\FinalProject\MemVga\MemVga.srcs\sources_1\new\Control_And_Start.v:]
WARNING: [filemgmt 56-199] Attempt to get parsing info during refresh. "On-the-fly" syntax checking information may be incorrect. [C:\CSEE4280\GRP2ADD\FinalProject\MemVga\MemVga.srcs\sources_1\imports\FinalProject\Mem\final_project\final_project.srcs\sources_1\new\Memory.sv:]
WARNING: [filemgmt 56-199] Attempt to get parsing info during refresh. "On-the-fly" syntax checking information may be incorrect. [C:\CSEE4280\GRP2ADD\FinalProject\MemVga\MemVga.srcs\sources_1\new\Frame_Select_Control.v:]
WARNING: [filemgmt 56-199] Attempt to get parsing info during refresh. "On-the-fly" syntax checking information may be incorrect. [C:\CSEE4280\GRP2ADD\FinalProject\MemVga\MemVga.srcs\sources_1\new\Frame_Select_Control.v:]
WARNING: [filemgmt 56-199] Attempt to get parsing info during refresh. "On-the-fly" syntax checking information may be incorrect. [C:\CSEE4280\GRP2ADD\FinalProject\MemVga\MemVga.srcs\sim_1\new\Start_Control_tb.v:]
WARNING: [filemgmt 56-199] Attempt to get parsing info during refresh. "On-the-fly" syntax checking information may be incorrect. [C:\CSEE4280\GRP2ADD\FinalProject\MemVga\MemVga.srcs\sources_1\new\Frame_Select_Control.v:]
WARNING: [filemgmt 56-199] Attempt to get parsing info during refresh. "On-the-fly" syntax checking information may be incorrect. [C:\CSEE4280\GRP2ADD\FinalProject\MemVga\MemVga.srcs\sources_1\new\Top.sv:]
WARNING: [filemgmt 56-199] Attempt to get parsing info during refresh. "On-the-fly" syntax checking information may be incorrect. [C:\CSEE4280\GRP2ADD\FinalProject\MemVga\MemVga.srcs\sources_1\imports\FinalProject\VGAOutput\VGAOutput.srcs\sources_1\new\frame_counter.sv:]
WARNING: [filemgmt 56-199] Attempt to get parsing info during refresh. "On-the-fly" syntax checking information may be incorrect. [C:\CSEE4280\GRP2ADD\FinalProject\Processing\Processing.srcs\sources_1\new\Start_Control.v:]
WARNING: [filemgmt 56-199] Attempt to get parsing info during refresh. "On-the-fly" syntax checking information may be incorrect. [C:\CSEE4280\GRP2ADD\FinalProject\MemVga\MemVga.srcs\sources_1\imports\FinalProject\Mem\final_project\final_project.srcs\sources_1\new\DualPort.sv:]
WARNING: [filemgmt 56-199] Attempt to get parsing info during refresh. "On-the-fly" syntax checking information may be incorrect. [C:\CSEE4280\GRP2ADD\FinalProject\MemVga\MemVga.srcs\sources_1\new\Start_Control.v:]
WARNING: [filemgmt 56-199] Attempt to get parsing info during refresh. "On-the-fly" syntax checking information may be incorrect. [C:\CSEE4280\GRP2ADD\FinalProject\Processing\Processing.srcs\sources_1\new\Auto_Control.v:]
WARNING: [filemgmt 56-199] Attempt to get parsing info during refresh. "On-the-fly" syntax checking information may be incorrect. [C:\CSEE4280\GRP2ADD\FinalProject\MemVga\MemVga.srcs\sources_1\new\Control_And_Start.v:]
WARNING: [filemgmt 56-199] Attempt to get parsing info during refresh. "On-the-fly" syntax checking information may be incorrect. [C:\CSEE4280\GRP2ADD\FinalProject\MemVga\MemVga.srcs\sources_1\imports\FinalProject\Mem\final_project\final_project.srcs\sources_1\new\Memory.sv:]
WARNING: [filemgmt 56-199] Attempt to get parsing info during refresh. "On-the-fly" syntax checking information may be incorrect. [C:\CSEE4280\GRP2ADD\FinalProject\Processing\Processing.srcs\sources_1\new\Start_Control.v:]
WARNING: [filemgmt 56-199] Attempt to get parsing info during refresh. "On-the-fly" syntax checking information may be incorrect. [C:\CSEE4280\GRP2ADD\FinalProject\Processing\Processing.srcs\sources_1\new\Start_Control.v:]
WARNING: [filemgmt 56-199] Attempt to get parsing info during refresh. "On-the-fly" syntax checking information may be incorrect. [C:\CSEE4280\GRP2ADD\FinalProject\MemVga\MemVga.srcs\sim_1\new\Start_Control_tb.v:]
WARNING: [filemgmt 56-199] Attempt to get parsing info during refresh. "On-the-fly" syntax checking information may be incorrect. [C:\CSEE4280\GRP2ADD\FinalProject\MemVga\MemVga.srcs\sources_1\new\Frame_Select_Control.v:]
WARNING: [filemgmt 56-199] Attempt to get parsing info during refresh. "On-the-fly" syntax checking information may be incorrect. [C:\CSEE4280\GRP2ADD\FinalProject\MemVga\MemVga.srcs\sources_1\new\Top.sv:]
WARNING: [filemgmt 56-199] Attempt to get parsing info during refresh. "On-the-fly" syntax checking information may be incorrect. [C:\CSEE4280\GRP2ADD\FinalProject\MemVga\MemVga.srcs\sources_1\imports\FinalProject\VGAOutput\VGAOutput.srcs\sources_1\new\frame_counter.sv:]
WARNING: [filemgmt 56-199] Attempt to get parsing info during refresh. "On-the-fly" syntax checking information may be incorrect. [C:\CSEE4280\GRP2ADD\FinalProject\Processing\Processing.srcs\sources_1\new\Start_Control.v:]
WARNING: [filemgmt 56-199] Attempt to get parsing info during refresh. "On-the-fly" syntax checking information may be incorrect. [C:\CSEE4280\GRP2ADD\FinalProject\MemVga\MemVga.srcs\sources_1\imports\FinalProject\Mem\final_project\final_project.srcs\sources_1\new\DualPort.sv:]
WARNING: [filemgmt 56-199] Attempt to get parsing info during refresh. "On-the-fly" syntax checking information may be incorrect. [C:\CSEE4280\GRP2ADD\FinalProject\MemVga\MemVga.srcs\sources_1\new\Start_Control.v:]
WARNING: [filemgmt 56-199] Attempt to get parsing info during refresh. "On-the-fly" syntax checking information may be incorrect. [C:\CSEE4280\GRP2ADD\FinalProject\Processing\Processing.srcs\sources_1\new\Auto_Control.v:]
WARNING: [filemgmt 56-199] Attempt to get parsing info during refresh. "On-the-fly" syntax checking information may be incorrect. [C:\CSEE4280\GRP2ADD\FinalProject\MemVga\MemVga.srcs\sources_1\new\Control_And_Start.v:]
WARNING: [filemgmt 56-199] Attempt to get parsing info during refresh. "On-the-fly" syntax checking information may be incorrect. [C:\CSEE4280\GRP2ADD\FinalProject\MemVga\MemVga.srcs\sources_1\imports\FinalProject\Mem\final_project\final_project.srcs\sources_1\new\Memory.sv:]
WARNING: [filemgmt 56-199] Attempt to get parsing info during refresh. "On-the-fly" syntax checking information may be incorrect. [C:\CSEE4280\GRP2ADD\FinalProject\Processing\Processing.srcs\sources_1\new\Auto_Control.v:]
WARNING: [filemgmt 56-199] Attempt to get parsing info during refresh. "On-the-fly" syntax checking information may be incorrect. [C:\CSEE4280\GRP2ADD\FinalProject\Processing\Processing.srcs\sources_1\new\Auto_Control.v:]
WARNING: [filemgmt 56-199] Attempt to get parsing info during refresh. "On-the-fly" syntax checking information may be incorrect. [C:\CSEE4280\GRP2ADD\FinalProject\MemVga\MemVga.srcs\sim_1\new\Start_Control_tb.v:]
WARNING: [filemgmt 56-199] Attempt to get parsing info during refresh. "On-the-fly" syntax checking information may be incorrect. [C:\CSEE4280\GRP2ADD\FinalProject\MemVga\MemVga.srcs\sources_1\new\Frame_Select_Control.v:]
WARNING: [filemgmt 56-199] Attempt to get parsing info during refresh. "On-the-fly" syntax checking information may be incorrect. [C:\CSEE4280\GRP2ADD\FinalProject\MemVga\MemVga.srcs\sources_1\new\Top.sv:]
WARNING: [filemgmt 56-199] Attempt to get parsing info during refresh. "On-the-fly" syntax checking information may be incorrect. [C:\CSEE4280\GRP2ADD\FinalProject\MemVga\MemVga.srcs\sources_1\imports\FinalProject\VGAOutput\VGAOutput.srcs\sources_1\new\frame_counter.sv:]
WARNING: [filemgmt 56-199] Attempt to get parsing info during refresh. "On-the-fly" syntax checking information may be incorrect. [C:\CSEE4280\GRP2ADD\FinalProject\Processing\Processing.srcs\sources_1\new\Start_Control.v:]
WARNING: [filemgmt 56-199] Attempt to get parsing info during refresh. "On-the-fly" syntax checking information may be incorrect. [C:\CSEE4280\GRP2ADD\FinalProject\MemVga\MemVga.srcs\sources_1\imports\FinalProject\Mem\final_project\final_project.srcs\sources_1\new\DualPort.sv:]
WARNING: [filemgmt 56-199] Attempt to get parsing info during refresh. "On-the-fly" syntax checking information may be incorrect. [C:\CSEE4280\GRP2ADD\FinalProject\MemVga\MemVga.srcs\sources_1\new\Start_Control.v:]
WARNING: [filemgmt 56-199] Attempt to get parsing info during refresh. "On-the-fly" syntax checking information may be incorrect. [C:\CSEE4280\GRP2ADD\FinalProject\Processing\Processing.srcs\sources_1\new\Auto_Control.v:]
WARNING: [filemgmt 56-199] Attempt to get parsing info during refresh. "On-the-fly" syntax checking information may be incorrect. [C:\CSEE4280\GRP2ADD\FinalProject\MemVga\MemVga.srcs\sources_1\new\Control_And_Start.v:]
WARNING: [filemgmt 56-199] Attempt to get parsing info during refresh. "On-the-fly" syntax checking information may be incorrect. [C:\CSEE4280\GRP2ADD\FinalProject\MemVga\MemVga.srcs\sources_1\imports\FinalProject\Mem\final_project\final_project.srcs\sources_1\new\Memory.sv:]
WARNING: [filemgmt 56-199] Attempt to get parsing info during refresh. "On-the-fly" syntax checking information may be incorrect. [C:\CSEE4280\GRP2ADD\FinalProject\MemVga\MemVga.srcs\sources_1\imports\FinalProject\VGAOutput\VGAOutput.srcs\sources_1\new\frame_counter.sv:]
WARNING: [filemgmt 56-199] Attempt to get parsing info during refresh. "On-the-fly" syntax checking information may be incorrect. [C:\CSEE4280\GRP2ADD\FinalProject\MemVga\MemVga.srcs\sources_1\imports\FinalProject\VGAOutput\VGAOutput.srcs\sources_1\new\frame_counter.sv:]
reset_run synth_1
INFO: [Project 1-1161] Replacing file C:/CSEE4280/GRP2ADD/FinalProject/MemVga/MemVga.srcs/utils_1/imports/synth_1/Top.dcp with file C:/CSEE4280/GRP2ADD/FinalProject/MemVga/MemVga.runs/synth_1/Top.dcp
WARNING: [Vivado 12-1017] Problems encountered:
1. Failed to delete one or more files in run directory C:/CSEE4280/GRP2ADD/FinalProject/MemVga/MemVga.runs/synth_1

launch_runs impl_1 -to_step write_bitstream -jobs 12
[Thu Apr 24 11:00:35 2025] Launched synth_1...
Run output will be captured here: C:/CSEE4280/GRP2ADD/FinalProject/MemVga/MemVga.runs/synth_1/runme.log
[Thu Apr 24 11:00:35 2025] Launched impl_1...
Run output will be captured here: C:/CSEE4280/GRP2ADD/FinalProject/MemVga/MemVga.runs/impl_1/runme.log
WARNING: [filemgmt 56-199] Attempt to get parsing info during refresh. "On-the-fly" syntax checking information may be incorrect. [C:\CSEE4280\GRP2ADD\FinalProject\MemVga\MemVga.srcs\sim_1\new\Start_Control_tb.v:]
WARNING: [filemgmt 56-199] Attempt to get parsing info during refresh. "On-the-fly" syntax checking information may be incorrect. [C:\CSEE4280\GRP2ADD\FinalProject\MemVga\MemVga.srcs\sources_1\new\Frame_Select_Control.v:]
WARNING: [filemgmt 56-199] Attempt to get parsing info during refresh. "On-the-fly" syntax checking information may be incorrect. [C:\CSEE4280\GRP2ADD\FinalProject\MemVga\MemVga.srcs\sources_1\new\Top.sv:]
WARNING: [filemgmt 56-199] Attempt to get parsing info during refresh. "On-the-fly" syntax checking information may be incorrect. [C:\CSEE4280\GRP2ADD\FinalProject\MemVga\MemVga.srcs\sources_1\imports\FinalProject\VGAOutput\VGAOutput.srcs\sources_1\new\frame_counter.sv:]
WARNING: [filemgmt 56-199] Attempt to get parsing info during refresh. "On-the-fly" syntax checking information may be incorrect. [C:\CSEE4280\GRP2ADD\FinalProject\Processing\Processing.srcs\sources_1\new\Start_Control.v:]
WARNING: [filemgmt 56-199] Attempt to get parsing info during refresh. "On-the-fly" syntax checking information may be incorrect. [C:\CSEE4280\GRP2ADD\FinalProject\MemVga\MemVga.srcs\sources_1\imports\FinalProject\Mem\final_project\final_project.srcs\sources_1\new\DualPort.sv:]
WARNING: [filemgmt 56-199] Attempt to get parsing info during refresh. "On-the-fly" syntax checking information may be incorrect. [C:\CSEE4280\GRP2ADD\FinalProject\MemVga\MemVga.srcs\sources_1\new\Start_Control.v:]
WARNING: [filemgmt 56-199] Attempt to get parsing info during refresh. "On-the-fly" syntax checking information may be incorrect. [C:\CSEE4280\GRP2ADD\FinalProject\Processing\Processing.srcs\sources_1\new\Auto_Control.v:]
WARNING: [filemgmt 56-199] Attempt to get parsing info during refresh. "On-the-fly" syntax checking information may be incorrect. [C:\CSEE4280\GRP2ADD\FinalProject\MemVga\MemVga.srcs\sources_1\new\Control_And_Start.v:]
WARNING: [filemgmt 56-199] Attempt to get parsing info during refresh. "On-the-fly" syntax checking information may be incorrect. [C:\CSEE4280\GRP2ADD\FinalProject\MemVga\MemVga.srcs\sources_1\imports\FinalProject\Mem\final_project\final_project.srcs\sources_1\new\Memory.sv:]
WARNING: [filemgmt 56-199] Attempt to get parsing info during refresh. "On-the-fly" syntax checking information may be incorrect. [C:\CSEE4280\GRP2ADD\FinalProject\MemVga\MemVga.srcs\sources_1\new\Top.sv:]
WARNING: [filemgmt 56-199] Attempt to get parsing info during refresh. "On-the-fly" syntax checking information may be incorrect. [C:\CSEE4280\GRP2ADD\FinalProject\MemVga\MemVga.srcs\sources_1\new\Top.sv:]
WARNING: [filemgmt 56-199] Attempt to get parsing info during refresh. "On-the-fly" syntax checking information may be incorrect. [C:\CSEE4280\GRP2ADD\FinalProject\MemVga\MemVga.srcs\sim_1\new\Start_Control_tb.v:]
WARNING: [filemgmt 56-199] Attempt to get parsing info during refresh. "On-the-fly" syntax checking information may be incorrect. [C:\CSEE4280\GRP2ADD\FinalProject\MemVga\MemVga.srcs\sources_1\new\Frame_Select_Control.v:]
WARNING: [filemgmt 56-199] Attempt to get parsing info during refresh. "On-the-fly" syntax checking information may be incorrect. [C:\CSEE4280\GRP2ADD\FinalProject\MemVga\MemVga.srcs\sources_1\new\Top.sv:]
WARNING: [filemgmt 56-199] Attempt to get parsing info during refresh. "On-the-fly" syntax checking information may be incorrect. [C:\CSEE4280\GRP2ADD\FinalProject\MemVga\MemVga.srcs\sources_1\imports\FinalProject\VGAOutput\VGAOutput.srcs\sources_1\new\frame_counter.sv:]
WARNING: [filemgmt 56-199] Attempt to get parsing info during refresh. "On-the-fly" syntax checking information may be incorrect. [C:\CSEE4280\GRP2ADD\FinalProject\Processing\Processing.srcs\sources_1\new\Start_Control.v:]
WARNING: [filemgmt 56-199] Attempt to get parsing info during refresh. "On-the-fly" syntax checking information may be incorrect. [C:\CSEE4280\GRP2ADD\FinalProject\MemVga\MemVga.srcs\sources_1\imports\FinalProject\Mem\final_project\final_project.srcs\sources_1\new\DualPort.sv:]
WARNING: [filemgmt 56-199] Attempt to get parsing info during refresh. "On-the-fly" syntax checking information may be incorrect. [C:\CSEE4280\GRP2ADD\FinalProject\MemVga\MemVga.srcs\sources_1\new\Start_Control.v:]
WARNING: [filemgmt 56-199] Attempt to get parsing info during refresh. "On-the-fly" syntax checking information may be incorrect. [C:\CSEE4280\GRP2ADD\FinalProject\Processing\Processing.srcs\sources_1\new\Auto_Control.v:]
WARNING: [filemgmt 56-199] Attempt to get parsing info during refresh. "On-the-fly" syntax checking information may be incorrect. [C:\CSEE4280\GRP2ADD\FinalProject\MemVga\MemVga.srcs\sources_1\new\Control_And_Start.v:]
WARNING: [filemgmt 56-199] Attempt to get parsing info during refresh. "On-the-fly" syntax checking information may be incorrect. [C:\CSEE4280\GRP2ADD\FinalProject\MemVga\MemVga.srcs\sources_1\imports\FinalProject\Mem\final_project\final_project.srcs\sources_1\new\Memory.sv:]
WARNING: [filemgmt 56-199] Attempt to get parsing info during refresh. "On-the-fly" syntax checking information may be incorrect. [C:\CSEE4280\GRP2ADD\FinalProject\Processing\Processing.srcs\sources_1\new\Auto_Control.v:]
WARNING: [filemgmt 56-199] Attempt to get parsing info during refresh. "On-the-fly" syntax checking information may be incorrect. [C:\CSEE4280\GRP2ADD\FinalProject\Processing\Processing.srcs\sources_1\new\Auto_Control.v:]
WARNING: [filemgmt 56-199] Attempt to get parsing info during refresh. "On-the-fly" syntax checking information may be incorrect. [C:\CSEE4280\GRP2ADD\FinalProject\MemVga\MemVga.srcs\sim_1\new\Start_Control_tb.v:]
WARNING: [filemgmt 56-199] Attempt to get parsing info during refresh. "On-the-fly" syntax checking information may be incorrect. [C:\CSEE4280\GRP2ADD\FinalProject\MemVga\MemVga.srcs\sources_1\new\Frame_Select_Control.v:]
WARNING: [filemgmt 56-199] Attempt to get parsing info during refresh. "On-the-fly" syntax checking information may be incorrect. [C:\CSEE4280\GRP2ADD\FinalProject\MemVga\MemVga.srcs\sources_1\new\Top.sv:]
WARNING: [filemgmt 56-199] Attempt to get parsing info during refresh. "On-the-fly" syntax checking information may be incorrect. [C:\CSEE4280\GRP2ADD\FinalProject\MemVga\MemVga.srcs\sources_1\imports\FinalProject\VGAOutput\VGAOutput.srcs\sources_1\new\frame_counter.sv:]
WARNING: [filemgmt 56-199] Attempt to get parsing info during refresh. "On-the-fly" syntax checking information may be incorrect. [C:\CSEE4280\GRP2ADD\FinalProject\Processing\Processing.srcs\sources_1\new\Start_Control.v:]
WARNING: [filemgmt 56-199] Attempt to get parsing info during refresh. "On-the-fly" syntax checking information may be incorrect. [C:\CSEE4280\GRP2ADD\FinalProject\MemVga\MemVga.srcs\sources_1\imports\FinalProject\Mem\final_project\final_project.srcs\sources_1\new\DualPort.sv:]
WARNING: [filemgmt 56-199] Attempt to get parsing info during refresh. "On-the-fly" syntax checking information may be incorrect. [C:\CSEE4280\GRP2ADD\FinalProject\MemVga\MemVga.srcs\sources_1\new\Start_Control.v:]
WARNING: [filemgmt 56-199] Attempt to get parsing info during refresh. "On-the-fly" syntax checking information may be incorrect. [C:\CSEE4280\GRP2ADD\FinalProject\Processing\Processing.srcs\sources_1\new\Auto_Control.v:]
WARNING: [filemgmt 56-199] Attempt to get parsing info during refresh. "On-the-fly" syntax checking information may be incorrect. [C:\CSEE4280\GRP2ADD\FinalProject\MemVga\MemVga.srcs\sources_1\new\Control_And_Start.v:]
WARNING: [filemgmt 56-199] Attempt to get parsing info during refresh. "On-the-fly" syntax checking information may be incorrect. [C:\CSEE4280\GRP2ADD\FinalProject\MemVga\MemVga.srcs\sources_1\imports\FinalProject\Mem\final_project\final_project.srcs\sources_1\new\Memory.sv:]
WARNING: [filemgmt 56-199] Attempt to get parsing info during refresh. "On-the-fly" syntax checking information may be incorrect. [C:\CSEE4280\GRP2ADD\FinalProject\MemVga\MemVga.srcs\sources_1\imports\FinalProject\VGAOutput\VGAOutput.srcs\sources_1\new\frame_counter.sv:]
WARNING: [filemgmt 56-199] Attempt to get parsing info during refresh. "On-the-fly" syntax checking information may be incorrect. [C:\CSEE4280\GRP2ADD\FinalProject\MemVga\MemVga.srcs\sources_1\imports\FinalProject\VGAOutput\VGAOutput.srcs\sources_1\new\frame_counter.sv:]
WARNING: [filemgmt 56-199] Attempt to get parsing info during refresh. "On-the-fly" syntax checking information may be incorrect. [C:\CSEE4280\GRP2ADD\FinalProject\MemVga\MemVga.srcs\sim_1\new\Start_Control_tb.v:]
WARNING: [filemgmt 56-199] Attempt to get parsing info during refresh. "On-the-fly" syntax checking information may be incorrect. [C:\CSEE4280\GRP2ADD\FinalProject\MemVga\MemVga.srcs\sources_1\new\Frame_Select_Control.v:]
WARNING: [filemgmt 56-199] Attempt to get parsing info during refresh. "On-the-fly" syntax checking information may be incorrect. [C:\CSEE4280\GRP2ADD\FinalProject\MemVga\MemVga.srcs\sources_1\new\Top.sv:]
WARNING: [filemgmt 56-199] Attempt to get parsing info during refresh. "On-the-fly" syntax checking information may be incorrect. [C:\CSEE4280\GRP2ADD\FinalProject\MemVga\MemVga.srcs\sources_1\imports\FinalProject\VGAOutput\VGAOutput.srcs\sources_1\new\frame_counter.sv:]
WARNING: [filemgmt 56-199] Attempt to get parsing info during refresh. "On-the-fly" syntax checking information may be incorrect. [C:\CSEE4280\GRP2ADD\FinalProject\Processing\Processing.srcs\sources_1\new\Start_Control.v:]
WARNING: [filemgmt 56-199] Attempt to get parsing info during refresh. "On-the-fly" syntax checking information may be incorrect. [C:\CSEE4280\GRP2ADD\FinalProject\MemVga\MemVga.srcs\sources_1\imports\FinalProject\Mem\final_project\final_project.srcs\sources_1\new\DualPort.sv:]
WARNING: [filemgmt 56-199] Attempt to get parsing info during refresh. "On-the-fly" syntax checking information may be incorrect. [C:\CSEE4280\GRP2ADD\FinalProject\MemVga\MemVga.srcs\sources_1\new\Start_Control.v:]
WARNING: [filemgmt 56-199] Attempt to get parsing info during refresh. "On-the-fly" syntax checking information may be incorrect. [C:\CSEE4280\GRP2ADD\FinalProject\Processing\Processing.srcs\sources_1\new\Auto_Control.v:]
WARNING: [filemgmt 56-199] Attempt to get parsing info during refresh. "On-the-fly" syntax checking information may be incorrect. [C:\CSEE4280\GRP2ADD\FinalProject\MemVga\MemVga.srcs\sources_1\new\Control_And_Start.v:]
WARNING: [filemgmt 56-199] Attempt to get parsing info during refresh. "On-the-fly" syntax checking information may be incorrect. [C:\CSEE4280\GRP2ADD\FinalProject\MemVga\MemVga.srcs\sources_1\imports\FinalProject\Mem\final_project\final_project.srcs\sources_1\new\Memory.sv:]
WARNING: [filemgmt 56-199] Attempt to get parsing info during refresh. "On-the-fly" syntax checking information may be incorrect. [C:\CSEE4280\GRP2ADD\FinalProject\MemVga\MemVga.srcs\sources_1\new\Frame_Select_Control.v:]
WARNING: [filemgmt 56-199] Attempt to get parsing info during refresh. "On-the-fly" syntax checking information may be incorrect. [C:\CSEE4280\GRP2ADD\FinalProject\MemVga\MemVga.srcs\sources_1\new\Frame_Select_Control.v:]
WARNING: [filemgmt 56-199] Attempt to get parsing info during refresh. "On-the-fly" syntax checking information may be incorrect. [C:\CSEE4280\GRP2ADD\FinalProject\MemVga\MemVga.srcs\sim_1\new\Start_Control_tb.v:]
WARNING: [filemgmt 56-199] Attempt to get parsing info during refresh. "On-the-fly" syntax checking information may be incorrect. [C:\CSEE4280\GRP2ADD\FinalProject\MemVga\MemVga.srcs\sources_1\new\Frame_Select_Control.v:]
WARNING: [filemgmt 56-199] Attempt to get parsing info during refresh. "On-the-fly" syntax checking information may be incorrect. [C:\CSEE4280\GRP2ADD\FinalProject\MemVga\MemVga.srcs\sources_1\new\Top.sv:]
WARNING: [filemgmt 56-199] Attempt to get parsing info during refresh. "On-the-fly" syntax checking information may be incorrect. [C:\CSEE4280\GRP2ADD\FinalProject\MemVga\MemVga.srcs\sources_1\imports\FinalProject\VGAOutput\VGAOutput.srcs\sources_1\new\frame_counter.sv:]
WARNING: [filemgmt 56-199] Attempt to get parsing info during refresh. "On-the-fly" syntax checking information may be incorrect. [C:\CSEE4280\GRP2ADD\FinalProject\Processing\Processing.srcs\sources_1\new\Start_Control.v:]
WARNING: [filemgmt 56-199] Attempt to get parsing info during refresh. "On-the-fly" syntax checking information may be incorrect. [C:\CSEE4280\GRP2ADD\FinalProject\MemVga\MemVga.srcs\sources_1\imports\FinalProject\Mem\final_project\final_project.srcs\sources_1\new\DualPort.sv:]
WARNING: [filemgmt 56-199] Attempt to get parsing info during refresh. "On-the-fly" syntax checking information may be incorrect. [C:\CSEE4280\GRP2ADD\FinalProject\MemVga\MemVga.srcs\sources_1\new\Start_Control.v:]
WARNING: [filemgmt 56-199] Attempt to get parsing info during refresh. "On-the-fly" syntax checking information may be incorrect. [C:\CSEE4280\GRP2ADD\FinalProject\Processing\Processing.srcs\sources_1\new\Auto_Control.v:]
WARNING: [filemgmt 56-199] Attempt to get parsing info during refresh. "On-the-fly" syntax checking information may be incorrect. [C:\CSEE4280\GRP2ADD\FinalProject\MemVga\MemVga.srcs\sources_1\new\Control_And_Start.v:]
WARNING: [filemgmt 56-199] Attempt to get parsing info during refresh. "On-the-fly" syntax checking information may be incorrect. [C:\CSEE4280\GRP2ADD\FinalProject\MemVga\MemVga.srcs\sources_1\imports\FinalProject\Mem\final_project\final_project.srcs\sources_1\new\Memory.sv:]
WARNING: [filemgmt 56-199] Attempt to get parsing info during refresh. "On-the-fly" syntax checking information may be incorrect. [C:\CSEE4280\GRP2ADD\FinalProject\MemVga\MemVga.srcs\sources_1\imports\FinalProject\Mem\final_project\final_project.srcs\sources_1\new\DualPort.sv:]
WARNING: [filemgmt 56-199] Attempt to get parsing info during refresh. "On-the-fly" syntax checking information may be incorrect. [C:\CSEE4280\GRP2ADD\FinalProject\MemVga\MemVga.srcs\sources_1\imports\FinalProject\Mem\final_project\final_project.srcs\sources_1\new\DualPort.sv:]
WARNING: [filemgmt 56-199] Attempt to get parsing info during refresh. "On-the-fly" syntax checking information may be incorrect. [C:\CSEE4280\GRP2ADD\FinalProject\MemVga\MemVga.srcs\sim_1\new\Start_Control_tb.v:]
WARNING: [filemgmt 56-199] Attempt to get parsing info during refresh. "On-the-fly" syntax checking information may be incorrect. [C:\CSEE4280\GRP2ADD\FinalProject\MemVga\MemVga.srcs\sources_1\new\Frame_Select_Control.v:]
WARNING: [filemgmt 56-199] Attempt to get parsing info during refresh. "On-the-fly" syntax checking information may be incorrect. [C:\CSEE4280\GRP2ADD\FinalProject\MemVga\MemVga.srcs\sources_1\new\Top.sv:]
WARNING: [filemgmt 56-199] Attempt to get parsing info during refresh. "On-the-fly" syntax checking information may be incorrect. [C:\CSEE4280\GRP2ADD\FinalProject\MemVga\MemVga.srcs\sources_1\imports\FinalProject\VGAOutput\VGAOutput.srcs\sources_1\new\frame_counter.sv:]
INFO: [Common 17-14] Message 'filemgmt 56-199' appears 100 times and further instances of the messages will be disabled. Use the Tcl command set_msg_config to change the current settings.
reset_run synth_1
INFO: [Project 1-1161] Replacing file C:/CSEE4280/GRP2ADD/FinalProject/MemVga/MemVga.srcs/utils_1/imports/synth_1/Top.dcp with file C:/CSEE4280/GRP2ADD/FinalProject/MemVga/MemVga.runs/synth_1/Top.dcp
WARNING: [Vivado 12-1017] Problems encountered:
1. Failed to delete one or more files in run directory C:/CSEE4280/GRP2ADD/FinalProject/MemVga/MemVga.runs/synth_1

launch_runs impl_1 -to_step write_bitstream -jobs 12
[Thu Apr 24 11:09:35 2025] Launched synth_1...
Run output will be captured here: C:/CSEE4280/GRP2ADD/FinalProject/MemVga/MemVga.runs/synth_1/runme.log
[Thu Apr 24 11:09:35 2025] Launched impl_1...
Run output will be captured here: C:/CSEE4280/GRP2ADD/FinalProject/MemVga/MemVga.runs/impl_1/runme.log
WARNING: [filemgmt 56-199] Attempt to get parsing info during refresh. "On-the-fly" syntax checking information may be incorrect. [C:\CSEE4280\GRP2ADD\FinalProject\MemVga\MemVga.srcs\sim_1\new\Start_Control_tb.v:]
WARNING: [filemgmt 56-199] Attempt to get parsing info during refresh. "On-the-fly" syntax checking information may be incorrect. [C:\CSEE4280\GRP2ADD\FinalProject\MemVga\MemVga.srcs\sources_1\new\Frame_Select_Control.v:]
WARNING: [filemgmt 56-199] Attempt to get parsing info during refresh. "On-the-fly" syntax checking information may be incorrect. [C:\CSEE4280\GRP2ADD\FinalProject\MemVga\MemVga.srcs\sources_1\new\Top.sv:]
WARNING: [filemgmt 56-199] Attempt to get parsing info during refresh. "On-the-fly" syntax checking information may be incorrect. [C:\CSEE4280\GRP2ADD\FinalProject\MemVga\MemVga.srcs\sources_1\imports\FinalProject\VGAOutput\VGAOutput.srcs\sources_1\new\frame_counter.sv:]
WARNING: [filemgmt 56-199] Attempt to get parsing info during refresh. "On-the-fly" syntax checking information may be incorrect. [C:\CSEE4280\GRP2ADD\FinalProject\Processing\Processing.srcs\sources_1\new\Start_Control.v:]
WARNING: [filemgmt 56-199] Attempt to get parsing info during refresh. "On-the-fly" syntax checking information may be incorrect. [C:\CSEE4280\GRP2ADD\FinalProject\MemVga\MemVga.srcs\sources_1\imports\FinalProject\Mem\final_project\final_project.srcs\sources_1\new\DualPort.sv:]
WARNING: [filemgmt 56-199] Attempt to get parsing info during refresh. "On-the-fly" syntax checking information may be incorrect. [C:\CSEE4280\GRP2ADD\FinalProject\MemVga\MemVga.srcs\sources_1\new\Start_Control.v:]
WARNING: [filemgmt 56-199] Attempt to get parsing info during refresh. "On-the-fly" syntax checking information may be incorrect. [C:\CSEE4280\GRP2ADD\FinalProject\Processing\Processing.srcs\sources_1\new\Auto_Control.v:]
WARNING: [filemgmt 56-199] Attempt to get parsing info during refresh. "On-the-fly" syntax checking information may be incorrect. [C:\CSEE4280\GRP2ADD\FinalProject\MemVga\MemVga.srcs\sources_1\new\Control_And_Start.v:]
WARNING: [filemgmt 56-199] Attempt to get parsing info during refresh. "On-the-fly" syntax checking information may be incorrect. [C:\CSEE4280\GRP2ADD\FinalProject\MemVga\MemVga.srcs\sources_1\imports\FinalProject\Mem\final_project\final_project.srcs\sources_1\new\Memory.sv:]
WARNING: [filemgmt 56-199] Attempt to get parsing info during refresh. "On-the-fly" syntax checking information may be incorrect. [C:\CSEE4280\GRP2ADD\FinalProject\Processing\Processing.srcs\sources_1\new\Start_Control.v:]
WARNING: [filemgmt 56-199] Attempt to get parsing info during refresh. "On-the-fly" syntax checking information may be incorrect. [C:\CSEE4280\GRP2ADD\FinalProject\Processing\Processing.srcs\sources_1\new\Start_Control.v:]
WARNING: [filemgmt 56-199] Attempt to get parsing info during refresh. "On-the-fly" syntax checking information may be incorrect. [C:\CSEE4280\GRP2ADD\FinalProject\MemVga\MemVga.srcs\sim_1\new\Start_Control_tb.v:]
WARNING: [filemgmt 56-199] Attempt to get parsing info during refresh. "On-the-fly" syntax checking information may be incorrect. [C:\CSEE4280\GRP2ADD\FinalProject\MemVga\MemVga.srcs\sources_1\new\Frame_Select_Control.v:]
WARNING: [filemgmt 56-199] Attempt to get parsing info during refresh. "On-the-fly" syntax checking information may be incorrect. [C:\CSEE4280\GRP2ADD\FinalProject\MemVga\MemVga.srcs\sources_1\new\Top.sv:]
WARNING: [filemgmt 56-199] Attempt to get parsing info during refresh. "On-the-fly" syntax checking information may be incorrect. [C:\CSEE4280\GRP2ADD\FinalProject\MemVga\MemVga.srcs\sources_1\imports\FinalProject\VGAOutput\VGAOutput.srcs\sources_1\new\frame_counter.sv:]
WARNING: [filemgmt 56-199] Attempt to get parsing info during refresh. "On-the-fly" syntax checking information may be incorrect. [C:\CSEE4280\GRP2ADD\FinalProject\Processing\Processing.srcs\sources_1\new\Start_Control.v:]
WARNING: [filemgmt 56-199] Attempt to get parsing info during refresh. "On-the-fly" syntax checking information may be incorrect. [C:\CSEE4280\GRP2ADD\FinalProject\MemVga\MemVga.srcs\sources_1\imports\FinalProject\Mem\final_project\final_project.srcs\sources_1\new\DualPort.sv:]
WARNING: [filemgmt 56-199] Attempt to get parsing info during refresh. "On-the-fly" syntax checking information may be incorrect. [C:\CSEE4280\GRP2ADD\FinalProject\MemVga\MemVga.srcs\sources_1\new\Start_Control.v:]
WARNING: [filemgmt 56-199] Attempt to get parsing info during refresh. "On-the-fly" syntax checking information may be incorrect. [C:\CSEE4280\GRP2ADD\FinalProject\Processing\Processing.srcs\sources_1\new\Auto_Control.v:]
WARNING: [filemgmt 56-199] Attempt to get parsing info during refresh. "On-the-fly" syntax checking information may be incorrect. [C:\CSEE4280\GRP2ADD\FinalProject\MemVga\MemVga.srcs\sources_1\new\Control_And_Start.v:]
WARNING: [filemgmt 56-199] Attempt to get parsing info during refresh. "On-the-fly" syntax checking information may be incorrect. [C:\CSEE4280\GRP2ADD\FinalProject\MemVga\MemVga.srcs\sources_1\imports\FinalProject\Mem\final_project\final_project.srcs\sources_1\new\Memory.sv:]
WARNING: [filemgmt 56-199] Attempt to get parsing info during refresh. "On-the-fly" syntax checking information may be incorrect. [C:\CSEE4280\GRP2ADD\FinalProject\Processing\Processing.srcs\sources_1\new\Auto_Control.v:]
WARNING: [filemgmt 56-199] Attempt to get parsing info during refresh. "On-the-fly" syntax checking information may be incorrect. [C:\CSEE4280\GRP2ADD\FinalProject\Processing\Processing.srcs\sources_1\new\Auto_Control.v:]
WARNING: [filemgmt 56-199] Attempt to get parsing info during refresh. "On-the-fly" syntax checking information may be incorrect. [C:\CSEE4280\GRP2ADD\FinalProject\MemVga\MemVga.srcs\sim_1\new\Start_Control_tb.v:]
WARNING: [filemgmt 56-199] Attempt to get parsing info during refresh. "On-the-fly" syntax checking information may be incorrect. [C:\CSEE4280\GRP2ADD\FinalProject\MemVga\MemVga.srcs\sources_1\new\Frame_Select_Control.v:]
WARNING: [filemgmt 56-199] Attempt to get parsing info during refresh. "On-the-fly" syntax checking information may be incorrect. [C:\CSEE4280\GRP2ADD\FinalProject\MemVga\MemVga.srcs\sources_1\new\Top.sv:]
WARNING: [filemgmt 56-199] Attempt to get parsing info during refresh. "On-the-fly" syntax checking information may be incorrect. [C:\CSEE4280\GRP2ADD\FinalProject\MemVga\MemVga.srcs\sources_1\imports\FinalProject\VGAOutput\VGAOutput.srcs\sources_1\new\frame_counter.sv:]
WARNING: [filemgmt 56-199] Attempt to get parsing info during refresh. "On-the-fly" syntax checking information may be incorrect. [C:\CSEE4280\GRP2ADD\FinalProject\Processing\Processing.srcs\sources_1\new\Start_Control.v:]
WARNING: [filemgmt 56-199] Attempt to get parsing info during refresh. "On-the-fly" syntax checking information may be incorrect. [C:\CSEE4280\GRP2ADD\FinalProject\MemVga\MemVga.srcs\sources_1\imports\FinalProject\Mem\final_project\final_project.srcs\sources_1\new\DualPort.sv:]
WARNING: [filemgmt 56-199] Attempt to get parsing info during refresh. "On-the-fly" syntax checking information may be incorrect. [C:\CSEE4280\GRP2ADD\FinalProject\MemVga\MemVga.srcs\sources_1\new\Start_Control.v:]
WARNING: [filemgmt 56-199] Attempt to get parsing info during refresh. "On-the-fly" syntax checking information may be incorrect. [C:\CSEE4280\GRP2ADD\FinalProject\Processing\Processing.srcs\sources_1\new\Auto_Control.v:]
WARNING: [filemgmt 56-199] Attempt to get parsing info during refresh. "On-the-fly" syntax checking information may be incorrect. [C:\CSEE4280\GRP2ADD\FinalProject\MemVga\MemVga.srcs\sources_1\new\Control_And_Start.v:]
WARNING: [filemgmt 56-199] Attempt to get parsing info during refresh. "On-the-fly" syntax checking information may be incorrect. [C:\CSEE4280\GRP2ADD\FinalProject\MemVga\MemVga.srcs\sources_1\imports\FinalProject\Mem\final_project\final_project.srcs\sources_1\new\Memory.sv:]
WARNING: [filemgmt 56-199] Attempt to get parsing info during refresh. "On-the-fly" syntax checking information may be incorrect. [C:\CSEE4280\GRP2ADD\FinalProject\MemVga\MemVga.srcs\sources_1\new\Top.sv:]
WARNING: [filemgmt 56-199] Attempt to get parsing info during refresh. "On-the-fly" syntax checking information may be incorrect. [C:\CSEE4280\GRP2ADD\FinalProject\MemVga\MemVga.srcs\sources_1\new\Top.sv:]
WARNING: [filemgmt 56-199] Attempt to get parsing info during refresh. "On-the-fly" syntax checking information may be incorrect. [C:\CSEE4280\GRP2ADD\FinalProject\MemVga\MemVga.srcs\sim_1\new\Start_Control_tb.v:]
WARNING: [filemgmt 56-199] Attempt to get parsing info during refresh. "On-the-fly" syntax checking information may be incorrect. [C:\CSEE4280\GRP2ADD\FinalProject\MemVga\MemVga.srcs\sources_1\new\Frame_Select_Control.v:]
WARNING: [filemgmt 56-199] Attempt to get parsing info during refresh. "On-the-fly" syntax checking information may be incorrect. [C:\CSEE4280\GRP2ADD\FinalProject\MemVga\MemVga.srcs\sources_1\new\Top.sv:]
WARNING: [filemgmt 56-199] Attempt to get parsing info during refresh. "On-the-fly" syntax checking information may be incorrect. [C:\CSEE4280\GRP2ADD\FinalProject\MemVga\MemVga.srcs\sources_1\imports\FinalProject\VGAOutput\VGAOutput.srcs\sources_1\new\frame_counter.sv:]
WARNING: [filemgmt 56-199] Attempt to get parsing info during refresh. "On-the-fly" syntax checking information may be incorrect. [C:\CSEE4280\GRP2ADD\FinalProject\Processing\Processing.srcs\sources_1\new\Start_Control.v:]
WARNING: [filemgmt 56-199] Attempt to get parsing info during refresh. "On-the-fly" syntax checking information may be incorrect. [C:\CSEE4280\GRP2ADD\FinalProject\MemVga\MemVga.srcs\sources_1\imports\FinalProject\Mem\final_project\final_project.srcs\sources_1\new\DualPort.sv:]
WARNING: [filemgmt 56-199] Attempt to get parsing info during refresh. "On-the-fly" syntax checking information may be incorrect. [C:\CSEE4280\GRP2ADD\FinalProject\MemVga\MemVga.srcs\sources_1\new\Start_Control.v:]
WARNING: [filemgmt 56-199] Attempt to get parsing info during refresh. "On-the-fly" syntax checking information may be incorrect. [C:\CSEE4280\GRP2ADD\FinalProject\Processing\Processing.srcs\sources_1\new\Auto_Control.v:]
WARNING: [filemgmt 56-199] Attempt to get parsing info during refresh. "On-the-fly" syntax checking information may be incorrect. [C:\CSEE4280\GRP2ADD\FinalProject\MemVga\MemVga.srcs\sources_1\new\Control_And_Start.v:]
WARNING: [filemgmt 56-199] Attempt to get parsing info during refresh. "On-the-fly" syntax checking information may be incorrect. [C:\CSEE4280\GRP2ADD\FinalProject\MemVga\MemVga.srcs\sources_1\imports\FinalProject\Mem\final_project\final_project.srcs\sources_1\new\Memory.sv:]
WARNING: [filemgmt 56-199] Attempt to get parsing info during refresh. "On-the-fly" syntax checking information may be incorrect. [C:\CSEE4280\GRP2ADD\FinalProject\MemVga\MemVga.srcs\sources_1\imports\FinalProject\Mem\final_project\final_project.srcs\sources_1\new\DualPort.sv:]
WARNING: [filemgmt 56-199] Attempt to get parsing info during refresh. "On-the-fly" syntax checking information may be incorrect. [C:\CSEE4280\GRP2ADD\FinalProject\MemVga\MemVga.srcs\sources_1\imports\FinalProject\Mem\final_project\final_project.srcs\sources_1\new\DualPort.sv:]
WARNING: [filemgmt 56-199] Attempt to get parsing info during refresh. "On-the-fly" syntax checking information may be incorrect. [C:\CSEE4280\GRP2ADD\FinalProject\MemVga\MemVga.srcs\sim_1\new\Start_Control_tb.v:]
WARNING: [filemgmt 56-199] Attempt to get parsing info during refresh. "On-the-fly" syntax checking information may be incorrect. [C:\CSEE4280\GRP2ADD\FinalProject\MemVga\MemVga.srcs\sources_1\new\Frame_Select_Control.v:]
WARNING: [filemgmt 56-199] Attempt to get parsing info during refresh. "On-the-fly" syntax checking information may be incorrect. [C:\CSEE4280\GRP2ADD\FinalProject\MemVga\MemVga.srcs\sources_1\new\Top.sv:]
WARNING: [filemgmt 56-199] Attempt to get parsing info during refresh. "On-the-fly" syntax checking information may be incorrect. [C:\CSEE4280\GRP2ADD\FinalProject\MemVga\MemVga.srcs\sources_1\imports\FinalProject\VGAOutput\VGAOutput.srcs\sources_1\new\frame_counter.sv:]
WARNING: [filemgmt 56-199] Attempt to get parsing info during refresh. "On-the-fly" syntax checking information may be incorrect. [C:\CSEE4280\GRP2ADD\FinalProject\Processing\Processing.srcs\sources_1\new\Start_Control.v:]
WARNING: [filemgmt 56-199] Attempt to get parsing info during refresh. "On-the-fly" syntax checking information may be incorrect. [C:\CSEE4280\GRP2ADD\FinalProject\MemVga\MemVga.srcs\sources_1\imports\FinalProject\Mem\final_project\final_project.srcs\sources_1\new\DualPort.sv:]
WARNING: [filemgmt 56-199] Attempt to get parsing info during refresh. "On-the-fly" syntax checking information may be incorrect. [C:\CSEE4280\GRP2ADD\FinalProject\MemVga\MemVga.srcs\sources_1\new\Start_Control.v:]
WARNING: [filemgmt 56-199] Attempt to get parsing info during refresh. "On-the-fly" syntax checking information may be incorrect. [C:\CSEE4280\GRP2ADD\FinalProject\Processing\Processing.srcs\sources_1\new\Auto_Control.v:]
WARNING: [filemgmt 56-199] Attempt to get parsing info during refresh. "On-the-fly" syntax checking information may be incorrect. [C:\CSEE4280\GRP2ADD\FinalProject\MemVga\MemVga.srcs\sources_1\new\Control_And_Start.v:]
WARNING: [filemgmt 56-199] Attempt to get parsing info during refresh. "On-the-fly" syntax checking information may be incorrect. [C:\CSEE4280\GRP2ADD\FinalProject\MemVga\MemVga.srcs\sources_1\imports\FinalProject\Mem\final_project\final_project.srcs\sources_1\new\Memory.sv:]
WARNING: [filemgmt 56-199] Attempt to get parsing info during refresh. "On-the-fly" syntax checking information may be incorrect. [C:\CSEE4280\GRP2ADD\FinalProject\MemVga\MemVga.srcs\sources_1\imports\FinalProject\Mem\final_project\final_project.srcs\sources_1\new\Memory.sv:]
WARNING: [filemgmt 56-199] Attempt to get parsing info during refresh. "On-the-fly" syntax checking information may be incorrect. [C:\CSEE4280\GRP2ADD\FinalProject\MemVga\MemVga.srcs\sources_1\imports\FinalProject\Mem\final_project\final_project.srcs\sources_1\new\Memory.sv:]
WARNING: [filemgmt 56-199] Attempt to get parsing info during refresh. "On-the-fly" syntax checking information may be incorrect. [C:\CSEE4280\GRP2ADD\FinalProject\MemVga\MemVga.srcs\sim_1\new\Start_Control_tb.v:]
WARNING: [filemgmt 56-199] Attempt to get parsing info during refresh. "On-the-fly" syntax checking information may be incorrect. [C:\CSEE4280\GRP2ADD\FinalProject\MemVga\MemVga.srcs\sources_1\new\Frame_Select_Control.v:]
WARNING: [filemgmt 56-199] Attempt to get parsing info during refresh. "On-the-fly" syntax checking information may be incorrect. [C:\CSEE4280\GRP2ADD\FinalProject\MemVga\MemVga.srcs\sources_1\new\Top.sv:]
WARNING: [filemgmt 56-199] Attempt to get parsing info during refresh. "On-the-fly" syntax checking information may be incorrect. [C:\CSEE4280\GRP2ADD\FinalProject\MemVga\MemVga.srcs\sources_1\imports\FinalProject\VGAOutput\VGAOutput.srcs\sources_1\new\frame_counter.sv:]
WARNING: [filemgmt 56-199] Attempt to get parsing info during refresh. "On-the-fly" syntax checking information may be incorrect. [C:\CSEE4280\GRP2ADD\FinalProject\Processing\Processing.srcs\sources_1\new\Start_Control.v:]
WARNING: [filemgmt 56-199] Attempt to get parsing info during refresh. "On-the-fly" syntax checking information may be incorrect. [C:\CSEE4280\GRP2ADD\FinalProject\MemVga\MemVga.srcs\sources_1\imports\FinalProject\Mem\final_project\final_project.srcs\sources_1\new\DualPort.sv:]
WARNING: [filemgmt 56-199] Attempt to get parsing info during refresh. "On-the-fly" syntax checking information may be incorrect. [C:\CSEE4280\GRP2ADD\FinalProject\MemVga\MemVga.srcs\sources_1\new\Start_Control.v:]
WARNING: [filemgmt 56-199] Attempt to get parsing info during refresh. "On-the-fly" syntax checking information may be incorrect. [C:\CSEE4280\GRP2ADD\FinalProject\Processing\Processing.srcs\sources_1\new\Auto_Control.v:]
WARNING: [filemgmt 56-199] Attempt to get parsing info during refresh. "On-the-fly" syntax checking information may be incorrect. [C:\CSEE4280\GRP2ADD\FinalProject\MemVga\MemVga.srcs\sources_1\new\Control_And_Start.v:]
WARNING: [filemgmt 56-199] Attempt to get parsing info during refresh. "On-the-fly" syntax checking information may be incorrect. [C:\CSEE4280\GRP2ADD\FinalProject\MemVga\MemVga.srcs\sources_1\imports\FinalProject\Mem\final_project\final_project.srcs\sources_1\new\Memory.sv:]
WARNING: [filemgmt 56-199] Attempt to get parsing info during refresh. "On-the-fly" syntax checking information may be incorrect. [C:\CSEE4280\GRP2ADD\FinalProject\MemVga\MemVga.srcs\sources_1\new\Control_And_Start.v:]
WARNING: [filemgmt 56-199] Attempt to get parsing info during refresh. "On-the-fly" syntax checking information may be incorrect. [C:\CSEE4280\GRP2ADD\FinalProject\MemVga\MemVga.srcs\sources_1\new\Control_And_Start.v:]
WARNING: [filemgmt 56-199] Attempt to get parsing info during refresh. "On-the-fly" syntax checking information may be incorrect. [C:\CSEE4280\GRP2ADD\FinalProject\MemVga\MemVga.srcs\sim_1\new\Start_Control_tb.v:]
WARNING: [filemgmt 56-199] Attempt to get parsing info during refresh. "On-the-fly" syntax checking information may be incorrect. [C:\CSEE4280\GRP2ADD\FinalProject\MemVga\MemVga.srcs\sources_1\new\Frame_Select_Control.v:]
WARNING: [filemgmt 56-199] Attempt to get parsing info during refresh. "On-the-fly" syntax checking information may be incorrect. [C:\CSEE4280\GRP2ADD\FinalProject\MemVga\MemVga.srcs\sources_1\new\Top.sv:]
WARNING: [filemgmt 56-199] Attempt to get parsing info during refresh. "On-the-fly" syntax checking information may be incorrect. [C:\CSEE4280\GRP2ADD\FinalProject\MemVga\MemVga.srcs\sources_1\imports\FinalProject\VGAOutput\VGAOutput.srcs\sources_1\new\frame_counter.sv:]
WARNING: [filemgmt 56-199] Attempt to get parsing info during refresh. "On-the-fly" syntax checking information may be incorrect. [C:\CSEE4280\GRP2ADD\FinalProject\Processing\Processing.srcs\sources_1\new\Start_Control.v:]
WARNING: [filemgmt 56-199] Attempt to get parsing info during refresh. "On-the-fly" syntax checking information may be incorrect. [C:\CSEE4280\GRP2ADD\FinalProject\MemVga\MemVga.srcs\sources_1\imports\FinalProject\Mem\final_project\final_project.srcs\sources_1\new\DualPort.sv:]
WARNING: [filemgmt 56-199] Attempt to get parsing info during refresh. "On-the-fly" syntax checking information may be incorrect. [C:\CSEE4280\GRP2ADD\FinalProject\MemVga\MemVga.srcs\sources_1\new\Start_Control.v:]
WARNING: [filemgmt 56-199] Attempt to get parsing info during refresh. "On-the-fly" syntax checking information may be incorrect. [C:\CSEE4280\GRP2ADD\FinalProject\Processing\Processing.srcs\sources_1\new\Auto_Control.v:]
WARNING: [filemgmt 56-199] Attempt to get parsing info during refresh. "On-the-fly" syntax checking information may be incorrect. [C:\CSEE4280\GRP2ADD\FinalProject\MemVga\MemVga.srcs\sources_1\new\Control_And_Start.v:]
WARNING: [filemgmt 56-199] Attempt to get parsing info during refresh. "On-the-fly" syntax checking information may be incorrect. [C:\CSEE4280\GRP2ADD\FinalProject\MemVga\MemVga.srcs\sources_1\imports\FinalProject\Mem\final_project\final_project.srcs\sources_1\new\Memory.sv:]
WARNING: [filemgmt 56-199] Attempt to get parsing info during refresh. "On-the-fly" syntax checking information may be incorrect. [C:\CSEE4280\GRP2ADD\FinalProject\MemVga\MemVga.srcs\sim_1\new\Start_Control_tb.v:]
WARNING: [filemgmt 56-199] Attempt to get parsing info during refresh. "On-the-fly" syntax checking information may be incorrect. [C:\CSEE4280\GRP2ADD\FinalProject\MemVga\MemVga.srcs\sim_1\new\Start_Control_tb.v:]
WARNING: [filemgmt 56-199] Attempt to get parsing info during refresh. "On-the-fly" syntax checking information may be incorrect. [C:\CSEE4280\GRP2ADD\FinalProject\MemVga\MemVga.srcs\sim_1\new\Start_Control_tb.v:]
WARNING: [filemgmt 56-199] Attempt to get parsing info during refresh. "On-the-fly" syntax checking information may be incorrect. [C:\CSEE4280\GRP2ADD\FinalProject\MemVga\MemVga.srcs\sources_1\new\Frame_Select_Control.v:]
WARNING: [filemgmt 56-199] Attempt to get parsing info during refresh. "On-the-fly" syntax checking information may be incorrect. [C:\CSEE4280\GRP2ADD\FinalProject\MemVga\MemVga.srcs\sources_1\new\Top.sv:]
WARNING: [filemgmt 56-199] Attempt to get parsing info during refresh. "On-the-fly" syntax checking information may be incorrect. [C:\CSEE4280\GRP2ADD\FinalProject\MemVga\MemVga.srcs\sources_1\imports\FinalProject\VGAOutput\VGAOutput.srcs\sources_1\new\frame_counter.sv:]
WARNING: [filemgmt 56-199] Attempt to get parsing info during refresh. "On-the-fly" syntax checking information may be incorrect. [C:\CSEE4280\GRP2ADD\FinalProject\Processing\Processing.srcs\sources_1\new\Start_Control.v:]
WARNING: [filemgmt 56-199] Attempt to get parsing info during refresh. "On-the-fly" syntax checking information may be incorrect. [C:\CSEE4280\GRP2ADD\FinalProject\MemVga\MemVga.srcs\sources_1\imports\FinalProject\Mem\final_project\final_project.srcs\sources_1\new\DualPort.sv:]
WARNING: [filemgmt 56-199] Attempt to get parsing info during refresh. "On-the-fly" syntax checking information may be incorrect. [C:\CSEE4280\GRP2ADD\FinalProject\MemVga\MemVga.srcs\sources_1\new\Start_Control.v:]
WARNING: [filemgmt 56-199] Attempt to get parsing info during refresh. "On-the-fly" syntax checking information may be incorrect. [C:\CSEE4280\GRP2ADD\FinalProject\Processing\Processing.srcs\sources_1\new\Auto_Control.v:]
WARNING: [filemgmt 56-199] Attempt to get parsing info during refresh. "On-the-fly" syntax checking information may be incorrect. [C:\CSEE4280\GRP2ADD\FinalProject\MemVga\MemVga.srcs\sources_1\new\Control_And_Start.v:]
WARNING: [filemgmt 56-199] Attempt to get parsing info during refresh. "On-the-fly" syntax checking information may be incorrect. [C:\CSEE4280\GRP2ADD\FinalProject\MemVga\MemVga.srcs\sources_1\imports\FinalProject\Mem\final_project\final_project.srcs\sources_1\new\Memory.sv:]
WARNING: [filemgmt 56-199] Attempt to get parsing info during refresh. "On-the-fly" syntax checking information may be incorrect. [C:\CSEE4280\GRP2ADD\FinalProject\MemVga\MemVga.srcs\sources_1\new\Frame_Select_Control.v:]
WARNING: [filemgmt 56-199] Attempt to get parsing info during refresh. "On-the-fly" syntax checking information may be incorrect. [C:\CSEE4280\GRP2ADD\FinalProject\MemVga\MemVga.srcs\sources_1\new\Frame_Select_Control.v:]
WARNING: [filemgmt 56-199] Attempt to get parsing info during refresh. "On-the-fly" syntax checking information may be incorrect. [C:\CSEE4280\GRP2ADD\FinalProject\MemVga\MemVga.srcs\sim_1\new\Start_Control_tb.v:]
WARNING: [filemgmt 56-199] Attempt to get parsing info during refresh. "On-the-fly" syntax checking information may be incorrect. [C:\CSEE4280\GRP2ADD\FinalProject\MemVga\MemVga.srcs\sources_1\new\Frame_Select_Control.v:]
WARNING: [filemgmt 56-199] Attempt to get parsing info during refresh. "On-the-fly" syntax checking information may be incorrect. [C:\CSEE4280\GRP2ADD\FinalProject\MemVga\MemVga.srcs\sources_1\new\Top.sv:]
WARNING: [filemgmt 56-199] Attempt to get parsing info during refresh. "On-the-fly" syntax checking information may be incorrect. [C:\CSEE4280\GRP2ADD\FinalProject\MemVga\MemVga.srcs\sources_1\imports\FinalProject\VGAOutput\VGAOutput.srcs\sources_1\new\frame_counter.sv:]
WARNING: [filemgmt 56-199] Attempt to get parsing info during refresh. "On-the-fly" syntax checking information may be incorrect. [C:\CSEE4280\GRP2ADD\FinalProject\Processing\Processing.srcs\sources_1\new\Start_Control.v:]
WARNING: [filemgmt 56-199] Attempt to get parsing info during refresh. "On-the-fly" syntax checking information may be incorrect. [C:\CSEE4280\GRP2ADD\FinalProject\MemVga\MemVga.srcs\sources_1\imports\FinalProject\Mem\final_project\final_project.srcs\sources_1\new\DualPort.sv:]
WARNING: [filemgmt 56-199] Attempt to get parsing info during refresh. "On-the-fly" syntax checking information may be incorrect. [C:\CSEE4280\GRP2ADD\FinalProject\MemVga\MemVga.srcs\sources_1\new\Start_Control.v:]
WARNING: [filemgmt 56-199] Attempt to get parsing info during refresh. "On-the-fly" syntax checking information may be incorrect. [C:\CSEE4280\GRP2ADD\FinalProject\Processing\Processing.srcs\sources_1\new\Auto_Control.v:]
WARNING: [filemgmt 56-199] Attempt to get parsing info during refresh. "On-the-fly" syntax checking information may be incorrect. [C:\CSEE4280\GRP2ADD\FinalProject\MemVga\MemVga.srcs\sources_1\new\Control_And_Start.v:]
WARNING: [filemgmt 56-199] Attempt to get parsing info during refresh. "On-the-fly" syntax checking information may be incorrect. [C:\CSEE4280\GRP2ADD\FinalProject\MemVga\MemVga.srcs\sources_1\imports\FinalProject\Mem\final_project\final_project.srcs\sources_1\new\Memory.sv:]
WARNING: [filemgmt 56-199] Attempt to get parsing info during refresh. "On-the-fly" syntax checking information may be incorrect. [C:\CSEE4280\GRP2ADD\FinalProject\Processing\Processing.srcs\sources_1\new\Start_Control.v:]
WARNING: [filemgmt 56-199] Attempt to get parsing info during refresh. "On-the-fly" syntax checking information may be incorrect. [C:\CSEE4280\GRP2ADD\FinalProject\Processing\Processing.srcs\sources_1\new\Start_Control.v:]
WARNING: [filemgmt 56-199] Attempt to get parsing info during refresh. "On-the-fly" syntax checking information may be incorrect. [C:\CSEE4280\GRP2ADD\FinalProject\MemVga\MemVga.srcs\sim_1\new\Start_Control_tb.v:]
WARNING: [filemgmt 56-199] Attempt to get parsing info during refresh. "On-the-fly" syntax checking information may be incorrect. [C:\CSEE4280\GRP2ADD\FinalProject\MemVga\MemVga.srcs\sources_1\new\Frame_Select_Control.v:]
WARNING: [filemgmt 56-199] Attempt to get parsing info during refresh. "On-the-fly" syntax checking information may be incorrect. [C:\CSEE4280\GRP2ADD\FinalProject\MemVga\MemVga.srcs\sources_1\new\Top.sv:]
WARNING: [filemgmt 56-199] Attempt to get parsing info during refresh. "On-the-fly" syntax checking information may be incorrect. [C:\CSEE4280\GRP2ADD\FinalProject\MemVga\MemVga.srcs\sources_1\imports\FinalProject\VGAOutput\VGAOutput.srcs\sources_1\new\frame_counter.sv:]
WARNING: [filemgmt 56-199] Attempt to get parsing info during refresh. "On-the-fly" syntax checking information may be incorrect. [C:\CSEE4280\GRP2ADD\FinalProject\Processing\Processing.srcs\sources_1\new\Start_Control.v:]
WARNING: [filemgmt 56-199] Attempt to get parsing info during refresh. "On-the-fly" syntax checking information may be incorrect. [C:\CSEE4280\GRP2ADD\FinalProject\MemVga\MemVga.srcs\sources_1\imports\FinalProject\Mem\final_project\final_project.srcs\sources_1\new\DualPort.sv:]
WARNING: [filemgmt 56-199] Attempt to get parsing info during refresh. "On-the-fly" syntax checking information may be incorrect. [C:\CSEE4280\GRP2ADD\FinalProject\MemVga\MemVga.srcs\sources_1\new\Start_Control.v:]
WARNING: [filemgmt 56-199] Attempt to get parsing info during refresh. "On-the-fly" syntax checking information may be incorrect. [C:\CSEE4280\GRP2ADD\FinalProject\Processing\Processing.srcs\sources_1\new\Auto_Control.v:]
WARNING: [filemgmt 56-199] Attempt to get parsing info during refresh. "On-the-fly" syntax checking information may be incorrect. [C:\CSEE4280\GRP2ADD\FinalProject\MemVga\MemVga.srcs\sources_1\new\Control_And_Start.v:]
WARNING: [filemgmt 56-199] Attempt to get parsing info during refresh. "On-the-fly" syntax checking information may be incorrect. [C:\CSEE4280\GRP2ADD\FinalProject\MemVga\MemVga.srcs\sources_1\imports\FinalProject\Mem\final_project\final_project.srcs\sources_1\new\Memory.sv:]
WARNING: [filemgmt 56-199] Attempt to get parsing info during refresh. "On-the-fly" syntax checking information may be incorrect. [C:\CSEE4280\GRP2ADD\FinalProject\MemVga\MemVga.srcs\sources_1\new\Frame_Select_Control.v:]
WARNING: [filemgmt 56-199] Attempt to get parsing info during refresh. "On-the-fly" syntax checking information may be incorrect. [C:\CSEE4280\GRP2ADD\FinalProject\MemVga\MemVga.srcs\sources_1\new\Frame_Select_Control.v:]
WARNING: [filemgmt 56-199] Attempt to get parsing info during refresh. "On-the-fly" syntax checking information may be incorrect. [C:\CSEE4280\GRP2ADD\FinalProject\MemVga\MemVga.srcs\sim_1\new\Start_Control_tb.v:]
WARNING: [filemgmt 56-199] Attempt to get parsing info during refresh. "On-the-fly" syntax checking information may be incorrect. [C:\CSEE4280\GRP2ADD\FinalProject\MemVga\MemVga.srcs\sources_1\new\Frame_Select_Control.v:]
WARNING: [filemgmt 56-199] Attempt to get parsing info during refresh. "On-the-fly" syntax checking information may be incorrect. [C:\CSEE4280\GRP2ADD\FinalProject\MemVga\MemVga.srcs\sources_1\new\Top.sv:]
WARNING: [filemgmt 56-199] Attempt to get parsing info during refresh. "On-the-fly" syntax checking information may be incorrect. [C:\CSEE4280\GRP2ADD\FinalProject\MemVga\MemVga.srcs\sources_1\imports\FinalProject\VGAOutput\VGAOutput.srcs\sources_1\new\frame_counter.sv:]
WARNING: [filemgmt 56-199] Attempt to get parsing info during refresh. "On-the-fly" syntax checking information may be incorrect. [C:\CSEE4280\GRP2ADD\FinalProject\Processing\Processing.srcs\sources_1\new\Start_Control.v:]
WARNING: [filemgmt 56-199] Attempt to get parsing info during refresh. "On-the-fly" syntax checking information may be incorrect. [C:\CSEE4280\GRP2ADD\FinalProject\MemVga\MemVga.srcs\sources_1\imports\FinalProject\Mem\final_project\final_project.srcs\sources_1\new\DualPort.sv:]
WARNING: [filemgmt 56-199] Attempt to get parsing info during refresh. "On-the-fly" syntax checking information may be incorrect. [C:\CSEE4280\GRP2ADD\FinalProject\MemVga\MemVga.srcs\sources_1\new\Start_Control.v:]
WARNING: [filemgmt 56-199] Attempt to get parsing info during refresh. "On-the-fly" syntax checking information may be incorrect. [C:\CSEE4280\GRP2ADD\FinalProject\Processing\Processing.srcs\sources_1\new\Auto_Control.v:]
WARNING: [filemgmt 56-199] Attempt to get parsing info during refresh. "On-the-fly" syntax checking information may be incorrect. [C:\CSEE4280\GRP2ADD\FinalProject\MemVga\MemVga.srcs\sources_1\new\Control_And_Start.v:]
WARNING: [filemgmt 56-199] Attempt to get parsing info during refresh. "On-the-fly" syntax checking information may be incorrect. [C:\CSEE4280\GRP2ADD\FinalProject\MemVga\MemVga.srcs\sources_1\imports\FinalProject\Mem\final_project\final_project.srcs\sources_1\new\Memory.sv:]
WARNING: [filemgmt 56-199] Attempt to get parsing info during refresh. "On-the-fly" syntax checking information may be incorrect. [C:\CSEE4280\GRP2ADD\FinalProject\MemVga\MemVga.srcs\sources_1\imports\FinalProject\Mem\final_project\final_project.srcs\sources_1\new\Memory.sv:]
WARNING: [filemgmt 56-199] Attempt to get parsing info during refresh. "On-the-fly" syntax checking information may be incorrect. [C:\CSEE4280\GRP2ADD\FinalProject\MemVga\MemVga.srcs\sources_1\imports\FinalProject\Mem\final_project\final_project.srcs\sources_1\new\Memory.sv:]
WARNING: [filemgmt 56-199] Attempt to get parsing info during refresh. "On-the-fly" syntax checking information may be incorrect. [C:\CSEE4280\GRP2ADD\FinalProject\MemVga\MemVga.srcs\sim_1\new\Start_Control_tb.v:]
WARNING: [filemgmt 56-199] Attempt to get parsing info during refresh. "On-the-fly" syntax checking information may be incorrect. [C:\CSEE4280\GRP2ADD\FinalProject\MemVga\MemVga.srcs\sources_1\new\Frame_Select_Control.v:]
WARNING: [filemgmt 56-199] Attempt to get parsing info during refresh. "On-the-fly" syntax checking information may be incorrect. [C:\CSEE4280\GRP2ADD\FinalProject\MemVga\MemVga.srcs\sources_1\new\Top.sv:]
WARNING: [filemgmt 56-199] Attempt to get parsing info during refresh. "On-the-fly" syntax checking information may be incorrect. [C:\CSEE4280\GRP2ADD\FinalProject\MemVga\MemVga.srcs\sources_1\imports\FinalProject\VGAOutput\VGAOutput.srcs\sources_1\new\frame_counter.sv:]
WARNING: [filemgmt 56-199] Attempt to get parsing info during refresh. "On-the-fly" syntax checking information may be incorrect. [C:\CSEE4280\GRP2ADD\FinalProject\Processing\Processing.srcs\sources_1\new\Start_Control.v:]
WARNING: [filemgmt 56-199] Attempt to get parsing info during refresh. "On-the-fly" syntax checking information may be incorrect. [C:\CSEE4280\GRP2ADD\FinalProject\MemVga\MemVga.srcs\sources_1\imports\FinalProject\Mem\final_project\final_project.srcs\sources_1\new\DualPort.sv:]
WARNING: [filemgmt 56-199] Attempt to get parsing info during refresh. "On-the-fly" syntax checking information may be incorrect. [C:\CSEE4280\GRP2ADD\FinalProject\MemVga\MemVga.srcs\sources_1\new\Start_Control.v:]
WARNING: [filemgmt 56-199] Attempt to get parsing info during refresh. "On-the-fly" syntax checking information may be incorrect. [C:\CSEE4280\GRP2ADD\FinalProject\Processing\Processing.srcs\sources_1\new\Auto_Control.v:]
WARNING: [filemgmt 56-199] Attempt to get parsing info during refresh. "On-the-fly" syntax checking information may be incorrect. [C:\CSEE4280\GRP2ADD\FinalProject\MemVga\MemVga.srcs\sources_1\new\Control_And_Start.v:]
WARNING: [filemgmt 56-199] Attempt to get parsing info during refresh. "On-the-fly" syntax checking information may be incorrect. [C:\CSEE4280\GRP2ADD\FinalProject\MemVga\MemVga.srcs\sources_1\imports\FinalProject\Mem\final_project\final_project.srcs\sources_1\new\Memory.sv:]
WARNING: [filemgmt 56-199] Attempt to get parsing info during refresh. "On-the-fly" syntax checking information may be incorrect. [C:\CSEE4280\GRP2ADD\FinalProject\MemVga\MemVga.srcs\sources_1\imports\FinalProject\Mem\final_project\final_project.srcs\sources_1\new\DualPort.sv:]
WARNING: [filemgmt 56-199] Attempt to get parsing info during refresh. "On-the-fly" syntax checking information may be incorrect. [C:\CSEE4280\GRP2ADD\FinalProject\MemVga\MemVga.srcs\sources_1\imports\FinalProject\Mem\final_project\final_project.srcs\sources_1\new\DualPort.sv:]
WARNING: [filemgmt 56-199] Attempt to get parsing info during refresh. "On-the-fly" syntax checking information may be incorrect. [C:\CSEE4280\GRP2ADD\FinalProject\MemVga\MemVga.srcs\sim_1\new\Start_Control_tb.v:]
WARNING: [filemgmt 56-199] Attempt to get parsing info during refresh. "On-the-fly" syntax checking information may be incorrect. [C:\CSEE4280\GRP2ADD\FinalProject\MemVga\MemVga.srcs\sources_1\new\Frame_Select_Control.v:]
WARNING: [filemgmt 56-199] Attempt to get parsing info during refresh. "On-the-fly" syntax checking information may be incorrect. [C:\CSEE4280\GRP2ADD\FinalProject\MemVga\MemVga.srcs\sources_1\new\Top.sv:]
WARNING: [filemgmt 56-199] Attempt to get parsing info during refresh. "On-the-fly" syntax checking information may be incorrect. [C:\CSEE4280\GRP2ADD\FinalProject\MemVga\MemVga.srcs\sources_1\imports\FinalProject\VGAOutput\VGAOutput.srcs\sources_1\new\frame_counter.sv:]
WARNING: [filemgmt 56-199] Attempt to get parsing info during refresh. "On-the-fly" syntax checking information may be incorrect. [C:\CSEE4280\GRP2ADD\FinalProject\Processing\Processing.srcs\sources_1\new\Start_Control.v:]
WARNING: [filemgmt 56-199] Attempt to get parsing info during refresh. "On-the-fly" syntax checking information may be incorrect. [C:\CSEE4280\GRP2ADD\FinalProject\MemVga\MemVga.srcs\sources_1\imports\FinalProject\Mem\final_project\final_project.srcs\sources_1\new\DualPort.sv:]
WARNING: [filemgmt 56-199] Attempt to get parsing info during refresh. "On-the-fly" syntax checking information may be incorrect. [C:\CSEE4280\GRP2ADD\FinalProject\MemVga\MemVga.srcs\sources_1\new\Start_Control.v:]
WARNING: [filemgmt 56-199] Attempt to get parsing info during refresh. "On-the-fly" syntax checking information may be incorrect. [C:\CSEE4280\GRP2ADD\FinalProject\Processing\Processing.srcs\sources_1\new\Auto_Control.v:]
WARNING: [filemgmt 56-199] Attempt to get parsing info during refresh. "On-the-fly" syntax checking information may be incorrect. [C:\CSEE4280\GRP2ADD\FinalProject\MemVga\MemVga.srcs\sources_1\new\Control_And_Start.v:]
WARNING: [filemgmt 56-199] Attempt to get parsing info during refresh. "On-the-fly" syntax checking information may be incorrect. [C:\CSEE4280\GRP2ADD\FinalProject\MemVga\MemVga.srcs\sources_1\imports\FinalProject\Mem\final_project\final_project.srcs\sources_1\new\Memory.sv:]
WARNING: [filemgmt 56-199] Attempt to get parsing info during refresh. "On-the-fly" syntax checking information may be incorrect. [C:\CSEE4280\GRP2ADD\FinalProject\MemVga\MemVga.srcs\sources_1\new\Top.sv:]
WARNING: [filemgmt 56-199] Attempt to get parsing info during refresh. "On-the-fly" syntax checking information may be incorrect. [C:\CSEE4280\GRP2ADD\FinalProject\MemVga\MemVga.srcs\sources_1\new\Top.sv:]
WARNING: [filemgmt 56-199] Attempt to get parsing info during refresh. "On-the-fly" syntax checking information may be incorrect. [C:\CSEE4280\GRP2ADD\FinalProject\MemVga\MemVga.srcs\sim_1\new\Start_Control_tb.v:]
WARNING: [filemgmt 56-199] Attempt to get parsing info during refresh. "On-the-fly" syntax checking information may be incorrect. [C:\CSEE4280\GRP2ADD\FinalProject\MemVga\MemVga.srcs\sources_1\new\Frame_Select_Control.v:]
WARNING: [filemgmt 56-199] Attempt to get parsing info during refresh. "On-the-fly" syntax checking information may be incorrect. [C:\CSEE4280\GRP2ADD\FinalProject\MemVga\MemVga.srcs\sources_1\new\Top.sv:]
WARNING: [filemgmt 56-199] Attempt to get parsing info during refresh. "On-the-fly" syntax checking information may be incorrect. [C:\CSEE4280\GRP2ADD\FinalProject\MemVga\MemVga.srcs\sources_1\imports\FinalProject\VGAOutput\VGAOutput.srcs\sources_1\new\frame_counter.sv:]
WARNING: [filemgmt 56-199] Attempt to get parsing info during refresh. "On-the-fly" syntax checking information may be incorrect. [C:\CSEE4280\GRP2ADD\FinalProject\Processing\Processing.srcs\sources_1\new\Start_Control.v:]
WARNING: [filemgmt 56-199] Attempt to get parsing info during refresh. "On-the-fly" syntax checking information may be incorrect. [C:\CSEE4280\GRP2ADD\FinalProject\MemVga\MemVga.srcs\sources_1\imports\FinalProject\Mem\final_project\final_project.srcs\sources_1\new\DualPort.sv:]
WARNING: [filemgmt 56-199] Attempt to get parsing info during refresh. "On-the-fly" syntax checking information may be incorrect. [C:\CSEE4280\GRP2ADD\FinalProject\MemVga\MemVga.srcs\sources_1\new\Start_Control.v:]
WARNING: [filemgmt 56-199] Attempt to get parsing info during refresh. "On-the-fly" syntax checking information may be incorrect. [C:\CSEE4280\GRP2ADD\FinalProject\Processing\Processing.srcs\sources_1\new\Auto_Control.v:]
WARNING: [filemgmt 56-199] Attempt to get parsing info during refresh. "On-the-fly" syntax checking information may be incorrect. [C:\CSEE4280\GRP2ADD\FinalProject\MemVga\MemVga.srcs\sources_1\new\Control_And_Start.v:]
WARNING: [filemgmt 56-199] Attempt to get parsing info during refresh. "On-the-fly" syntax checking information may be incorrect. [C:\CSEE4280\GRP2ADD\FinalProject\MemVga\MemVga.srcs\sources_1\imports\FinalProject\Mem\final_project\final_project.srcs\sources_1\new\Memory.sv:]
WARNING: [filemgmt 56-199] Attempt to get parsing info during refresh. "On-the-fly" syntax checking information may be incorrect. [C:\CSEE4280\GRP2ADD\FinalProject\MemVga\MemVga.srcs\sources_1\new\Control_And_Start.v:]
WARNING: [filemgmt 56-199] Attempt to get parsing info during refresh. "On-the-fly" syntax checking information may be incorrect. [C:\CSEE4280\GRP2ADD\FinalProject\MemVga\MemVga.srcs\sources_1\new\Control_And_Start.v:]
WARNING: [filemgmt 56-199] Attempt to get parsing info during refresh. "On-the-fly" syntax checking information may be incorrect. [C:\CSEE4280\GRP2ADD\FinalProject\MemVga\MemVga.srcs\sim_1\new\Start_Control_tb.v:]
WARNING: [filemgmt 56-199] Attempt to get parsing info during refresh. "On-the-fly" syntax checking information may be incorrect. [C:\CSEE4280\GRP2ADD\FinalProject\MemVga\MemVga.srcs\sources_1\new\Frame_Select_Control.v:]
WARNING: [filemgmt 56-199] Attempt to get parsing info during refresh. "On-the-fly" syntax checking information may be incorrect. [C:\CSEE4280\GRP2ADD\FinalProject\MemVga\MemVga.srcs\sources_1\new\Top.sv:]
WARNING: [filemgmt 56-199] Attempt to get parsing info during refresh. "On-the-fly" syntax checking information may be incorrect. [C:\CSEE4280\GRP2ADD\FinalProject\MemVga\MemVga.srcs\sources_1\imports\FinalProject\VGAOutput\VGAOutput.srcs\sources_1\new\frame_counter.sv:]
WARNING: [filemgmt 56-199] Attempt to get parsing info during refresh. "On-the-fly" syntax checking information may be incorrect. [C:\CSEE4280\GRP2ADD\FinalProject\Processing\Processing.srcs\sources_1\new\Start_Control.v:]
WARNING: [filemgmt 56-199] Attempt to get parsing info during refresh. "On-the-fly" syntax checking information may be incorrect. [C:\CSEE4280\GRP2ADD\FinalProject\MemVga\MemVga.srcs\sources_1\imports\FinalProject\Mem\final_project\final_project.srcs\sources_1\new\DualPort.sv:]
WARNING: [filemgmt 56-199] Attempt to get parsing info during refresh. "On-the-fly" syntax checking information may be incorrect. [C:\CSEE4280\GRP2ADD\FinalProject\MemVga\MemVga.srcs\sources_1\new\Start_Control.v:]
WARNING: [filemgmt 56-199] Attempt to get parsing info during refresh. "On-the-fly" syntax checking information may be incorrect. [C:\CSEE4280\GRP2ADD\FinalProject\Processing\Processing.srcs\sources_1\new\Auto_Control.v:]
WARNING: [filemgmt 56-199] Attempt to get parsing info during refresh. "On-the-fly" syntax checking information may be incorrect. [C:\CSEE4280\GRP2ADD\FinalProject\MemVga\MemVga.srcs\sources_1\new\Control_And_Start.v:]
WARNING: [filemgmt 56-199] Attempt to get parsing info during refresh. "On-the-fly" syntax checking information may be incorrect. [C:\CSEE4280\GRP2ADD\FinalProject\MemVga\MemVga.srcs\sources_1\imports\FinalProject\Mem\final_project\final_project.srcs\sources_1\new\Memory.sv:]
WARNING: [filemgmt 56-199] Attempt to get parsing info during refresh. "On-the-fly" syntax checking information may be incorrect. [C:\CSEE4280\GRP2ADD\FinalProject\MemVga\MemVga.srcs\sim_1\new\Start_Control_tb.v:]
WARNING: [filemgmt 56-199] Attempt to get parsing info during refresh. "On-the-fly" syntax checking information may be incorrect. [C:\CSEE4280\GRP2ADD\FinalProject\MemVga\MemVga.srcs\sim_1\new\Start_Control_tb.v:]
WARNING: [filemgmt 56-199] Attempt to get parsing info during refresh. "On-the-fly" syntax checking information may be incorrect. [C:\CSEE4280\GRP2ADD\FinalProject\MemVga\MemVga.srcs\sim_1\new\Start_Control_tb.v:]
WARNING: [filemgmt 56-199] Attempt to get parsing info during refresh. "On-the-fly" syntax checking information may be incorrect. [C:\CSEE4280\GRP2ADD\FinalProject\MemVga\MemVga.srcs\sources_1\new\Frame_Select_Control.v:]
WARNING: [filemgmt 56-199] Attempt to get parsing info during refresh. "On-the-fly" syntax checking information may be incorrect. [C:\CSEE4280\GRP2ADD\FinalProject\MemVga\MemVga.srcs\sources_1\new\Top.sv:]
WARNING: [filemgmt 56-199] Attempt to get parsing info during refresh. "On-the-fly" syntax checking information may be incorrect. [C:\CSEE4280\GRP2ADD\FinalProject\MemVga\MemVga.srcs\sources_1\imports\FinalProject\VGAOutput\VGAOutput.srcs\sources_1\new\frame_counter.sv:]
WARNING: [filemgmt 56-199] Attempt to get parsing info during refresh. "On-the-fly" syntax checking information may be incorrect. [C:\CSEE4280\GRP2ADD\FinalProject\Processing\Processing.srcs\sources_1\new\Start_Control.v:]
WARNING: [filemgmt 56-199] Attempt to get parsing info during refresh. "On-the-fly" syntax checking information may be incorrect. [C:\CSEE4280\GRP2ADD\FinalProject\MemVga\MemVga.srcs\sources_1\imports\FinalProject\Mem\final_project\final_project.srcs\sources_1\new\DualPort.sv:]
WARNING: [filemgmt 56-199] Attempt to get parsing info during refresh. "On-the-fly" syntax checking information may be incorrect. [C:\CSEE4280\GRP2ADD\FinalProject\MemVga\MemVga.srcs\sources_1\new\Start_Control.v:]
WARNING: [filemgmt 56-199] Attempt to get parsing info during refresh. "On-the-fly" syntax checking information may be incorrect. [C:\CSEE4280\GRP2ADD\FinalProject\Processing\Processing.srcs\sources_1\new\Auto_Control.v:]
WARNING: [filemgmt 56-199] Attempt to get parsing info during refresh. "On-the-fly" syntax checking information may be incorrect. [C:\CSEE4280\GRP2ADD\FinalProject\MemVga\MemVga.srcs\sources_1\new\Control_And_Start.v:]
WARNING: [filemgmt 56-199] Attempt to get parsing info during refresh. "On-the-fly" syntax checking information may be incorrect. [C:\CSEE4280\GRP2ADD\FinalProject\MemVga\MemVga.srcs\sources_1\imports\FinalProject\Mem\final_project\final_project.srcs\sources_1\new\Memory.sv:]
WARNING: [filemgmt 56-199] Attempt to get parsing info during refresh. "On-the-fly" syntax checking information may be incorrect. [C:\CSEE4280\GRP2ADD\FinalProject\Processing\Processing.srcs\sources_1\new\Auto_Control.v:]
WARNING: [filemgmt 56-199] Attempt to get parsing info during refresh. "On-the-fly" syntax checking information may be incorrect. [C:\CSEE4280\GRP2ADD\FinalProject\Processing\Processing.srcs\sources_1\new\Auto_Control.v:]
WARNING: [filemgmt 56-199] Attempt to get parsing info during refresh. "On-the-fly" syntax checking information may be incorrect. [C:\CSEE4280\GRP2ADD\FinalProject\MemVga\MemVga.srcs\sim_1\new\Start_Control_tb.v:]
WARNING: [filemgmt 56-199] Attempt to get parsing info during refresh. "On-the-fly" syntax checking information may be incorrect. [C:\CSEE4280\GRP2ADD\FinalProject\MemVga\MemVga.srcs\sources_1\new\Frame_Select_Control.v:]
WARNING: [filemgmt 56-199] Attempt to get parsing info during refresh. "On-the-fly" syntax checking information may be incorrect. [C:\CSEE4280\GRP2ADD\FinalProject\MemVga\MemVga.srcs\sources_1\new\Top.sv:]
WARNING: [filemgmt 56-199] Attempt to get parsing info during refresh. "On-the-fly" syntax checking information may be incorrect. [C:\CSEE4280\GRP2ADD\FinalProject\MemVga\MemVga.srcs\sources_1\imports\FinalProject\VGAOutput\VGAOutput.srcs\sources_1\new\frame_counter.sv:]
INFO: [Common 17-14] Message 'filemgmt 56-199' appears 100 times and further instances of the messages will be disabled. Use the Tcl command set_msg_config to change the current settings.
reset_run synth_1
INFO: [Project 1-1161] Replacing file C:/CSEE4280/GRP2ADD/FinalProject/MemVga/MemVga.srcs/utils_1/imports/synth_1/Top.dcp with file C:/CSEE4280/GRP2ADD/FinalProject/MemVga/MemVga.runs/synth_1/Top.dcp
WARNING: [Vivado 12-1017] Problems encountered:
1. Failed to delete one or more files in run directory C:/CSEE4280/GRP2ADD/FinalProject/MemVga/MemVga.runs/synth_1

launch_runs impl_1 -to_step write_bitstream -jobs 12
[Thu Apr 24 11:20:57 2025] Launched synth_1...
Run output will be captured here: C:/CSEE4280/GRP2ADD/FinalProject/MemVga/MemVga.runs/synth_1/runme.log
[Thu Apr 24 11:20:57 2025] Launched impl_1...
Run output will be captured here: C:/CSEE4280/GRP2ADD/FinalProject/MemVga/MemVga.runs/impl_1/runme.log
WARNING: [filemgmt 56-199] Attempt to get parsing info during refresh. "On-the-fly" syntax checking information may be incorrect. [C:\CSEE4280\GRP2ADD\FinalProject\MemVga\MemVga.srcs\sim_1\new\Start_Control_tb.v:]
WARNING: [filemgmt 56-199] Attempt to get parsing info during refresh. "On-the-fly" syntax checking information may be incorrect. [C:\CSEE4280\GRP2ADD\FinalProject\MemVga\MemVga.srcs\sources_1\new\Frame_Select_Control.v:]
WARNING: [filemgmt 56-199] Attempt to get parsing info during refresh. "On-the-fly" syntax checking information may be incorrect. [C:\CSEE4280\GRP2ADD\FinalProject\MemVga\MemVga.srcs\sources_1\new\Top.sv:]
WARNING: [filemgmt 56-199] Attempt to get parsing info during refresh. "On-the-fly" syntax checking information may be incorrect. [C:\CSEE4280\GRP2ADD\FinalProject\MemVga\MemVga.srcs\sources_1\imports\FinalProject\VGAOutput\VGAOutput.srcs\sources_1\new\frame_counter.sv:]
WARNING: [filemgmt 56-199] Attempt to get parsing info during refresh. "On-the-fly" syntax checking information may be incorrect. [C:\CSEE4280\GRP2ADD\FinalProject\Processing\Processing.srcs\sources_1\new\Start_Control.v:]
WARNING: [filemgmt 56-199] Attempt to get parsing info during refresh. "On-the-fly" syntax checking information may be incorrect. [C:\CSEE4280\GRP2ADD\FinalProject\MemVga\MemVga.srcs\sources_1\imports\FinalProject\Mem\final_project\final_project.srcs\sources_1\new\DualPort.sv:]
WARNING: [filemgmt 56-199] Attempt to get parsing info during refresh. "On-the-fly" syntax checking information may be incorrect. [C:\CSEE4280\GRP2ADD\FinalProject\MemVga\MemVga.srcs\sources_1\new\Start_Control.v:]
WARNING: [filemgmt 56-199] Attempt to get parsing info during refresh. "On-the-fly" syntax checking information may be incorrect. [C:\CSEE4280\GRP2ADD\FinalProject\Processing\Processing.srcs\sources_1\new\Auto_Control.v:]
WARNING: [filemgmt 56-199] Attempt to get parsing info during refresh. "On-the-fly" syntax checking information may be incorrect. [C:\CSEE4280\GRP2ADD\FinalProject\MemVga\MemVga.srcs\sources_1\new\Control_And_Start.v:]
WARNING: [filemgmt 56-199] Attempt to get parsing info during refresh. "On-the-fly" syntax checking information may be incorrect. [C:\CSEE4280\GRP2ADD\FinalProject\MemVga\MemVga.srcs\sources_1\imports\FinalProject\Mem\final_project\final_project.srcs\sources_1\new\Memory.sv:]
WARNING: [filemgmt 56-199] Attempt to get parsing info during refresh. "On-the-fly" syntax checking information may be incorrect. [C:\CSEE4280\GRP2ADD\FinalProject\MemVga\MemVga.srcs\sim_1\new\Start_Control_tb.v:]
WARNING: [filemgmt 56-199] Attempt to get parsing info during refresh. "On-the-fly" syntax checking information may be incorrect. [C:\CSEE4280\GRP2ADD\FinalProject\MemVga\MemVga.srcs\sim_1\new\Start_Control_tb.v:]
WARNING: [filemgmt 56-199] Attempt to get parsing info during refresh. "On-the-fly" syntax checking information may be incorrect. [C:\CSEE4280\GRP2ADD\FinalProject\MemVga\MemVga.srcs\sim_1\new\Start_Control_tb.v:]
WARNING: [filemgmt 56-199] Attempt to get parsing info during refresh. "On-the-fly" syntax checking information may be incorrect. [C:\CSEE4280\GRP2ADD\FinalProject\MemVga\MemVga.srcs\sources_1\new\Frame_Select_Control.v:]
WARNING: [filemgmt 56-199] Attempt to get parsing info during refresh. "On-the-fly" syntax checking information may be incorrect. [C:\CSEE4280\GRP2ADD\FinalProject\MemVga\MemVga.srcs\sources_1\new\Top.sv:]
WARNING: [filemgmt 56-199] Attempt to get parsing info during refresh. "On-the-fly" syntax checking information may be incorrect. [C:\CSEE4280\GRP2ADD\FinalProject\MemVga\MemVga.srcs\sources_1\imports\FinalProject\VGAOutput\VGAOutput.srcs\sources_1\new\frame_counter.sv:]
WARNING: [filemgmt 56-199] Attempt to get parsing info during refresh. "On-the-fly" syntax checking information may be incorrect. [C:\CSEE4280\GRP2ADD\FinalProject\Processing\Processing.srcs\sources_1\new\Start_Control.v:]
WARNING: [filemgmt 56-199] Attempt to get parsing info during refresh. "On-the-fly" syntax checking information may be incorrect. [C:\CSEE4280\GRP2ADD\FinalProject\MemVga\MemVga.srcs\sources_1\imports\FinalProject\Mem\final_project\final_project.srcs\sources_1\new\DualPort.sv:]
WARNING: [filemgmt 56-199] Attempt to get parsing info during refresh. "On-the-fly" syntax checking information may be incorrect. [C:\CSEE4280\GRP2ADD\FinalProject\MemVga\MemVga.srcs\sources_1\new\Start_Control.v:]
WARNING: [filemgmt 56-199] Attempt to get parsing info during refresh. "On-the-fly" syntax checking information may be incorrect. [C:\CSEE4280\GRP2ADD\FinalProject\Processing\Processing.srcs\sources_1\new\Auto_Control.v:]
WARNING: [filemgmt 56-199] Attempt to get parsing info during refresh. "On-the-fly" syntax checking information may be incorrect. [C:\CSEE4280\GRP2ADD\FinalProject\MemVga\MemVga.srcs\sources_1\new\Control_And_Start.v:]
WARNING: [filemgmt 56-199] Attempt to get parsing info during refresh. "On-the-fly" syntax checking information may be incorrect. [C:\CSEE4280\GRP2ADD\FinalProject\MemVga\MemVga.srcs\sources_1\imports\FinalProject\Mem\final_project\final_project.srcs\sources_1\new\Memory.sv:]
WARNING: [filemgmt 56-199] Attempt to get parsing info during refresh. "On-the-fly" syntax checking information may be incorrect. [C:\CSEE4280\GRP2ADD\FinalProject\MemVga\MemVga.srcs\sources_1\new\Control_And_Start.v:]
WARNING: [filemgmt 56-199] Attempt to get parsing info during refresh. "On-the-fly" syntax checking information may be incorrect. [C:\CSEE4280\GRP2ADD\FinalProject\MemVga\MemVga.srcs\sources_1\new\Control_And_Start.v:]
WARNING: [filemgmt 56-199] Attempt to get parsing info during refresh. "On-the-fly" syntax checking information may be incorrect. [C:\CSEE4280\GRP2ADD\FinalProject\MemVga\MemVga.srcs\sim_1\new\Start_Control_tb.v:]
WARNING: [filemgmt 56-199] Attempt to get parsing info during refresh. "On-the-fly" syntax checking information may be incorrect. [C:\CSEE4280\GRP2ADD\FinalProject\MemVga\MemVga.srcs\sources_1\new\Frame_Select_Control.v:]
WARNING: [filemgmt 56-199] Attempt to get parsing info during refresh. "On-the-fly" syntax checking information may be incorrect. [C:\CSEE4280\GRP2ADD\FinalProject\MemVga\MemVga.srcs\sources_1\new\Top.sv:]
WARNING: [filemgmt 56-199] Attempt to get parsing info during refresh. "On-the-fly" syntax checking information may be incorrect. [C:\CSEE4280\GRP2ADD\FinalProject\MemVga\MemVga.srcs\sources_1\imports\FinalProject\VGAOutput\VGAOutput.srcs\sources_1\new\frame_counter.sv:]
WARNING: [filemgmt 56-199] Attempt to get parsing info during refresh. "On-the-fly" syntax checking information may be incorrect. [C:\CSEE4280\GRP2ADD\FinalProject\Processing\Processing.srcs\sources_1\new\Start_Control.v:]
WARNING: [filemgmt 56-199] Attempt to get parsing info during refresh. "On-the-fly" syntax checking information may be incorrect. [C:\CSEE4280\GRP2ADD\FinalProject\MemVga\MemVga.srcs\sources_1\imports\FinalProject\Mem\final_project\final_project.srcs\sources_1\new\DualPort.sv:]
WARNING: [filemgmt 56-199] Attempt to get parsing info during refresh. "On-the-fly" syntax checking information may be incorrect. [C:\CSEE4280\GRP2ADD\FinalProject\MemVga\MemVga.srcs\sources_1\new\Start_Control.v:]
WARNING: [filemgmt 56-199] Attempt to get parsing info during refresh. "On-the-fly" syntax checking information may be incorrect. [C:\CSEE4280\GRP2ADD\FinalProject\Processing\Processing.srcs\sources_1\new\Auto_Control.v:]
WARNING: [filemgmt 56-199] Attempt to get parsing info during refresh. "On-the-fly" syntax checking information may be incorrect. [C:\CSEE4280\GRP2ADD\FinalProject\MemVga\MemVga.srcs\sources_1\new\Control_And_Start.v:]
WARNING: [filemgmt 56-199] Attempt to get parsing info during refresh. "On-the-fly" syntax checking information may be incorrect. [C:\CSEE4280\GRP2ADD\FinalProject\MemVga\MemVga.srcs\sources_1\imports\FinalProject\Mem\final_project\final_project.srcs\sources_1\new\Memory.sv:]
WARNING: [filemgmt 56-199] Attempt to get parsing info during refresh. "On-the-fly" syntax checking information may be incorrect. [C:\CSEE4280\GRP2ADD\FinalProject\MemVga\MemVga.srcs\sources_1\new\Top.sv:]
WARNING: [filemgmt 56-199] Attempt to get parsing info during refresh. "On-the-fly" syntax checking information may be incorrect. [C:\CSEE4280\GRP2ADD\FinalProject\MemVga\MemVga.srcs\sources_1\new\Top.sv:]
WARNING: [filemgmt 56-199] Attempt to get parsing info during refresh. "On-the-fly" syntax checking information may be incorrect. [C:\CSEE4280\GRP2ADD\FinalProject\MemVga\MemVga.srcs\sim_1\new\Start_Control_tb.v:]
WARNING: [filemgmt 56-199] Attempt to get parsing info during refresh. "On-the-fly" syntax checking information may be incorrect. [C:\CSEE4280\GRP2ADD\FinalProject\MemVga\MemVga.srcs\sources_1\new\Frame_Select_Control.v:]
WARNING: [filemgmt 56-199] Attempt to get parsing info during refresh. "On-the-fly" syntax checking information may be incorrect. [C:\CSEE4280\GRP2ADD\FinalProject\MemVga\MemVga.srcs\sources_1\new\Top.sv:]
WARNING: [filemgmt 56-199] Attempt to get parsing info during refresh. "On-the-fly" syntax checking information may be incorrect. [C:\CSEE4280\GRP2ADD\FinalProject\MemVga\MemVga.srcs\sources_1\imports\FinalProject\VGAOutput\VGAOutput.srcs\sources_1\new\frame_counter.sv:]
WARNING: [filemgmt 56-199] Attempt to get parsing info during refresh. "On-the-fly" syntax checking information may be incorrect. [C:\CSEE4280\GRP2ADD\FinalProject\Processing\Processing.srcs\sources_1\new\Start_Control.v:]
WARNING: [filemgmt 56-199] Attempt to get parsing info during refresh. "On-the-fly" syntax checking information may be incorrect. [C:\CSEE4280\GRP2ADD\FinalProject\MemVga\MemVga.srcs\sources_1\imports\FinalProject\Mem\final_project\final_project.srcs\sources_1\new\DualPort.sv:]
WARNING: [filemgmt 56-199] Attempt to get parsing info during refresh. "On-the-fly" syntax checking information may be incorrect. [C:\CSEE4280\GRP2ADD\FinalProject\MemVga\MemVga.srcs\sources_1\new\Start_Control.v:]
WARNING: [filemgmt 56-199] Attempt to get parsing info during refresh. "On-the-fly" syntax checking information may be incorrect. [C:\CSEE4280\GRP2ADD\FinalProject\Processing\Processing.srcs\sources_1\new\Auto_Control.v:]
WARNING: [filemgmt 56-199] Attempt to get parsing info during refresh. "On-the-fly" syntax checking information may be incorrect. [C:\CSEE4280\GRP2ADD\FinalProject\MemVga\MemVga.srcs\sources_1\new\Control_And_Start.v:]
WARNING: [filemgmt 56-199] Attempt to get parsing info during refresh. "On-the-fly" syntax checking information may be incorrect. [C:\CSEE4280\GRP2ADD\FinalProject\MemVga\MemVga.srcs\sources_1\imports\FinalProject\Mem\final_project\final_project.srcs\sources_1\new\Memory.sv:]
WARNING: [filemgmt 56-199] Attempt to get parsing info during refresh. "On-the-fly" syntax checking information may be incorrect. [C:\CSEE4280\GRP2ADD\FinalProject\MemVga\MemVga.srcs\sources_1\imports\FinalProject\VGAOutput\VGAOutput.srcs\sources_1\new\frame_counter.sv:]
WARNING: [filemgmt 56-199] Attempt to get parsing info during refresh. "On-the-fly" syntax checking information may be incorrect. [C:\CSEE4280\GRP2ADD\FinalProject\MemVga\MemVga.srcs\sources_1\imports\FinalProject\VGAOutput\VGAOutput.srcs\sources_1\new\frame_counter.sv:]
WARNING: [filemgmt 56-199] Attempt to get parsing info during refresh. "On-the-fly" syntax checking information may be incorrect. [C:\CSEE4280\GRP2ADD\FinalProject\MemVga\MemVga.srcs\sim_1\new\Start_Control_tb.v:]
WARNING: [filemgmt 56-199] Attempt to get parsing info during refresh. "On-the-fly" syntax checking information may be incorrect. [C:\CSEE4280\GRP2ADD\FinalProject\MemVga\MemVga.srcs\sources_1\new\Frame_Select_Control.v:]
WARNING: [filemgmt 56-199] Attempt to get parsing info during refresh. "On-the-fly" syntax checking information may be incorrect. [C:\CSEE4280\GRP2ADD\FinalProject\MemVga\MemVga.srcs\sources_1\new\Top.sv:]
WARNING: [filemgmt 56-199] Attempt to get parsing info during refresh. "On-the-fly" syntax checking information may be incorrect. [C:\CSEE4280\GRP2ADD\FinalProject\MemVga\MemVga.srcs\sources_1\imports\FinalProject\VGAOutput\VGAOutput.srcs\sources_1\new\frame_counter.sv:]
WARNING: [filemgmt 56-199] Attempt to get parsing info during refresh. "On-the-fly" syntax checking information may be incorrect. [C:\CSEE4280\GRP2ADD\FinalProject\Processing\Processing.srcs\sources_1\new\Start_Control.v:]
WARNING: [filemgmt 56-199] Attempt to get parsing info during refresh. "On-the-fly" syntax checking information may be incorrect. [C:\CSEE4280\GRP2ADD\FinalProject\MemVga\MemVga.srcs\sources_1\imports\FinalProject\Mem\final_project\final_project.srcs\sources_1\new\DualPort.sv:]
WARNING: [filemgmt 56-199] Attempt to get parsing info during refresh. "On-the-fly" syntax checking information may be incorrect. [C:\CSEE4280\GRP2ADD\FinalProject\MemVga\MemVga.srcs\sources_1\new\Start_Control.v:]
WARNING: [filemgmt 56-199] Attempt to get parsing info during refresh. "On-the-fly" syntax checking information may be incorrect. [C:\CSEE4280\GRP2ADD\FinalProject\Processing\Processing.srcs\sources_1\new\Auto_Control.v:]
WARNING: [filemgmt 56-199] Attempt to get parsing info during refresh. "On-the-fly" syntax checking information may be incorrect. [C:\CSEE4280\GRP2ADD\FinalProject\MemVga\MemVga.srcs\sources_1\new\Control_And_Start.v:]
WARNING: [filemgmt 56-199] Attempt to get parsing info during refresh. "On-the-fly" syntax checking information may be incorrect. [C:\CSEE4280\GRP2ADD\FinalProject\MemVga\MemVga.srcs\sources_1\imports\FinalProject\Mem\final_project\final_project.srcs\sources_1\new\Memory.sv:]
WARNING: [filemgmt 56-199] Attempt to get parsing info during refresh. "On-the-fly" syntax checking information may be incorrect. [C:\CSEE4280\GRP2ADD\FinalProject\Processing\Processing.srcs\sources_1\new\Start_Control.v:]
WARNING: [filemgmt 56-199] Attempt to get parsing info during refresh. "On-the-fly" syntax checking information may be incorrect. [C:\CSEE4280\GRP2ADD\FinalProject\Processing\Processing.srcs\sources_1\new\Start_Control.v:]
WARNING: [filemgmt 56-199] Attempt to get parsing info during refresh. "On-the-fly" syntax checking information may be incorrect. [C:\CSEE4280\GRP2ADD\FinalProject\MemVga\MemVga.srcs\sim_1\new\Start_Control_tb.v:]
WARNING: [filemgmt 56-199] Attempt to get parsing info during refresh. "On-the-fly" syntax checking information may be incorrect. [C:\CSEE4280\GRP2ADD\FinalProject\MemVga\MemVga.srcs\sources_1\new\Frame_Select_Control.v:]
WARNING: [filemgmt 56-199] Attempt to get parsing info during refresh. "On-the-fly" syntax checking information may be incorrect. [C:\CSEE4280\GRP2ADD\FinalProject\MemVga\MemVga.srcs\sources_1\new\Top.sv:]
WARNING: [filemgmt 56-199] Attempt to get parsing info during refresh. "On-the-fly" syntax checking information may be incorrect. [C:\CSEE4280\GRP2ADD\FinalProject\MemVga\MemVga.srcs\sources_1\imports\FinalProject\VGAOutput\VGAOutput.srcs\sources_1\new\frame_counter.sv:]
WARNING: [filemgmt 56-199] Attempt to get parsing info during refresh. "On-the-fly" syntax checking information may be incorrect. [C:\CSEE4280\GRP2ADD\FinalProject\Processing\Processing.srcs\sources_1\new\Start_Control.v:]
WARNING: [filemgmt 56-199] Attempt to get parsing info during refresh. "On-the-fly" syntax checking information may be incorrect. [C:\CSEE4280\GRP2ADD\FinalProject\MemVga\MemVga.srcs\sources_1\imports\FinalProject\Mem\final_project\final_project.srcs\sources_1\new\DualPort.sv:]
WARNING: [filemgmt 56-199] Attempt to get parsing info during refresh. "On-the-fly" syntax checking information may be incorrect. [C:\CSEE4280\GRP2ADD\FinalProject\MemVga\MemVga.srcs\sources_1\new\Start_Control.v:]
WARNING: [filemgmt 56-199] Attempt to get parsing info during refresh. "On-the-fly" syntax checking information may be incorrect. [C:\CSEE4280\GRP2ADD\FinalProject\Processing\Processing.srcs\sources_1\new\Auto_Control.v:]
WARNING: [filemgmt 56-199] Attempt to get parsing info during refresh. "On-the-fly" syntax checking information may be incorrect. [C:\CSEE4280\GRP2ADD\FinalProject\MemVga\MemVga.srcs\sources_1\new\Control_And_Start.v:]
WARNING: [filemgmt 56-199] Attempt to get parsing info during refresh. "On-the-fly" syntax checking information may be incorrect. [C:\CSEE4280\GRP2ADD\FinalProject\MemVga\MemVga.srcs\sources_1\imports\FinalProject\Mem\final_project\final_project.srcs\sources_1\new\Memory.sv:]
WARNING: [filemgmt 56-199] Attempt to get parsing info during refresh. "On-the-fly" syntax checking information may be incorrect. [C:\CSEE4280\GRP2ADD\FinalProject\MemVga\MemVga.srcs\sources_1\imports\FinalProject\Mem\final_project\final_project.srcs\sources_1\new\DualPort.sv:]
WARNING: [filemgmt 56-199] Attempt to get parsing info during refresh. "On-the-fly" syntax checking information may be incorrect. [C:\CSEE4280\GRP2ADD\FinalProject\MemVga\MemVga.srcs\sources_1\imports\FinalProject\Mem\final_project\final_project.srcs\sources_1\new\DualPort.sv:]
WARNING: [filemgmt 56-199] Attempt to get parsing info during refresh. "On-the-fly" syntax checking information may be incorrect. [C:\CSEE4280\GRP2ADD\FinalProject\MemVga\MemVga.srcs\sim_1\new\Start_Control_tb.v:]
WARNING: [filemgmt 56-199] Attempt to get parsing info during refresh. "On-the-fly" syntax checking information may be incorrect. [C:\CSEE4280\GRP2ADD\FinalProject\MemVga\MemVga.srcs\sources_1\new\Frame_Select_Control.v:]
WARNING: [filemgmt 56-199] Attempt to get parsing info during refresh. "On-the-fly" syntax checking information may be incorrect. [C:\CSEE4280\GRP2ADD\FinalProject\MemVga\MemVga.srcs\sources_1\new\Top.sv:]
WARNING: [filemgmt 56-199] Attempt to get parsing info during refresh. "On-the-fly" syntax checking information may be incorrect. [C:\CSEE4280\GRP2ADD\FinalProject\MemVga\MemVga.srcs\sources_1\imports\FinalProject\VGAOutput\VGAOutput.srcs\sources_1\new\frame_counter.sv:]
WARNING: [filemgmt 56-199] Attempt to get parsing info during refresh. "On-the-fly" syntax checking information may be incorrect. [C:\CSEE4280\GRP2ADD\FinalProject\Processing\Processing.srcs\sources_1\new\Start_Control.v:]
WARNING: [filemgmt 56-199] Attempt to get parsing info during refresh. "On-the-fly" syntax checking information may be incorrect. [C:\CSEE4280\GRP2ADD\FinalProject\MemVga\MemVga.srcs\sources_1\imports\FinalProject\Mem\final_project\final_project.srcs\sources_1\new\DualPort.sv:]
WARNING: [filemgmt 56-199] Attempt to get parsing info during refresh. "On-the-fly" syntax checking information may be incorrect. [C:\CSEE4280\GRP2ADD\FinalProject\MemVga\MemVga.srcs\sources_1\new\Start_Control.v:]
WARNING: [filemgmt 56-199] Attempt to get parsing info during refresh. "On-the-fly" syntax checking information may be incorrect. [C:\CSEE4280\GRP2ADD\FinalProject\Processing\Processing.srcs\sources_1\new\Auto_Control.v:]
WARNING: [filemgmt 56-199] Attempt to get parsing info during refresh. "On-the-fly" syntax checking information may be incorrect. [C:\CSEE4280\GRP2ADD\FinalProject\MemVga\MemVga.srcs\sources_1\new\Control_And_Start.v:]
WARNING: [filemgmt 56-199] Attempt to get parsing info during refresh. "On-the-fly" syntax checking information may be incorrect. [C:\CSEE4280\GRP2ADD\FinalProject\MemVga\MemVga.srcs\sources_1\imports\FinalProject\Mem\final_project\final_project.srcs\sources_1\new\Memory.sv:]
WARNING: [filemgmt 56-199] Attempt to get parsing info during refresh. "On-the-fly" syntax checking information may be incorrect. [C:\CSEE4280\GRP2ADD\FinalProject\Processing\Processing.srcs\sources_1\new\Auto_Control.v:]
WARNING: [filemgmt 56-199] Attempt to get parsing info during refresh. "On-the-fly" syntax checking information may be incorrect. [C:\CSEE4280\GRP2ADD\FinalProject\Processing\Processing.srcs\sources_1\new\Auto_Control.v:]
WARNING: [filemgmt 56-199] Attempt to get parsing info during refresh. "On-the-fly" syntax checking information may be incorrect. [C:\CSEE4280\GRP2ADD\FinalProject\MemVga\MemVga.srcs\sim_1\new\Start_Control_tb.v:]
WARNING: [filemgmt 56-199] Attempt to get parsing info during refresh. "On-the-fly" syntax checking information may be incorrect. [C:\CSEE4280\GRP2ADD\FinalProject\MemVga\MemVga.srcs\sources_1\new\Frame_Select_Control.v:]
WARNING: [filemgmt 56-199] Attempt to get parsing info during refresh. "On-the-fly" syntax checking information may be incorrect. [C:\CSEE4280\GRP2ADD\FinalProject\MemVga\MemVga.srcs\sources_1\new\Top.sv:]
WARNING: [filemgmt 56-199] Attempt to get parsing info during refresh. "On-the-fly" syntax checking information may be incorrect. [C:\CSEE4280\GRP2ADD\FinalProject\MemVga\MemVga.srcs\sources_1\imports\FinalProject\VGAOutput\VGAOutput.srcs\sources_1\new\frame_counter.sv:]
WARNING: [filemgmt 56-199] Attempt to get parsing info during refresh. "On-the-fly" syntax checking information may be incorrect. [C:\CSEE4280\GRP2ADD\FinalProject\Processing\Processing.srcs\sources_1\new\Start_Control.v:]
WARNING: [filemgmt 56-199] Attempt to get parsing info during refresh. "On-the-fly" syntax checking information may be incorrect. [C:\CSEE4280\GRP2ADD\FinalProject\MemVga\MemVga.srcs\sources_1\imports\FinalProject\Mem\final_project\final_project.srcs\sources_1\new\DualPort.sv:]
WARNING: [filemgmt 56-199] Attempt to get parsing info during refresh. "On-the-fly" syntax checking information may be incorrect. [C:\CSEE4280\GRP2ADD\FinalProject\MemVga\MemVga.srcs\sources_1\new\Start_Control.v:]
WARNING: [filemgmt 56-199] Attempt to get parsing info during refresh. "On-the-fly" syntax checking information may be incorrect. [C:\CSEE4280\GRP2ADD\FinalProject\Processing\Processing.srcs\sources_1\new\Auto_Control.v:]
WARNING: [filemgmt 56-199] Attempt to get parsing info during refresh. "On-the-fly" syntax checking information may be incorrect. [C:\CSEE4280\GRP2ADD\FinalProject\MemVga\MemVga.srcs\sources_1\new\Control_And_Start.v:]
WARNING: [filemgmt 56-199] Attempt to get parsing info during refresh. "On-the-fly" syntax checking information may be incorrect. [C:\CSEE4280\GRP2ADD\FinalProject\MemVga\MemVga.srcs\sources_1\imports\FinalProject\Mem\final_project\final_project.srcs\sources_1\new\Memory.sv:]
WARNING: [filemgmt 56-199] Attempt to get parsing info during refresh. "On-the-fly" syntax checking information may be incorrect. [C:\CSEE4280\GRP2ADD\FinalProject\MemVga\MemVga.srcs\sources_1\new\Frame_Select_Control.v:]
WARNING: [filemgmt 56-199] Attempt to get parsing info during refresh. "On-the-fly" syntax checking information may be incorrect. [C:\CSEE4280\GRP2ADD\FinalProject\MemVga\MemVga.srcs\sources_1\new\Frame_Select_Control.v:]
WARNING: [filemgmt 56-199] Attempt to get parsing info during refresh. "On-the-fly" syntax checking information may be incorrect. [C:\CSEE4280\GRP2ADD\FinalProject\MemVga\MemVga.srcs\sim_1\new\Start_Control_tb.v:]
WARNING: [filemgmt 56-199] Attempt to get parsing info during refresh. "On-the-fly" syntax checking information may be incorrect. [C:\CSEE4280\GRP2ADD\FinalProject\MemVga\MemVga.srcs\sources_1\new\Frame_Select_Control.v:]
WARNING: [filemgmt 56-199] Attempt to get parsing info during refresh. "On-the-fly" syntax checking information may be incorrect. [C:\CSEE4280\GRP2ADD\FinalProject\MemVga\MemVga.srcs\sources_1\new\Top.sv:]
WARNING: [filemgmt 56-199] Attempt to get parsing info during refresh. "On-the-fly" syntax checking information may be incorrect. [C:\CSEE4280\GRP2ADD\FinalProject\MemVga\MemVga.srcs\sources_1\imports\FinalProject\VGAOutput\VGAOutput.srcs\sources_1\new\frame_counter.sv:]
INFO: [Common 17-14] Message 'filemgmt 56-199' appears 100 times and further instances of the messages will be disabled. Use the Tcl command set_msg_config to change the current settings.
reset_run synth_1
INFO: [Project 1-1161] Replacing file C:/CSEE4280/GRP2ADD/FinalProject/MemVga/MemVga.srcs/utils_1/imports/synth_1/Top.dcp with file C:/CSEE4280/GRP2ADD/FinalProject/MemVga/MemVga.runs/synth_1/Top.dcp
WARNING: [Vivado 12-1017] Problems encountered:
1. Failed to delete one or more files in run directory C:/CSEE4280/GRP2ADD/FinalProject/MemVga/MemVga.runs/synth_1

launch_runs impl_1 -to_step write_bitstream -jobs 12
[Thu Apr 24 11:28:12 2025] Launched synth_1...
Run output will be captured here: C:/CSEE4280/GRP2ADD/FinalProject/MemVga/MemVga.runs/synth_1/runme.log
[Thu Apr 24 11:28:12 2025] Launched impl_1...
Run output will be captured here: C:/CSEE4280/GRP2ADD/FinalProject/MemVga/MemVga.runs/impl_1/runme.log
WARNING: [filemgmt 56-199] Attempt to get parsing info during refresh. "On-the-fly" syntax checking information may be incorrect. [C:\CSEE4280\GRP2ADD\FinalProject\MemVga\MemVga.srcs\sim_1\new\Start_Control_tb.v:]
WARNING: [filemgmt 56-199] Attempt to get parsing info during refresh. "On-the-fly" syntax checking information may be incorrect. [C:\CSEE4280\GRP2ADD\FinalProject\MemVga\MemVga.srcs\sources_1\new\Frame_Select_Control.v:]
WARNING: [filemgmt 56-199] Attempt to get parsing info during refresh. "On-the-fly" syntax checking information may be incorrect. [C:\CSEE4280\GRP2ADD\FinalProject\MemVga\MemVga.srcs\sources_1\new\Top.sv:]
WARNING: [filemgmt 56-199] Attempt to get parsing info during refresh. "On-the-fly" syntax checking information may be incorrect. [C:\CSEE4280\GRP2ADD\FinalProject\MemVga\MemVga.srcs\sources_1\imports\FinalProject\VGAOutput\VGAOutput.srcs\sources_1\new\frame_counter.sv:]
WARNING: [filemgmt 56-199] Attempt to get parsing info during refresh. "On-the-fly" syntax checking information may be incorrect. [C:\CSEE4280\GRP2ADD\FinalProject\Processing\Processing.srcs\sources_1\new\Start_Control.v:]
WARNING: [filemgmt 56-199] Attempt to get parsing info during refresh. "On-the-fly" syntax checking information may be incorrect. [C:\CSEE4280\GRP2ADD\FinalProject\MemVga\MemVga.srcs\sources_1\imports\FinalProject\Mem\final_project\final_project.srcs\sources_1\new\DualPort.sv:]
WARNING: [filemgmt 56-199] Attempt to get parsing info during refresh. "On-the-fly" syntax checking information may be incorrect. [C:\CSEE4280\GRP2ADD\FinalProject\MemVga\MemVga.srcs\sources_1\new\Start_Control.v:]
WARNING: [filemgmt 56-199] Attempt to get parsing info during refresh. "On-the-fly" syntax checking information may be incorrect. [C:\CSEE4280\GRP2ADD\FinalProject\Processing\Processing.srcs\sources_1\new\Auto_Control.v:]
WARNING: [filemgmt 56-199] Attempt to get parsing info during refresh. "On-the-fly" syntax checking information may be incorrect. [C:\CSEE4280\GRP2ADD\FinalProject\MemVga\MemVga.srcs\sources_1\new\Control_And_Start.v:]
WARNING: [filemgmt 56-199] Attempt to get parsing info during refresh. "On-the-fly" syntax checking information may be incorrect. [C:\CSEE4280\GRP2ADD\FinalProject\MemVga\MemVga.srcs\sources_1\imports\FinalProject\Mem\final_project\final_project.srcs\sources_1\new\Memory.sv:]
WARNING: [filemgmt 56-199] Attempt to get parsing info during refresh. "On-the-fly" syntax checking information may be incorrect. [C:\CSEE4280\GRP2ADD\FinalProject\MemVga\MemVga.srcs\sources_1\new\Top.sv:]
WARNING: [filemgmt 56-199] Attempt to get parsing info during refresh. "On-the-fly" syntax checking information may be incorrect. [C:\CSEE4280\GRP2ADD\FinalProject\MemVga\MemVga.srcs\sources_1\new\Top.sv:]
WARNING: [filemgmt 56-199] Attempt to get parsing info during refresh. "On-the-fly" syntax checking information may be incorrect. [C:\CSEE4280\GRP2ADD\FinalProject\MemVga\MemVga.srcs\sim_1\new\Start_Control_tb.v:]
WARNING: [filemgmt 56-199] Attempt to get parsing info during refresh. "On-the-fly" syntax checking information may be incorrect. [C:\CSEE4280\GRP2ADD\FinalProject\MemVga\MemVga.srcs\sources_1\new\Frame_Select_Control.v:]
WARNING: [filemgmt 56-199] Attempt to get parsing info during refresh. "On-the-fly" syntax checking information may be incorrect. [C:\CSEE4280\GRP2ADD\FinalProject\MemVga\MemVga.srcs\sources_1\new\Top.sv:]
WARNING: [filemgmt 56-199] Attempt to get parsing info during refresh. "On-the-fly" syntax checking information may be incorrect. [C:\CSEE4280\GRP2ADD\FinalProject\MemVga\MemVga.srcs\sources_1\imports\FinalProject\VGAOutput\VGAOutput.srcs\sources_1\new\frame_counter.sv:]
WARNING: [filemgmt 56-199] Attempt to get parsing info during refresh. "On-the-fly" syntax checking information may be incorrect. [C:\CSEE4280\GRP2ADD\FinalProject\Processing\Processing.srcs\sources_1\new\Start_Control.v:]
WARNING: [filemgmt 56-199] Attempt to get parsing info during refresh. "On-the-fly" syntax checking information may be incorrect. [C:\CSEE4280\GRP2ADD\FinalProject\MemVga\MemVga.srcs\sources_1\imports\FinalProject\Mem\final_project\final_project.srcs\sources_1\new\DualPort.sv:]
WARNING: [filemgmt 56-199] Attempt to get parsing info during refresh. "On-the-fly" syntax checking information may be incorrect. [C:\CSEE4280\GRP2ADD\FinalProject\MemVga\MemVga.srcs\sources_1\new\Start_Control.v:]
WARNING: [filemgmt 56-199] Attempt to get parsing info during refresh. "On-the-fly" syntax checking information may be incorrect. [C:\CSEE4280\GRP2ADD\FinalProject\Processing\Processing.srcs\sources_1\new\Auto_Control.v:]
WARNING: [filemgmt 56-199] Attempt to get parsing info during refresh. "On-the-fly" syntax checking information may be incorrect. [C:\CSEE4280\GRP2ADD\FinalProject\MemVga\MemVga.srcs\sources_1\new\Control_And_Start.v:]
WARNING: [filemgmt 56-199] Attempt to get parsing info during refresh. "On-the-fly" syntax checking information may be incorrect. [C:\CSEE4280\GRP2ADD\FinalProject\MemVga\MemVga.srcs\sources_1\imports\FinalProject\Mem\final_project\final_project.srcs\sources_1\new\Memory.sv:]
WARNING: [filemgmt 56-199] Attempt to get parsing info during refresh. "On-the-fly" syntax checking information may be incorrect. [C:\CSEE4280\GRP2ADD\FinalProject\Processing\Processing.srcs\sources_1\new\Auto_Control.v:]
WARNING: [filemgmt 56-199] Attempt to get parsing info during refresh. "On-the-fly" syntax checking information may be incorrect. [C:\CSEE4280\GRP2ADD\FinalProject\Processing\Processing.srcs\sources_1\new\Auto_Control.v:]
WARNING: [filemgmt 56-199] Attempt to get parsing info during refresh. "On-the-fly" syntax checking information may be incorrect. [C:\CSEE4280\GRP2ADD\FinalProject\MemVga\MemVga.srcs\sim_1\new\Start_Control_tb.v:]
WARNING: [filemgmt 56-199] Attempt to get parsing info during refresh. "On-the-fly" syntax checking information may be incorrect. [C:\CSEE4280\GRP2ADD\FinalProject\MemVga\MemVga.srcs\sources_1\new\Frame_Select_Control.v:]
WARNING: [filemgmt 56-199] Attempt to get parsing info during refresh. "On-the-fly" syntax checking information may be incorrect. [C:\CSEE4280\GRP2ADD\FinalProject\MemVga\MemVga.srcs\sources_1\new\Top.sv:]
WARNING: [filemgmt 56-199] Attempt to get parsing info during refresh. "On-the-fly" syntax checking information may be incorrect. [C:\CSEE4280\GRP2ADD\FinalProject\MemVga\MemVga.srcs\sources_1\imports\FinalProject\VGAOutput\VGAOutput.srcs\sources_1\new\frame_counter.sv:]
WARNING: [filemgmt 56-199] Attempt to get parsing info during refresh. "On-the-fly" syntax checking information may be incorrect. [C:\CSEE4280\GRP2ADD\FinalProject\Processing\Processing.srcs\sources_1\new\Start_Control.v:]
WARNING: [filemgmt 56-199] Attempt to get parsing info during refresh. "On-the-fly" syntax checking information may be incorrect. [C:\CSEE4280\GRP2ADD\FinalProject\MemVga\MemVga.srcs\sources_1\imports\FinalProject\Mem\final_project\final_project.srcs\sources_1\new\DualPort.sv:]
WARNING: [filemgmt 56-199] Attempt to get parsing info during refresh. "On-the-fly" syntax checking information may be incorrect. [C:\CSEE4280\GRP2ADD\FinalProject\MemVga\MemVga.srcs\sources_1\new\Start_Control.v:]
WARNING: [filemgmt 56-199] Attempt to get parsing info during refresh. "On-the-fly" syntax checking information may be incorrect. [C:\CSEE4280\GRP2ADD\FinalProject\Processing\Processing.srcs\sources_1\new\Auto_Control.v:]
WARNING: [filemgmt 56-199] Attempt to get parsing info during refresh. "On-the-fly" syntax checking information may be incorrect. [C:\CSEE4280\GRP2ADD\FinalProject\MemVga\MemVga.srcs\sources_1\new\Control_And_Start.v:]
WARNING: [filemgmt 56-199] Attempt to get parsing info during refresh. "On-the-fly" syntax checking information may be incorrect. [C:\CSEE4280\GRP2ADD\FinalProject\MemVga\MemVga.srcs\sources_1\imports\FinalProject\Mem\final_project\final_project.srcs\sources_1\new\Memory.sv:]
WARNING: [filemgmt 56-199] Attempt to get parsing info during refresh. "On-the-fly" syntax checking information may be incorrect. [C:\CSEE4280\GRP2ADD\FinalProject\MemVga\MemVga.srcs\sources_1\imports\FinalProject\VGAOutput\VGAOutput.srcs\sources_1\new\frame_counter.sv:]
WARNING: [filemgmt 56-199] Attempt to get parsing info during refresh. "On-the-fly" syntax checking information may be incorrect. [C:\CSEE4280\GRP2ADD\FinalProject\MemVga\MemVga.srcs\sources_1\imports\FinalProject\VGAOutput\VGAOutput.srcs\sources_1\new\frame_counter.sv:]
WARNING: [filemgmt 56-199] Attempt to get parsing info during refresh. "On-the-fly" syntax checking information may be incorrect. [C:\CSEE4280\GRP2ADD\FinalProject\MemVga\MemVga.srcs\sim_1\new\Start_Control_tb.v:]
WARNING: [filemgmt 56-199] Attempt to get parsing info during refresh. "On-the-fly" syntax checking information may be incorrect. [C:\CSEE4280\GRP2ADD\FinalProject\MemVga\MemVga.srcs\sources_1\new\Frame_Select_Control.v:]
WARNING: [filemgmt 56-199] Attempt to get parsing info during refresh. "On-the-fly" syntax checking information may be incorrect. [C:\CSEE4280\GRP2ADD\FinalProject\MemVga\MemVga.srcs\sources_1\new\Top.sv:]
WARNING: [filemgmt 56-199] Attempt to get parsing info during refresh. "On-the-fly" syntax checking information may be incorrect. [C:\CSEE4280\GRP2ADD\FinalProject\MemVga\MemVga.srcs\sources_1\imports\FinalProject\VGAOutput\VGAOutput.srcs\sources_1\new\frame_counter.sv:]
WARNING: [filemgmt 56-199] Attempt to get parsing info during refresh. "On-the-fly" syntax checking information may be incorrect. [C:\CSEE4280\GRP2ADD\FinalProject\Processing\Processing.srcs\sources_1\new\Start_Control.v:]
WARNING: [filemgmt 56-199] Attempt to get parsing info during refresh. "On-the-fly" syntax checking information may be incorrect. [C:\CSEE4280\GRP2ADD\FinalProject\MemVga\MemVga.srcs\sources_1\imports\FinalProject\Mem\final_project\final_project.srcs\sources_1\new\DualPort.sv:]
WARNING: [filemgmt 56-199] Attempt to get parsing info during refresh. "On-the-fly" syntax checking information may be incorrect. [C:\CSEE4280\GRP2ADD\FinalProject\MemVga\MemVga.srcs\sources_1\new\Start_Control.v:]
WARNING: [filemgmt 56-199] Attempt to get parsing info during refresh. "On-the-fly" syntax checking information may be incorrect. [C:\CSEE4280\GRP2ADD\FinalProject\Processing\Processing.srcs\sources_1\new\Auto_Control.v:]
WARNING: [filemgmt 56-199] Attempt to get parsing info during refresh. "On-the-fly" syntax checking information may be incorrect. [C:\CSEE4280\GRP2ADD\FinalProject\MemVga\MemVga.srcs\sources_1\new\Control_And_Start.v:]
WARNING: [filemgmt 56-199] Attempt to get parsing info during refresh. "On-the-fly" syntax checking information may be incorrect. [C:\CSEE4280\GRP2ADD\FinalProject\MemVga\MemVga.srcs\sources_1\imports\FinalProject\Mem\final_project\final_project.srcs\sources_1\new\Memory.sv:]
WARNING: [filemgmt 56-199] Attempt to get parsing info during refresh. "On-the-fly" syntax checking information may be incorrect. [C:\CSEE4280\GRP2ADD\FinalProject\MemVga\MemVga.srcs\sources_1\new\Frame_Select_Control.v:]
WARNING: [filemgmt 56-199] Attempt to get parsing info during refresh. "On-the-fly" syntax checking information may be incorrect. [C:\CSEE4280\GRP2ADD\FinalProject\MemVga\MemVga.srcs\sources_1\new\Frame_Select_Control.v:]
WARNING: [filemgmt 56-199] Attempt to get parsing info during refresh. "On-the-fly" syntax checking information may be incorrect. [C:\CSEE4280\GRP2ADD\FinalProject\MemVga\MemVga.srcs\sim_1\new\Start_Control_tb.v:]
WARNING: [filemgmt 56-199] Attempt to get parsing info during refresh. "On-the-fly" syntax checking information may be incorrect. [C:\CSEE4280\GRP2ADD\FinalProject\MemVga\MemVga.srcs\sources_1\new\Frame_Select_Control.v:]
WARNING: [filemgmt 56-199] Attempt to get parsing info during refresh. "On-the-fly" syntax checking information may be incorrect. [C:\CSEE4280\GRP2ADD\FinalProject\MemVga\MemVga.srcs\sources_1\new\Top.sv:]
WARNING: [filemgmt 56-199] Attempt to get parsing info during refresh. "On-the-fly" syntax checking information may be incorrect. [C:\CSEE4280\GRP2ADD\FinalProject\MemVga\MemVga.srcs\sources_1\imports\FinalProject\VGAOutput\VGAOutput.srcs\sources_1\new\frame_counter.sv:]
WARNING: [filemgmt 56-199] Attempt to get parsing info during refresh. "On-the-fly" syntax checking information may be incorrect. [C:\CSEE4280\GRP2ADD\FinalProject\Processing\Processing.srcs\sources_1\new\Start_Control.v:]
WARNING: [filemgmt 56-199] Attempt to get parsing info during refresh. "On-the-fly" syntax checking information may be incorrect. [C:\CSEE4280\GRP2ADD\FinalProject\MemVga\MemVga.srcs\sources_1\imports\FinalProject\Mem\final_project\final_project.srcs\sources_1\new\DualPort.sv:]
WARNING: [filemgmt 56-199] Attempt to get parsing info during refresh. "On-the-fly" syntax checking information may be incorrect. [C:\CSEE4280\GRP2ADD\FinalProject\MemVga\MemVga.srcs\sources_1\new\Start_Control.v:]
WARNING: [filemgmt 56-199] Attempt to get parsing info during refresh. "On-the-fly" syntax checking information may be incorrect. [C:\CSEE4280\GRP2ADD\FinalProject\Processing\Processing.srcs\sources_1\new\Auto_Control.v:]
WARNING: [filemgmt 56-199] Attempt to get parsing info during refresh. "On-the-fly" syntax checking information may be incorrect. [C:\CSEE4280\GRP2ADD\FinalProject\MemVga\MemVga.srcs\sources_1\new\Control_And_Start.v:]
WARNING: [filemgmt 56-199] Attempt to get parsing info during refresh. "On-the-fly" syntax checking information may be incorrect. [C:\CSEE4280\GRP2ADD\FinalProject\MemVga\MemVga.srcs\sources_1\imports\FinalProject\Mem\final_project\final_project.srcs\sources_1\new\Memory.sv:]
WARNING: [filemgmt 56-199] Attempt to get parsing info during refresh. "On-the-fly" syntax checking information may be incorrect. [C:\CSEE4280\GRP2ADD\FinalProject\MemVga\MemVga.srcs\sources_1\imports\FinalProject\Mem\final_project\final_project.srcs\sources_1\new\DualPort.sv:]
WARNING: [filemgmt 56-199] Attempt to get parsing info during refresh. "On-the-fly" syntax checking information may be incorrect. [C:\CSEE4280\GRP2ADD\FinalProject\MemVga\MemVga.srcs\sources_1\imports\FinalProject\Mem\final_project\final_project.srcs\sources_1\new\DualPort.sv:]
WARNING: [filemgmt 56-199] Attempt to get parsing info during refresh. "On-the-fly" syntax checking information may be incorrect. [C:\CSEE4280\GRP2ADD\FinalProject\MemVga\MemVga.srcs\sim_1\new\Start_Control_tb.v:]
WARNING: [filemgmt 56-199] Attempt to get parsing info during refresh. "On-the-fly" syntax checking information may be incorrect. [C:\CSEE4280\GRP2ADD\FinalProject\MemVga\MemVga.srcs\sources_1\new\Frame_Select_Control.v:]
WARNING: [filemgmt 56-199] Attempt to get parsing info during refresh. "On-the-fly" syntax checking information may be incorrect. [C:\CSEE4280\GRP2ADD\FinalProject\MemVga\MemVga.srcs\sources_1\new\Top.sv:]
WARNING: [filemgmt 56-199] Attempt to get parsing info during refresh. "On-the-fly" syntax checking information may be incorrect. [C:\CSEE4280\GRP2ADD\FinalProject\MemVga\MemVga.srcs\sources_1\imports\FinalProject\VGAOutput\VGAOutput.srcs\sources_1\new\frame_counter.sv:]
WARNING: [filemgmt 56-199] Attempt to get parsing info during refresh. "On-the-fly" syntax checking information may be incorrect. [C:\CSEE4280\GRP2ADD\FinalProject\Processing\Processing.srcs\sources_1\new\Start_Control.v:]
WARNING: [filemgmt 56-199] Attempt to get parsing info during refresh. "On-the-fly" syntax checking information may be incorrect. [C:\CSEE4280\GRP2ADD\FinalProject\MemVga\MemVga.srcs\sources_1\imports\FinalProject\Mem\final_project\final_project.srcs\sources_1\new\DualPort.sv:]
WARNING: [filemgmt 56-199] Attempt to get parsing info during refresh. "On-the-fly" syntax checking information may be incorrect. [C:\CSEE4280\GRP2ADD\FinalProject\MemVga\MemVga.srcs\sources_1\new\Start_Control.v:]
WARNING: [filemgmt 56-199] Attempt to get parsing info during refresh. "On-the-fly" syntax checking information may be incorrect. [C:\CSEE4280\GRP2ADD\FinalProject\Processing\Processing.srcs\sources_1\new\Auto_Control.v:]
WARNING: [filemgmt 56-199] Attempt to get parsing info during refresh. "On-the-fly" syntax checking information may be incorrect. [C:\CSEE4280\GRP2ADD\FinalProject\MemVga\MemVga.srcs\sources_1\new\Control_And_Start.v:]
WARNING: [filemgmt 56-199] Attempt to get parsing info during refresh. "On-the-fly" syntax checking information may be incorrect. [C:\CSEE4280\GRP2ADD\FinalProject\MemVga\MemVga.srcs\sources_1\imports\FinalProject\Mem\final_project\final_project.srcs\sources_1\new\Memory.sv:]
WARNING: [filemgmt 56-199] Attempt to get parsing info during refresh. "On-the-fly" syntax checking information may be incorrect. [C:\CSEE4280\GRP2ADD\FinalProject\MemVga\MemVga.srcs\sources_1\imports\FinalProject\Mem\final_project\final_project.srcs\sources_1\new\Memory.sv:]
WARNING: [filemgmt 56-199] Attempt to get parsing info during refresh. "On-the-fly" syntax checking information may be incorrect. [C:\CSEE4280\GRP2ADD\FinalProject\MemVga\MemVga.srcs\sources_1\imports\FinalProject\Mem\final_project\final_project.srcs\sources_1\new\Memory.sv:]
WARNING: [filemgmt 56-199] Attempt to get parsing info during refresh. "On-the-fly" syntax checking information may be incorrect. [C:\CSEE4280\GRP2ADD\FinalProject\MemVga\MemVga.srcs\sim_1\new\Start_Control_tb.v:]
WARNING: [filemgmt 56-199] Attempt to get parsing info during refresh. "On-the-fly" syntax checking information may be incorrect. [C:\CSEE4280\GRP2ADD\FinalProject\MemVga\MemVga.srcs\sources_1\new\Frame_Select_Control.v:]
WARNING: [filemgmt 56-199] Attempt to get parsing info during refresh. "On-the-fly" syntax checking information may be incorrect. [C:\CSEE4280\GRP2ADD\FinalProject\MemVga\MemVga.srcs\sources_1\new\Top.sv:]
WARNING: [filemgmt 56-199] Attempt to get parsing info during refresh. "On-the-fly" syntax checking information may be incorrect. [C:\CSEE4280\GRP2ADD\FinalProject\MemVga\MemVga.srcs\sources_1\imports\FinalProject\VGAOutput\VGAOutput.srcs\sources_1\new\frame_counter.sv:]
WARNING: [filemgmt 56-199] Attempt to get parsing info during refresh. "On-the-fly" syntax checking information may be incorrect. [C:\CSEE4280\GRP2ADD\FinalProject\Processing\Processing.srcs\sources_1\new\Start_Control.v:]
WARNING: [filemgmt 56-199] Attempt to get parsing info during refresh. "On-the-fly" syntax checking information may be incorrect. [C:\CSEE4280\GRP2ADD\FinalProject\MemVga\MemVga.srcs\sources_1\imports\FinalProject\Mem\final_project\final_project.srcs\sources_1\new\DualPort.sv:]
WARNING: [filemgmt 56-199] Attempt to get parsing info during refresh. "On-the-fly" syntax checking information may be incorrect. [C:\CSEE4280\GRP2ADD\FinalProject\MemVga\MemVga.srcs\sources_1\new\Start_Control.v:]
WARNING: [filemgmt 56-199] Attempt to get parsing info during refresh. "On-the-fly" syntax checking information may be incorrect. [C:\CSEE4280\GRP2ADD\FinalProject\Processing\Processing.srcs\sources_1\new\Auto_Control.v:]
WARNING: [filemgmt 56-199] Attempt to get parsing info during refresh. "On-the-fly" syntax checking information may be incorrect. [C:\CSEE4280\GRP2ADD\FinalProject\MemVga\MemVga.srcs\sources_1\new\Control_And_Start.v:]
WARNING: [filemgmt 56-199] Attempt to get parsing info during refresh. "On-the-fly" syntax checking information may be incorrect. [C:\CSEE4280\GRP2ADD\FinalProject\MemVga\MemVga.srcs\sources_1\imports\FinalProject\Mem\final_project\final_project.srcs\sources_1\new\Memory.sv:]
WARNING: [filemgmt 56-199] Attempt to get parsing info during refresh. "On-the-fly" syntax checking information may be incorrect. [C:\CSEE4280\GRP2ADD\FinalProject\MemVga\MemVga.srcs\sim_1\new\Start_Control_tb.v:]
WARNING: [filemgmt 56-199] Attempt to get parsing info during refresh. "On-the-fly" syntax checking information may be incorrect. [C:\CSEE4280\GRP2ADD\FinalProject\MemVga\MemVga.srcs\sim_1\new\Start_Control_tb.v:]
WARNING: [filemgmt 56-199] Attempt to get parsing info during refresh. "On-the-fly" syntax checking information may be incorrect. [C:\CSEE4280\GRP2ADD\FinalProject\MemVga\MemVga.srcs\sim_1\new\Start_Control_tb.v:]
WARNING: [filemgmt 56-199] Attempt to get parsing info during refresh. "On-the-fly" syntax checking information may be incorrect. [C:\CSEE4280\GRP2ADD\FinalProject\MemVga\MemVga.srcs\sources_1\new\Frame_Select_Control.v:]
WARNING: [filemgmt 56-199] Attempt to get parsing info during refresh. "On-the-fly" syntax checking information may be incorrect. [C:\CSEE4280\GRP2ADD\FinalProject\MemVga\MemVga.srcs\sources_1\new\Top.sv:]
WARNING: [filemgmt 56-199] Attempt to get parsing info during refresh. "On-the-fly" syntax checking information may be incorrect. [C:\CSEE4280\GRP2ADD\FinalProject\MemVga\MemVga.srcs\sources_1\imports\FinalProject\VGAOutput\VGAOutput.srcs\sources_1\new\frame_counter.sv:]
WARNING: [filemgmt 56-199] Attempt to get parsing info during refresh. "On-the-fly" syntax checking information may be incorrect. [C:\CSEE4280\GRP2ADD\FinalProject\Processing\Processing.srcs\sources_1\new\Start_Control.v:]
WARNING: [filemgmt 56-199] Attempt to get parsing info during refresh. "On-the-fly" syntax checking information may be incorrect. [C:\CSEE4280\GRP2ADD\FinalProject\MemVga\MemVga.srcs\sources_1\imports\FinalProject\Mem\final_project\final_project.srcs\sources_1\new\DualPort.sv:]
WARNING: [filemgmt 56-199] Attempt to get parsing info during refresh. "On-the-fly" syntax checking information may be incorrect. [C:\CSEE4280\GRP2ADD\FinalProject\MemVga\MemVga.srcs\sources_1\new\Start_Control.v:]
WARNING: [filemgmt 56-199] Attempt to get parsing info during refresh. "On-the-fly" syntax checking information may be incorrect. [C:\CSEE4280\GRP2ADD\FinalProject\Processing\Processing.srcs\sources_1\new\Auto_Control.v:]
WARNING: [filemgmt 56-199] Attempt to get parsing info during refresh. "On-the-fly" syntax checking information may be incorrect. [C:\CSEE4280\GRP2ADD\FinalProject\MemVga\MemVga.srcs\sources_1\new\Control_And_Start.v:]
WARNING: [filemgmt 56-199] Attempt to get parsing info during refresh. "On-the-fly" syntax checking information may be incorrect. [C:\CSEE4280\GRP2ADD\FinalProject\MemVga\MemVga.srcs\sources_1\imports\FinalProject\Mem\final_project\final_project.srcs\sources_1\new\Memory.sv:]
WARNING: [filemgmt 56-199] Attempt to get parsing info during refresh. "On-the-fly" syntax checking information may be incorrect. [C:\CSEE4280\GRP2ADD\FinalProject\MemVga\MemVga.srcs\sources_1\new\Control_And_Start.v:]
WARNING: [filemgmt 56-199] Attempt to get parsing info during refresh. "On-the-fly" syntax checking information may be incorrect. [C:\CSEE4280\GRP2ADD\FinalProject\MemVga\MemVga.srcs\sources_1\new\Control_And_Start.v:]
open_hw_manager
connect_hw_server -allow_non_jtag
INFO: [Labtools 27-2285] Connecting to hw_server url TCP:localhost:3121
INFO: [Labtools 27-2222] Launching hw_server...
INFO: [Labtools 27-2221] Launch Output:

****** Xilinx hw_server v2024.2
  **** Build date : Oct 29 2024 at 10:25:41
    ** Copyright 1986-2022 Xilinx, Inc. All Rights Reserved.


INFO: [Labtools 27-3415] Connecting to cs_server url TCP:localhost:0
INFO: [Labtools 27-3417] Launching cs_server...
INFO: [Labtools 27-2221] Launch Output:


******** Xilinx cs_server v2024.2.0
  ****** Build date   : Oct 30 2024-14:19:07
    **** Build number : 2024.2.1730312347
      ** Copyright 2017-2022 Xilinx, Inc. All Rights Reserved.
      ** Copyright 2022-2025 Advanced Micro Devices, Inc. All Rights Reserved.



connect_hw_server: Time (s): cpu = 00:00:01 ; elapsed = 00:00:06 . Memory (MB): peak = 2616.320 ; gain = 0.000
open_hw_target
INFO: [Labtoolstcl 44-466] Opening hw_target localhost:3121/xilinx_tcf/Digilent/210292BB36A2A
set_property PROGRAM.FILE {C:/CSEE4280/GRP2ADD/FinalProject/MemVga/MemVga.runs/impl_1/Top.bit} [get_hw_devices xc7a100t_0]
current_hw_device [get_hw_devices xc7a100t_0]
refresh_hw_device -update_hw_probes false [lindex [get_hw_devices xc7a100t_0] 0]
INFO: [Labtools 27-1434] Device xc7a100t (JTAG device index = 0) is programmed with a design that has no supported debug core(s) in it.
set_property PROBES.FILE {} [get_hw_devices xc7a100t_0]
set_property FULL_PROBES.FILE {} [get_hw_devices xc7a100t_0]
set_property PROGRAM.FILE {C:/CSEE4280/GRP2ADD/FinalProject/MemVga/MemVga.runs/impl_1/Top.bit} [get_hw_devices xc7a100t_0]
program_hw_devices [get_hw_devices xc7a100t_0]
INFO: [Labtools 27-3164] End of startup status: HIGH
refresh_hw_device [lindex [get_hw_devices xc7a100t_0] 0]
INFO: [Labtools 27-1434] Device xc7a100t (JTAG device index = 0) is programmed with a design that has no supported debug core(s) in it.
WARNING: [filemgmt 56-199] Attempt to get parsing info during refresh. "On-the-fly" syntax checking information may be incorrect. [C:\CSEE4280\GRP2ADD\FinalProject\MemVga\MemVga.srcs\sim_1\new\Start_Control_tb.v:]
WARNING: [filemgmt 56-199] Attempt to get parsing info during refresh. "On-the-fly" syntax checking information may be incorrect. [C:\CSEE4280\GRP2ADD\FinalProject\MemVga\MemVga.srcs\sources_1\new\Frame_Select_Control.v:]
WARNING: [filemgmt 56-199] Attempt to get parsing info during refresh. "On-the-fly" syntax checking information may be incorrect. [C:\CSEE4280\GRP2ADD\FinalProject\MemVga\MemVga.srcs\sources_1\new\Top.sv:]
WARNING: [filemgmt 56-199] Attempt to get parsing info during refresh. "On-the-fly" syntax checking information may be incorrect. [C:\CSEE4280\GRP2ADD\FinalProject\MemVga\MemVga.srcs\sources_1\imports\FinalProject\VGAOutput\VGAOutput.srcs\sources_1\new\frame_counter.sv:]
INFO: [Common 17-14] Message 'filemgmt 56-199' appears 100 times and further instances of the messages will be disabled. Use the Tcl command set_msg_config to change the current settings.
ERROR: [Labtoolstcl 44-513] HW Target shutdown. Closing target: localhost:3121/xilinx_tcf/Digilent/210292BB36A2A
close [ open C:/CSEE4280/GRP2ADD/FinalProject/MemVga/MemVga.srcs/sources_1/new/EnableVisual_Control.v w ]
add_files C:/CSEE4280/GRP2ADD/FinalProject/MemVga/MemVga.srcs/sources_1/new/EnableVisual_Control.v
WARNING: [filemgmt 56-199] Attempt to get parsing info during refresh. "On-the-fly" syntax checking information may be incorrect. [C:\CSEE4280\GRP2ADD\FinalProject\MemVga\MemVga.srcs\sources_1\new\Frame_Select_Control.v:]
WARNING: [filemgmt 56-199] Attempt to get parsing info during refresh. "On-the-fly" syntax checking information may be incorrect. [C:\CSEE4280\GRP2ADD\FinalProject\MemVga\MemVga.srcs\sources_1\imports\FinalProject\VGAOutput\VGAOutput.srcs\sources_1\new\frame_counter.sv:]
WARNING: [filemgmt 56-199] Attempt to get parsing info during refresh. "On-the-fly" syntax checking information may be incorrect. [C:\CSEE4280\GRP2ADD\FinalProject\Processing\Processing.srcs\sources_1\new\Start_Control.v:]
WARNING: [filemgmt 56-199] Attempt to get parsing info during refresh. "On-the-fly" syntax checking information may be incorrect. [C:\CSEE4280\GRP2ADD\FinalProject\MemVga\MemVga.srcs\sources_1\imports\FinalProject\Mem\final_project\final_project.srcs\sources_1\new\DualPort.sv:]
WARNING: [filemgmt 56-199] Attempt to get parsing info during refresh. "On-the-fly" syntax checking information may be incorrect. [C:\CSEE4280\GRP2ADD\FinalProject\MemVga\MemVga.srcs\sources_1\new\Start_Control.v:]
WARNING: [filemgmt 56-199] Attempt to get parsing info during refresh. "On-the-fly" syntax checking information may be incorrect. [C:\CSEE4280\GRP2ADD\FinalProject\MemVga\MemVga.srcs\sources_1\new\Control_And_Start.v:]
WARNING: [filemgmt 56-199] Attempt to get parsing info during refresh. "On-the-fly" syntax checking information may be incorrect. [C:\CSEE4280\GRP2ADD\FinalProject\MemVga\MemVga.srcs\sources_1\imports\FinalProject\Mem\final_project\final_project.srcs\sources_1\new\Memory.sv:]
WARNING: [filemgmt 56-199] Attempt to get parsing info during refresh. "On-the-fly" syntax checking information may be incorrect. [C:\CSEE4280\GRP2ADD\FinalProject\MemVga\MemVga.srcs\sources_1\new\Control_And_Start.v:]
WARNING: [filemgmt 56-199] Attempt to get parsing info during refresh. "On-the-fly" syntax checking information may be incorrect. [C:\CSEE4280\GRP2ADD\FinalProject\MemVga\MemVga.srcs\sources_1\new\Control_And_Start.v:]
WARNING: [filemgmt 56-199] Attempt to get parsing info during refresh. "On-the-fly" syntax checking information may be incorrect. [C:\CSEE4280\GRP2ADD\FinalProject\MemVga\MemVga.srcs\sources_1\new\Frame_Select_Control.v:]
WARNING: [filemgmt 56-199] Attempt to get parsing info during refresh. "On-the-fly" syntax checking information may be incorrect. [C:\CSEE4280\GRP2ADD\FinalProject\MemVga\MemVga.srcs\sources_1\imports\FinalProject\VGAOutput\VGAOutput.srcs\sources_1\new\frame_counter.sv:]
WARNING: [filemgmt 56-199] Attempt to get parsing info during refresh. "On-the-fly" syntax checking information may be incorrect. [C:\CSEE4280\GRP2ADD\FinalProject\Processing\Processing.srcs\sources_1\new\Start_Control.v:]
WARNING: [filemgmt 56-199] Attempt to get parsing info during refresh. "On-the-fly" syntax checking information may be incorrect. [C:\CSEE4280\GRP2ADD\FinalProject\MemVga\MemVga.srcs\sources_1\imports\FinalProject\Mem\final_project\final_project.srcs\sources_1\new\DualPort.sv:]
WARNING: [filemgmt 56-199] Attempt to get parsing info during refresh. "On-the-fly" syntax checking information may be incorrect. [C:\CSEE4280\GRP2ADD\FinalProject\MemVga\MemVga.srcs\sources_1\new\Start_Control.v:]
WARNING: [filemgmt 56-199] Attempt to get parsing info during refresh. "On-the-fly" syntax checking information may be incorrect. [C:\CSEE4280\GRP2ADD\FinalProject\MemVga\MemVga.srcs\sources_1\new\Control_And_Start.v:]
WARNING: [filemgmt 56-199] Attempt to get parsing info during refresh. "On-the-fly" syntax checking information may be incorrect. [C:\CSEE4280\GRP2ADD\FinalProject\MemVga\MemVga.srcs\sources_1\imports\FinalProject\Mem\final_project\final_project.srcs\sources_1\new\Memory.sv:]
WARNING: [filemgmt 56-199] Attempt to get parsing info during refresh. "On-the-fly" syntax checking information may be incorrect. [C:\CSEE4280\GRP2ADD\FinalProject\MemVga\MemVga.srcs\sources_1\new\Frame_Select_Control.v:]
WARNING: [filemgmt 56-199] Attempt to get parsing info during refresh. "On-the-fly" syntax checking information may be incorrect. [C:\CSEE4280\GRP2ADD\FinalProject\MemVga\MemVga.srcs\sources_1\new\Frame_Select_Control.v:]
WARNING: [filemgmt 56-199] Attempt to get parsing info during refresh. "On-the-fly" syntax checking information may be incorrect. [C:\CSEE4280\GRP2ADD\FinalProject\MemVga\MemVga.srcs\sources_1\new\Frame_Select_Control.v:]
WARNING: [filemgmt 56-199] Attempt to get parsing info during refresh. "On-the-fly" syntax checking information may be incorrect. [C:\CSEE4280\GRP2ADD\FinalProject\MemVga\MemVga.srcs\sources_1\imports\FinalProject\VGAOutput\VGAOutput.srcs\sources_1\new\frame_counter.sv:]
WARNING: [filemgmt 56-199] Attempt to get parsing info during refresh. "On-the-fly" syntax checking information may be incorrect. [C:\CSEE4280\GRP2ADD\FinalProject\Processing\Processing.srcs\sources_1\new\Start_Control.v:]
WARNING: [filemgmt 56-199] Attempt to get parsing info during refresh. "On-the-fly" syntax checking information may be incorrect. [C:\CSEE4280\GRP2ADD\FinalProject\MemVga\MemVga.srcs\sources_1\imports\FinalProject\Mem\final_project\final_project.srcs\sources_1\new\DualPort.sv:]
WARNING: [filemgmt 56-199] Attempt to get parsing info during refresh. "On-the-fly" syntax checking information may be incorrect. [C:\CSEE4280\GRP2ADD\FinalProject\MemVga\MemVga.srcs\sources_1\new\Start_Control.v:]
WARNING: [filemgmt 56-199] Attempt to get parsing info during refresh. "On-the-fly" syntax checking information may be incorrect. [C:\CSEE4280\GRP2ADD\FinalProject\MemVga\MemVga.srcs\sources_1\new\Control_And_Start.v:]
WARNING: [filemgmt 56-199] Attempt to get parsing info during refresh. "On-the-fly" syntax checking information may be incorrect. [C:\CSEE4280\GRP2ADD\FinalProject\MemVga\MemVga.srcs\sources_1\imports\FinalProject\Mem\final_project\final_project.srcs\sources_1\new\Memory.sv:]
WARNING: [filemgmt 56-199] Attempt to get parsing info during refresh. "On-the-fly" syntax checking information may be incorrect. [C:\CSEE4280\GRP2ADD\FinalProject\MemVga\MemVga.srcs\sources_1\imports\FinalProject\VGAOutput\VGAOutput.srcs\sources_1\new\frame_counter.sv:]
WARNING: [filemgmt 56-199] Attempt to get parsing info during refresh. "On-the-fly" syntax checking information may be incorrect. [C:\CSEE4280\GRP2ADD\FinalProject\MemVga\MemVga.srcs\sources_1\imports\FinalProject\VGAOutput\VGAOutput.srcs\sources_1\new\frame_counter.sv:]
WARNING: [filemgmt 56-199] Attempt to get parsing info during refresh. "On-the-fly" syntax checking information may be incorrect. [C:\CSEE4280\GRP2ADD\FinalProject\MemVga\MemVga.srcs\sources_1\new\Frame_Select_Control.v:]
WARNING: [filemgmt 56-199] Attempt to get parsing info during refresh. "On-the-fly" syntax checking information may be incorrect. [C:\CSEE4280\GRP2ADD\FinalProject\MemVga\MemVga.srcs\sources_1\imports\FinalProject\VGAOutput\VGAOutput.srcs\sources_1\new\frame_counter.sv:]
WARNING: [filemgmt 56-199] Attempt to get parsing info during refresh. "On-the-fly" syntax checking information may be incorrect. [C:\CSEE4280\GRP2ADD\FinalProject\Processing\Processing.srcs\sources_1\new\Start_Control.v:]
WARNING: [filemgmt 56-199] Attempt to get parsing info during refresh. "On-the-fly" syntax checking information may be incorrect. [C:\CSEE4280\GRP2ADD\FinalProject\MemVga\MemVga.srcs\sources_1\imports\FinalProject\Mem\final_project\final_project.srcs\sources_1\new\DualPort.sv:]
WARNING: [filemgmt 56-199] Attempt to get parsing info during refresh. "On-the-fly" syntax checking information may be incorrect. [C:\CSEE4280\GRP2ADD\FinalProject\MemVga\MemVga.srcs\sources_1\new\Start_Control.v:]
WARNING: [filemgmt 56-199] Attempt to get parsing info during refresh. "On-the-fly" syntax checking information may be incorrect. [C:\CSEE4280\GRP2ADD\FinalProject\MemVga\MemVga.srcs\sources_1\new\Control_And_Start.v:]
WARNING: [filemgmt 56-199] Attempt to get parsing info during refresh. "On-the-fly" syntax checking information may be incorrect. [C:\CSEE4280\GRP2ADD\FinalProject\MemVga\MemVga.srcs\sources_1\imports\FinalProject\Mem\final_project\final_project.srcs\sources_1\new\Memory.sv:]
WARNING: [filemgmt 56-199] Attempt to get parsing info during refresh. "On-the-fly" syntax checking information may be incorrect. [C:\CSEE4280\GRP2ADD\FinalProject\MemVga\MemVga.srcs\sources_1\imports\FinalProject\Mem\final_project\final_project.srcs\sources_1\new\DualPort.sv:]
WARNING: [filemgmt 56-199] Attempt to get parsing info during refresh. "On-the-fly" syntax checking information may be incorrect. [C:\CSEE4280\GRP2ADD\FinalProject\MemVga\MemVga.srcs\sources_1\imports\FinalProject\Mem\final_project\final_project.srcs\sources_1\new\DualPort.sv:]
WARNING: [filemgmt 56-199] Attempt to get parsing info during refresh. "On-the-fly" syntax checking information may be incorrect. [C:\CSEE4280\GRP2ADD\FinalProject\MemVga\MemVga.srcs\sources_1\new\Frame_Select_Control.v:]
WARNING: [filemgmt 56-199] Attempt to get parsing info during refresh. "On-the-fly" syntax checking information may be incorrect. [C:\CSEE4280\GRP2ADD\FinalProject\MemVga\MemVga.srcs\sources_1\imports\FinalProject\VGAOutput\VGAOutput.srcs\sources_1\new\frame_counter.sv:]
WARNING: [filemgmt 56-199] Attempt to get parsing info during refresh. "On-the-fly" syntax checking information may be incorrect. [C:\CSEE4280\GRP2ADD\FinalProject\Processing\Processing.srcs\sources_1\new\Start_Control.v:]
WARNING: [filemgmt 56-199] Attempt to get parsing info during refresh. "On-the-fly" syntax checking information may be incorrect. [C:\CSEE4280\GRP2ADD\FinalProject\MemVga\MemVga.srcs\sources_1\imports\FinalProject\Mem\final_project\final_project.srcs\sources_1\new\DualPort.sv:]
WARNING: [filemgmt 56-199] Attempt to get parsing info during refresh. "On-the-fly" syntax checking information may be incorrect. [C:\CSEE4280\GRP2ADD\FinalProject\MemVga\MemVga.srcs\sources_1\new\Start_Control.v:]
WARNING: [filemgmt 56-199] Attempt to get parsing info during refresh. "On-the-fly" syntax checking information may be incorrect. [C:\CSEE4280\GRP2ADD\FinalProject\MemVga\MemVga.srcs\sources_1\new\Control_And_Start.v:]
WARNING: [filemgmt 56-199] Attempt to get parsing info during refresh. "On-the-fly" syntax checking information may be incorrect. [C:\CSEE4280\GRP2ADD\FinalProject\MemVga\MemVga.srcs\sources_1\imports\FinalProject\Mem\final_project\final_project.srcs\sources_1\new\Memory.sv:]
WARNING: [filemgmt 56-199] Attempt to get parsing info during refresh. "On-the-fly" syntax checking information may be incorrect. [C:\CSEE4280\GRP2ADD\FinalProject\Processing\Processing.srcs\sources_1\new\Start_Control.v:]
WARNING: [filemgmt 56-199] Attempt to get parsing info during refresh. "On-the-fly" syntax checking information may be incorrect. [C:\CSEE4280\GRP2ADD\FinalProject\Processing\Processing.srcs\sources_1\new\Start_Control.v:]
WARNING: [filemgmt 56-199] Attempt to get parsing info during refresh. "On-the-fly" syntax checking information may be incorrect. [C:\CSEE4280\GRP2ADD\FinalProject\MemVga\MemVga.srcs\sources_1\new\Frame_Select_Control.v:]
WARNING: [filemgmt 56-199] Attempt to get parsing info during refresh. "On-the-fly" syntax checking information may be incorrect. [C:\CSEE4280\GRP2ADD\FinalProject\MemVga\MemVga.srcs\sources_1\imports\FinalProject\VGAOutput\VGAOutput.srcs\sources_1\new\frame_counter.sv:]
WARNING: [filemgmt 56-199] Attempt to get parsing info during refresh. "On-the-fly" syntax checking information may be incorrect. [C:\CSEE4280\GRP2ADD\FinalProject\Processing\Processing.srcs\sources_1\new\Start_Control.v:]
WARNING: [filemgmt 56-199] Attempt to get parsing info during refresh. "On-the-fly" syntax checking information may be incorrect. [C:\CSEE4280\GRP2ADD\FinalProject\MemVga\MemVga.srcs\sources_1\imports\FinalProject\Mem\final_project\final_project.srcs\sources_1\new\DualPort.sv:]
WARNING: [filemgmt 56-199] Attempt to get parsing info during refresh. "On-the-fly" syntax checking information may be incorrect. [C:\CSEE4280\GRP2ADD\FinalProject\MemVga\MemVga.srcs\sources_1\new\Start_Control.v:]
WARNING: [filemgmt 56-199] Attempt to get parsing info during refresh. "On-the-fly" syntax checking information may be incorrect. [C:\CSEE4280\GRP2ADD\FinalProject\MemVga\MemVga.srcs\sources_1\new\Control_And_Start.v:]
WARNING: [filemgmt 56-199] Attempt to get parsing info during refresh. "On-the-fly" syntax checking information may be incorrect. [C:\CSEE4280\GRP2ADD\FinalProject\MemVga\MemVga.srcs\sources_1\imports\FinalProject\Mem\final_project\final_project.srcs\sources_1\new\Memory.sv:]
WARNING: [filemgmt 56-199] Attempt to get parsing info during refresh. "On-the-fly" syntax checking information may be incorrect. [C:\CSEE4280\GRP2ADD\FinalProject\MemVga\MemVga.srcs\sources_1\new\Control_And_Start.v:]
WARNING: [filemgmt 56-199] Attempt to get parsing info during refresh. "On-the-fly" syntax checking information may be incorrect. [C:\CSEE4280\GRP2ADD\FinalProject\MemVga\MemVga.srcs\sources_1\new\Control_And_Start.v:]
WARNING: [filemgmt 56-199] Attempt to get parsing info during refresh. "On-the-fly" syntax checking information may be incorrect. [C:\CSEE4280\GRP2ADD\FinalProject\MemVga\MemVga.srcs\sources_1\new\Frame_Select_Control.v:]
WARNING: [filemgmt 56-199] Attempt to get parsing info during refresh. "On-the-fly" syntax checking information may be incorrect. [C:\CSEE4280\GRP2ADD\FinalProject\MemVga\MemVga.srcs\sources_1\imports\FinalProject\VGAOutput\VGAOutput.srcs\sources_1\new\frame_counter.sv:]
WARNING: [filemgmt 56-199] Attempt to get parsing info during refresh. "On-the-fly" syntax checking information may be incorrect. [C:\CSEE4280\GRP2ADD\FinalProject\Processing\Processing.srcs\sources_1\new\Start_Control.v:]
WARNING: [filemgmt 56-199] Attempt to get parsing info during refresh. "On-the-fly" syntax checking information may be incorrect. [C:\CSEE4280\GRP2ADD\FinalProject\MemVga\MemVga.srcs\sources_1\imports\FinalProject\Mem\final_project\final_project.srcs\sources_1\new\DualPort.sv:]
WARNING: [filemgmt 56-199] Attempt to get parsing info during refresh. "On-the-fly" syntax checking information may be incorrect. [C:\CSEE4280\GRP2ADD\FinalProject\MemVga\MemVga.srcs\sources_1\new\Start_Control.v:]
WARNING: [filemgmt 56-199] Attempt to get parsing info during refresh. "On-the-fly" syntax checking information may be incorrect. [C:\CSEE4280\GRP2ADD\FinalProject\MemVga\MemVga.srcs\sources_1\new\Control_And_Start.v:]
WARNING: [filemgmt 56-199] Attempt to get parsing info during refresh. "On-the-fly" syntax checking information may be incorrect. [C:\CSEE4280\GRP2ADD\FinalProject\MemVga\MemVga.srcs\sources_1\imports\FinalProject\Mem\final_project\final_project.srcs\sources_1\new\Memory.sv:]
WARNING: [filemgmt 56-199] Attempt to get parsing info during refresh. "On-the-fly" syntax checking information may be incorrect. [C:\CSEE4280\GRP2ADD\FinalProject\MemVga\MemVga.srcs\sources_1\new\Frame_Select_Control.v:]
WARNING: [filemgmt 56-199] Attempt to get parsing info during refresh. "On-the-fly" syntax checking information may be incorrect. [C:\CSEE4280\GRP2ADD\FinalProject\MemVga\MemVga.srcs\sources_1\new\Frame_Select_Control.v:]
WARNING: [filemgmt 56-199] Attempt to get parsing info during refresh. "On-the-fly" syntax checking information may be incorrect. [C:\CSEE4280\GRP2ADD\FinalProject\MemVga\MemVga.srcs\sources_1\new\Frame_Select_Control.v:]
WARNING: [filemgmt 56-199] Attempt to get parsing info during refresh. "On-the-fly" syntax checking information may be incorrect. [C:\CSEE4280\GRP2ADD\FinalProject\MemVga\MemVga.srcs\sources_1\imports\FinalProject\VGAOutput\VGAOutput.srcs\sources_1\new\frame_counter.sv:]
WARNING: [filemgmt 56-199] Attempt to get parsing info during refresh. "On-the-fly" syntax checking information may be incorrect. [C:\CSEE4280\GRP2ADD\FinalProject\Processing\Processing.srcs\sources_1\new\Start_Control.v:]
WARNING: [filemgmt 56-199] Attempt to get parsing info during refresh. "On-the-fly" syntax checking information may be incorrect. [C:\CSEE4280\GRP2ADD\FinalProject\MemVga\MemVga.srcs\sources_1\imports\FinalProject\Mem\final_project\final_project.srcs\sources_1\new\DualPort.sv:]
WARNING: [filemgmt 56-199] Attempt to get parsing info during refresh. "On-the-fly" syntax checking information may be incorrect. [C:\CSEE4280\GRP2ADD\FinalProject\MemVga\MemVga.srcs\sources_1\new\Start_Control.v:]
WARNING: [filemgmt 56-199] Attempt to get parsing info during refresh. "On-the-fly" syntax checking information may be incorrect. [C:\CSEE4280\GRP2ADD\FinalProject\MemVga\MemVga.srcs\sources_1\new\Control_And_Start.v:]
WARNING: [filemgmt 56-199] Attempt to get parsing info during refresh. "On-the-fly" syntax checking information may be incorrect. [C:\CSEE4280\GRP2ADD\FinalProject\MemVga\MemVga.srcs\sources_1\imports\FinalProject\Mem\final_project\final_project.srcs\sources_1\new\Memory.sv:]
WARNING: [filemgmt 56-199] Attempt to get parsing info during refresh. "On-the-fly" syntax checking information may be incorrect. [C:\CSEE4280\GRP2ADD\FinalProject\MemVga\MemVga.srcs\sources_1\imports\FinalProject\Mem\final_project\final_project.srcs\sources_1\new\Memory.sv:]
WARNING: [filemgmt 56-199] Attempt to get parsing info during refresh. "On-the-fly" syntax checking information may be incorrect. [C:\CSEE4280\GRP2ADD\FinalProject\MemVga\MemVga.srcs\sources_1\imports\FinalProject\Mem\final_project\final_project.srcs\sources_1\new\Memory.sv:]
WARNING: [filemgmt 56-199] Attempt to get parsing info during refresh. "On-the-fly" syntax checking information may be incorrect. [C:\CSEE4280\GRP2ADD\FinalProject\MemVga\MemVga.srcs\sources_1\new\Frame_Select_Control.v:]
WARNING: [filemgmt 56-199] Attempt to get parsing info during refresh. "On-the-fly" syntax checking information may be incorrect. [C:\CSEE4280\GRP2ADD\FinalProject\MemVga\MemVga.srcs\sources_1\imports\FinalProject\VGAOutput\VGAOutput.srcs\sources_1\new\frame_counter.sv:]
WARNING: [filemgmt 56-199] Attempt to get parsing info during refresh. "On-the-fly" syntax checking information may be incorrect. [C:\CSEE4280\GRP2ADD\FinalProject\Processing\Processing.srcs\sources_1\new\Start_Control.v:]
WARNING: [filemgmt 56-199] Attempt to get parsing info during refresh. "On-the-fly" syntax checking information may be incorrect. [C:\CSEE4280\GRP2ADD\FinalProject\MemVga\MemVga.srcs\sources_1\imports\FinalProject\Mem\final_project\final_project.srcs\sources_1\new\DualPort.sv:]
WARNING: [filemgmt 56-199] Attempt to get parsing info during refresh. "On-the-fly" syntax checking information may be incorrect. [C:\CSEE4280\GRP2ADD\FinalProject\MemVga\MemVga.srcs\sources_1\new\Start_Control.v:]
WARNING: [filemgmt 56-199] Attempt to get parsing info during refresh. "On-the-fly" syntax checking information may be incorrect. [C:\CSEE4280\GRP2ADD\FinalProject\MemVga\MemVga.srcs\sources_1\new\Control_And_Start.v:]
WARNING: [filemgmt 56-199] Attempt to get parsing info during refresh. "On-the-fly" syntax checking information may be incorrect. [C:\CSEE4280\GRP2ADD\FinalProject\MemVga\MemVga.srcs\sources_1\imports\FinalProject\Mem\final_project\final_project.srcs\sources_1\new\Memory.sv:]
WARNING: [filemgmt 56-199] Attempt to get parsing info during refresh. "On-the-fly" syntax checking information may be incorrect. [C:\CSEE4280\GRP2ADD\FinalProject\Processing\Processing.srcs\sources_1\new\Start_Control.v:]
WARNING: [filemgmt 56-199] Attempt to get parsing info during refresh. "On-the-fly" syntax checking information may be incorrect. [C:\CSEE4280\GRP2ADD\FinalProject\Processing\Processing.srcs\sources_1\new\Start_Control.v:]
WARNING: [filemgmt 56-199] Attempt to get parsing info during refresh. "On-the-fly" syntax checking information may be incorrect. [C:\CSEE4280\GRP2ADD\FinalProject\MemVga\MemVga.srcs\sources_1\new\Frame_Select_Control.v:]
WARNING: [filemgmt 56-199] Attempt to get parsing info during refresh. "On-the-fly" syntax checking information may be incorrect. [C:\CSEE4280\GRP2ADD\FinalProject\MemVga\MemVga.srcs\sources_1\imports\FinalProject\VGAOutput\VGAOutput.srcs\sources_1\new\frame_counter.sv:]
WARNING: [filemgmt 56-199] Attempt to get parsing info during refresh. "On-the-fly" syntax checking information may be incorrect. [C:\CSEE4280\GRP2ADD\FinalProject\Processing\Processing.srcs\sources_1\new\Start_Control.v:]
WARNING: [filemgmt 56-199] Attempt to get parsing info during refresh. "On-the-fly" syntax checking information may be incorrect. [C:\CSEE4280\GRP2ADD\FinalProject\MemVga\MemVga.srcs\sources_1\imports\FinalProject\Mem\final_project\final_project.srcs\sources_1\new\DualPort.sv:]
WARNING: [filemgmt 56-199] Attempt to get parsing info during refresh. "On-the-fly" syntax checking information may be incorrect. [C:\CSEE4280\GRP2ADD\FinalProject\MemVga\MemVga.srcs\sources_1\new\Start_Control.v:]
WARNING: [filemgmt 56-199] Attempt to get parsing info during refresh. "On-the-fly" syntax checking information may be incorrect. [C:\CSEE4280\GRP2ADD\FinalProject\MemVga\MemVga.srcs\sources_1\new\Control_And_Start.v:]
WARNING: [filemgmt 56-199] Attempt to get parsing info during refresh. "On-the-fly" syntax checking information may be incorrect. [C:\CSEE4280\GRP2ADD\FinalProject\MemVga\MemVga.srcs\sources_1\imports\FinalProject\Mem\final_project\final_project.srcs\sources_1\new\Memory.sv:]
WARNING: [filemgmt 56-199] Attempt to get parsing info during refresh. "On-the-fly" syntax checking information may be incorrect. [C:\CSEE4280\GRP2ADD\FinalProject\MemVga\MemVga.srcs\sources_1\imports\FinalProject\VGAOutput\VGAOutput.srcs\sources_1\new\frame_counter.sv:]
WARNING: [filemgmt 56-199] Attempt to get parsing info during refresh. "On-the-fly" syntax checking information may be incorrect. [C:\CSEE4280\GRP2ADD\FinalProject\MemVga\MemVga.srcs\sources_1\imports\FinalProject\VGAOutput\VGAOutput.srcs\sources_1\new\frame_counter.sv:]
update_compile_order -fileset sources_1
WARNING: [filemgmt 56-199] Attempt to get parsing info during refresh. "On-the-fly" syntax checking information may be incorrect. [C:\CSEE4280\GRP2ADD\FinalProject\MemVga\MemVga.srcs\sources_1\new\Frame_Select_Control.v:]
WARNING: [filemgmt 56-199] Attempt to get parsing info during refresh. "On-the-fly" syntax checking information may be incorrect. [C:\CSEE4280\GRP2ADD\FinalProject\MemVga\MemVga.srcs\sources_1\imports\FinalProject\VGAOutput\VGAOutput.srcs\sources_1\new\frame_counter.sv:]
WARNING: [filemgmt 56-199] Attempt to get parsing info during refresh. "On-the-fly" syntax checking information may be incorrect. [C:\CSEE4280\GRP2ADD\FinalProject\Processing\Processing.srcs\sources_1\new\Start_Control.v:]
WARNING: [filemgmt 56-199] Attempt to get parsing info during refresh. "On-the-fly" syntax checking information may be incorrect. [C:\CSEE4280\GRP2ADD\FinalProject\MemVga\MemVga.srcs\sources_1\imports\FinalProject\Mem\final_project\final_project.srcs\sources_1\new\DualPort.sv:]
WARNING: [filemgmt 56-199] Attempt to get parsing info during refresh. "On-the-fly" syntax checking information may be incorrect. [C:\CSEE4280\GRP2ADD\FinalProject\MemVga\MemVga.srcs\sources_1\new\Start_Control.v:]
WARNING: [filemgmt 56-199] Attempt to get parsing info during refresh. "On-the-fly" syntax checking information may be incorrect. [C:\CSEE4280\GRP2ADD\FinalProject\MemVga\MemVga.srcs\sources_1\new\Control_And_Start.v:]
WARNING: [filemgmt 56-199] Attempt to get parsing info during refresh. "On-the-fly" syntax checking information may be incorrect. [C:\CSEE4280\GRP2ADD\FinalProject\MemVga\MemVga.srcs\sources_1\imports\FinalProject\Mem\final_project\final_project.srcs\sources_1\new\Memory.sv:]
WARNING: [filemgmt 56-199] Attempt to get parsing info during refresh. "On-the-fly" syntax checking information may be incorrect. [C:\CSEE4280\GRP2ADD\FinalProject\MemVga\MemVga.srcs\sources_1\new\Control_And_Start.v:]
WARNING: [filemgmt 56-199] Attempt to get parsing info during refresh. "On-the-fly" syntax checking information may be incorrect. [C:\CSEE4280\GRP2ADD\FinalProject\MemVga\MemVga.srcs\sources_1\new\Control_And_Start.v:]
WARNING: [filemgmt 56-199] Attempt to get parsing info during refresh. "On-the-fly" syntax checking information may be incorrect. [C:\CSEE4280\GRP2ADD\FinalProject\MemVga\MemVga.srcs\sources_1\new\Frame_Select_Control.v:]
WARNING: [filemgmt 56-199] Attempt to get parsing info during refresh. "On-the-fly" syntax checking information may be incorrect. [C:\CSEE4280\GRP2ADD\FinalProject\MemVga\MemVga.srcs\sources_1\imports\FinalProject\VGAOutput\VGAOutput.srcs\sources_1\new\frame_counter.sv:]
WARNING: [filemgmt 56-199] Attempt to get parsing info during refresh. "On-the-fly" syntax checking information may be incorrect. [C:\CSEE4280\GRP2ADD\FinalProject\Processing\Processing.srcs\sources_1\new\Start_Control.v:]
WARNING: [filemgmt 56-199] Attempt to get parsing info during refresh. "On-the-fly" syntax checking information may be incorrect. [C:\CSEE4280\GRP2ADD\FinalProject\MemVga\MemVga.srcs\sources_1\imports\FinalProject\Mem\final_project\final_project.srcs\sources_1\new\DualPort.sv:]
WARNING: [filemgmt 56-199] Attempt to get parsing info during refresh. "On-the-fly" syntax checking information may be incorrect. [C:\CSEE4280\GRP2ADD\FinalProject\MemVga\MemVga.srcs\sources_1\new\Start_Control.v:]
WARNING: [filemgmt 56-199] Attempt to get parsing info during refresh. "On-the-fly" syntax checking information may be incorrect. [C:\CSEE4280\GRP2ADD\FinalProject\MemVga\MemVga.srcs\sources_1\new\Control_And_Start.v:]
WARNING: [filemgmt 56-199] Attempt to get parsing info during refresh. "On-the-fly" syntax checking information may be incorrect. [C:\CSEE4280\GRP2ADD\FinalProject\MemVga\MemVga.srcs\sources_1\imports\FinalProject\Mem\final_project\final_project.srcs\sources_1\new\Memory.sv:]
WARNING: [filemgmt 56-199] Attempt to get parsing info during refresh. "On-the-fly" syntax checking information may be incorrect. [C:\CSEE4280\GRP2ADD\FinalProject\MemVga\MemVga.srcs\sources_1\new\Frame_Select_Control.v:]
WARNING: [filemgmt 56-199] Attempt to get parsing info during refresh. "On-the-fly" syntax checking information may be incorrect. [C:\CSEE4280\GRP2ADD\FinalProject\MemVga\MemVga.srcs\sources_1\new\Frame_Select_Control.v:]
WARNING: [filemgmt 56-199] Attempt to get parsing info during refresh. "On-the-fly" syntax checking information may be incorrect. [C:\CSEE4280\GRP2ADD\FinalProject\MemVga\MemVga.srcs\sources_1\new\Frame_Select_Control.v:]
WARNING: [filemgmt 56-199] Attempt to get parsing info during refresh. "On-the-fly" syntax checking information may be incorrect. [C:\CSEE4280\GRP2ADD\FinalProject\MemVga\MemVga.srcs\sources_1\imports\FinalProject\VGAOutput\VGAOutput.srcs\sources_1\new\frame_counter.sv:]
WARNING: [filemgmt 56-199] Attempt to get parsing info during refresh. "On-the-fly" syntax checking information may be incorrect. [C:\CSEE4280\GRP2ADD\FinalProject\Processing\Processing.srcs\sources_1\new\Start_Control.v:]
WARNING: [filemgmt 56-199] Attempt to get parsing info during refresh. "On-the-fly" syntax checking information may be incorrect. [C:\CSEE4280\GRP2ADD\FinalProject\MemVga\MemVga.srcs\sources_1\imports\FinalProject\Mem\final_project\final_project.srcs\sources_1\new\DualPort.sv:]
WARNING: [filemgmt 56-199] Attempt to get parsing info during refresh. "On-the-fly" syntax checking information may be incorrect. [C:\CSEE4280\GRP2ADD\FinalProject\MemVga\MemVga.srcs\sources_1\new\Start_Control.v:]
WARNING: [filemgmt 56-199] Attempt to get parsing info during refresh. "On-the-fly" syntax checking information may be incorrect. [C:\CSEE4280\GRP2ADD\FinalProject\MemVga\MemVga.srcs\sources_1\new\Control_And_Start.v:]
WARNING: [filemgmt 56-199] Attempt to get parsing info during refresh. "On-the-fly" syntax checking information may be incorrect. [C:\CSEE4280\GRP2ADD\FinalProject\MemVga\MemVga.srcs\sources_1\imports\FinalProject\Mem\final_project\final_project.srcs\sources_1\new\Memory.sv:]
WARNING: [filemgmt 56-199] Attempt to get parsing info during refresh. "On-the-fly" syntax checking information may be incorrect. [C:\CSEE4280\GRP2ADD\FinalProject\MemVga\MemVga.srcs\sources_1\imports\FinalProject\Mem\final_project\final_project.srcs\sources_1\new\Memory.sv:]
WARNING: [filemgmt 56-199] Attempt to get parsing info during refresh. "On-the-fly" syntax checking information may be incorrect. [C:\CSEE4280\GRP2ADD\FinalProject\MemVga\MemVga.srcs\sources_1\imports\FinalProject\Mem\final_project\final_project.srcs\sources_1\new\Memory.sv:]
WARNING: [filemgmt 56-199] Attempt to get parsing info during refresh. "On-the-fly" syntax checking information may be incorrect. [C:\CSEE4280\GRP2ADD\FinalProject\MemVga\MemVga.srcs\sources_1\new\Frame_Select_Control.v:]
WARNING: [filemgmt 56-199] Attempt to get parsing info during refresh. "On-the-fly" syntax checking information may be incorrect. [C:\CSEE4280\GRP2ADD\FinalProject\MemVga\MemVga.srcs\sources_1\imports\FinalProject\VGAOutput\VGAOutput.srcs\sources_1\new\frame_counter.sv:]
WARNING: [filemgmt 56-199] Attempt to get parsing info during refresh. "On-the-fly" syntax checking information may be incorrect. [C:\CSEE4280\GRP2ADD\FinalProject\Processing\Processing.srcs\sources_1\new\Start_Control.v:]
WARNING: [filemgmt 56-199] Attempt to get parsing info during refresh. "On-the-fly" syntax checking information may be incorrect. [C:\CSEE4280\GRP2ADD\FinalProject\MemVga\MemVga.srcs\sources_1\imports\FinalProject\Mem\final_project\final_project.srcs\sources_1\new\DualPort.sv:]
WARNING: [filemgmt 56-199] Attempt to get parsing info during refresh. "On-the-fly" syntax checking information may be incorrect. [C:\CSEE4280\GRP2ADD\FinalProject\MemVga\MemVga.srcs\sources_1\new\Start_Control.v:]
WARNING: [filemgmt 56-199] Attempt to get parsing info during refresh. "On-the-fly" syntax checking information may be incorrect. [C:\CSEE4280\GRP2ADD\FinalProject\MemVga\MemVga.srcs\sources_1\new\Control_And_Start.v:]
WARNING: [filemgmt 56-199] Attempt to get parsing info during refresh. "On-the-fly" syntax checking information may be incorrect. [C:\CSEE4280\GRP2ADD\FinalProject\MemVga\MemVga.srcs\sources_1\imports\FinalProject\Mem\final_project\final_project.srcs\sources_1\new\Memory.sv:]
WARNING: [filemgmt 56-199] Attempt to get parsing info during refresh. "On-the-fly" syntax checking information may be incorrect. [C:\CSEE4280\GRP2ADD\FinalProject\MemVga\MemVga.srcs\sources_1\imports\FinalProject\Mem\final_project\final_project.srcs\sources_1\new\DualPort.sv:]
WARNING: [filemgmt 56-199] Attempt to get parsing info during refresh. "On-the-fly" syntax checking information may be incorrect. [C:\CSEE4280\GRP2ADD\FinalProject\MemVga\MemVga.srcs\sources_1\imports\FinalProject\Mem\final_project\final_project.srcs\sources_1\new\DualPort.sv:]
WARNING: [filemgmt 56-199] Attempt to get parsing info during refresh. "On-the-fly" syntax checking information may be incorrect. [C:\CSEE4280\GRP2ADD\FinalProject\MemVga\MemVga.srcs\sources_1\new\Frame_Select_Control.v:]
WARNING: [filemgmt 56-199] Attempt to get parsing info during refresh. "On-the-fly" syntax checking information may be incorrect. [C:\CSEE4280\GRP2ADD\FinalProject\MemVga\MemVga.srcs\sources_1\imports\FinalProject\VGAOutput\VGAOutput.srcs\sources_1\new\frame_counter.sv:]
WARNING: [filemgmt 56-199] Attempt to get parsing info during refresh. "On-the-fly" syntax checking information may be incorrect. [C:\CSEE4280\GRP2ADD\FinalProject\Processing\Processing.srcs\sources_1\new\Start_Control.v:]
WARNING: [filemgmt 56-199] Attempt to get parsing info during refresh. "On-the-fly" syntax checking information may be incorrect. [C:\CSEE4280\GRP2ADD\FinalProject\MemVga\MemVga.srcs\sources_1\imports\FinalProject\Mem\final_project\final_project.srcs\sources_1\new\DualPort.sv:]
WARNING: [filemgmt 56-199] Attempt to get parsing info during refresh. "On-the-fly" syntax checking information may be incorrect. [C:\CSEE4280\GRP2ADD\FinalProject\MemVga\MemVga.srcs\sources_1\new\Start_Control.v:]
WARNING: [filemgmt 56-199] Attempt to get parsing info during refresh. "On-the-fly" syntax checking information may be incorrect. [C:\CSEE4280\GRP2ADD\FinalProject\MemVga\MemVga.srcs\sources_1\new\Control_And_Start.v:]
WARNING: [filemgmt 56-199] Attempt to get parsing info during refresh. "On-the-fly" syntax checking information may be incorrect. [C:\CSEE4280\GRP2ADD\FinalProject\MemVga\MemVga.srcs\sources_1\imports\FinalProject\Mem\final_project\final_project.srcs\sources_1\new\Memory.sv:]
WARNING: [filemgmt 56-199] Attempt to get parsing info during refresh. "On-the-fly" syntax checking information may be incorrect. [C:\CSEE4280\GRP2ADD\FinalProject\Processing\Processing.srcs\sources_1\new\Start_Control.v:]
WARNING: [filemgmt 56-199] Attempt to get parsing info during refresh. "On-the-fly" syntax checking information may be incorrect. [C:\CSEE4280\GRP2ADD\FinalProject\Processing\Processing.srcs\sources_1\new\Start_Control.v:]
WARNING: [filemgmt 56-199] Attempt to get parsing info during refresh. "On-the-fly" syntax checking information may be incorrect. [C:\CSEE4280\GRP2ADD\FinalProject\MemVga\MemVga.srcs\sources_1\new\Top.sv:]
WARNING: [filemgmt 56-199] Attempt to get parsing info during refresh. "On-the-fly" syntax checking information may be incorrect. [C:\CSEE4280\GRP2ADD\FinalProject\MemVga\MemVga.srcs\sources_1\imports\FinalProject\Mem\final_project\final_project.srcs\sources_1\new\DualPort.sv:]
WARNING: [filemgmt 56-199] Attempt to get parsing info during refresh. "On-the-fly" syntax checking information may be incorrect. [C:\CSEE4280\GRP2ADD\FinalProject\MemVga\MemVga.srcs\sources_1\new\Start_Control.v:]
WARNING: [filemgmt 56-199] Attempt to get parsing info during refresh. "On-the-fly" syntax checking information may be incorrect. [C:\CSEE4280\GRP2ADD\FinalProject\MemVga\MemVga.srcs\sources_1\imports\FinalProject\Mem\final_project\final_project.srcs\sources_1\new\Memory.sv:]
WARNING: [filemgmt 56-199] Attempt to get parsing info during refresh. "On-the-fly" syntax checking information may be incorrect. [C:\CSEE4280\GRP2ADD\FinalProject\MemVga\MemVga.srcs\sources_1\imports\FinalProject\Mem\final_project\final_project.srcs\sources_1\new\Memory.sv:]
WARNING: [filemgmt 56-199] Attempt to get parsing info during refresh. "On-the-fly" syntax checking information may be incorrect. [C:\CSEE4280\GRP2ADD\FinalProject\MemVga\MemVga.srcs\sources_1\imports\FinalProject\Mem\final_project\final_project.srcs\sources_1\new\Memory.sv:]
WARNING: [filemgmt 56-199] Attempt to get parsing info during refresh. "On-the-fly" syntax checking information may be incorrect. [C:\CSEE4280\GRP2ADD\FinalProject\MemVga\MemVga.srcs\sources_1\new\Top.sv:]
WARNING: [filemgmt 56-199] Attempt to get parsing info during refresh. "On-the-fly" syntax checking information may be incorrect. [C:\CSEE4280\GRP2ADD\FinalProject\MemVga\MemVga.srcs\sources_1\imports\FinalProject\Mem\final_project\final_project.srcs\sources_1\new\DualPort.sv:]
WARNING: [filemgmt 56-199] Attempt to get parsing info during refresh. "On-the-fly" syntax checking information may be incorrect. [C:\CSEE4280\GRP2ADD\FinalProject\MemVga\MemVga.srcs\sources_1\new\Start_Control.v:]
WARNING: [filemgmt 56-199] Attempt to get parsing info during refresh. "On-the-fly" syntax checking information may be incorrect. [C:\CSEE4280\GRP2ADD\FinalProject\MemVga\MemVga.srcs\sources_1\imports\FinalProject\Mem\final_project\final_project.srcs\sources_1\new\Memory.sv:]
WARNING: [filemgmt 56-199] Attempt to get parsing info during refresh. "On-the-fly" syntax checking information may be incorrect. [C:\CSEE4280\GRP2ADD\FinalProject\MemVga\MemVga.srcs\sources_1\new\Top.sv:]
WARNING: [filemgmt 56-199] Attempt to get parsing info during refresh. "On-the-fly" syntax checking information may be incorrect. [C:\CSEE4280\GRP2ADD\FinalProject\MemVga\MemVga.srcs\sources_1\new\Top.sv:]
WARNING: [filemgmt 56-199] Attempt to get parsing info during refresh. "On-the-fly" syntax checking information may be incorrect. [C:\CSEE4280\GRP2ADD\FinalProject\MemVga\MemVga.srcs\sources_1\new\Top.sv:]
WARNING: [filemgmt 56-199] Attempt to get parsing info during refresh. "On-the-fly" syntax checking information may be incorrect. [C:\CSEE4280\GRP2ADD\FinalProject\MemVga\MemVga.srcs\sources_1\imports\FinalProject\Mem\final_project\final_project.srcs\sources_1\new\DualPort.sv:]
WARNING: [filemgmt 56-199] Attempt to get parsing info during refresh. "On-the-fly" syntax checking information may be incorrect. [C:\CSEE4280\GRP2ADD\FinalProject\MemVga\MemVga.srcs\sources_1\new\EnableVisual_Control.v:]
WARNING: [filemgmt 56-199] Attempt to get parsing info during refresh. "On-the-fly" syntax checking information may be incorrect. [C:\CSEE4280\GRP2ADD\FinalProject\MemVga\MemVga.srcs\sources_1\new\Start_Control.v:]
WARNING: [filemgmt 56-199] Attempt to get parsing info during refresh. "On-the-fly" syntax checking information may be incorrect. [C:\CSEE4280\GRP2ADD\FinalProject\MemVga\MemVga.srcs\sources_1\imports\FinalProject\Mem\final_project\final_project.srcs\sources_1\new\Memory.sv:]
WARNING: [filemgmt 56-199] Attempt to get parsing info during refresh. "On-the-fly" syntax checking information may be incorrect. [C:\CSEE4280\GRP2ADD\FinalProject\MemVga\MemVga.srcs\sources_1\imports\FinalProject\Mem\final_project\final_project.srcs\sources_1\new\Memory.sv:]
WARNING: [filemgmt 56-199] Attempt to get parsing info during refresh. "On-the-fly" syntax checking information may be incorrect. [C:\CSEE4280\GRP2ADD\FinalProject\MemVga\MemVga.srcs\sources_1\imports\FinalProject\Mem\final_project\final_project.srcs\sources_1\new\Memory.sv:]
WARNING: [filemgmt 56-199] Attempt to get parsing info during refresh. "On-the-fly" syntax checking information may be incorrect. [C:\CSEE4280\GRP2ADD\FinalProject\MemVga\MemVga.srcs\sources_1\new\Top.sv:]
WARNING: [filemgmt 56-199] Attempt to get parsing info during refresh. "On-the-fly" syntax checking information may be incorrect. [C:\CSEE4280\GRP2ADD\FinalProject\MemVga\MemVga.srcs\sources_1\imports\FinalProject\Mem\final_project\final_project.srcs\sources_1\new\DualPort.sv:]
WARNING: [filemgmt 56-199] Attempt to get parsing info during refresh. "On-the-fly" syntax checking information may be incorrect. [C:\CSEE4280\GRP2ADD\FinalProject\MemVga\MemVga.srcs\sources_1\new\EnableVisual_Control.v:]
WARNING: [filemgmt 56-199] Attempt to get parsing info during refresh. "On-the-fly" syntax checking information may be incorrect. [C:\CSEE4280\GRP2ADD\FinalProject\MemVga\MemVga.srcs\sources_1\new\Start_Control.v:]
WARNING: [filemgmt 56-199] Attempt to get parsing info during refresh. "On-the-fly" syntax checking information may be incorrect. [C:\CSEE4280\GRP2ADD\FinalProject\MemVga\MemVga.srcs\sources_1\imports\FinalProject\Mem\final_project\final_project.srcs\sources_1\new\Memory.sv:]
WARNING: [filemgmt 56-199] Attempt to get parsing info during refresh. "On-the-fly" syntax checking information may be incorrect. [C:\CSEE4280\GRP2ADD\FinalProject\MemVga\MemVga.srcs\sources_1\new\EnableVisual_Control.v:]
WARNING: [filemgmt 56-199] Attempt to get parsing info during refresh. "On-the-fly" syntax checking information may be incorrect. [C:\CSEE4280\GRP2ADD\FinalProject\MemVga\MemVga.srcs\sources_1\new\EnableVisual_Control.v:]
WARNING: [filemgmt 56-199] Attempt to get parsing info during refresh. "On-the-fly" syntax checking information may be incorrect. [C:\CSEE4280\GRP2ADD\FinalProject\MemVga\MemVga.srcs\sources_1\new\Top.sv:]
WARNING: [filemgmt 56-199] Attempt to get parsing info during refresh. "On-the-fly" syntax checking information may be incorrect. [C:\CSEE4280\GRP2ADD\FinalProject\MemVga\MemVga.srcs\sources_1\imports\FinalProject\Mem\final_project\final_project.srcs\sources_1\new\DualPort.sv:]
WARNING: [filemgmt 56-199] Attempt to get parsing info during refresh. "On-the-fly" syntax checking information may be incorrect. [C:\CSEE4280\GRP2ADD\FinalProject\MemVga\MemVga.srcs\sources_1\new\EnableVisual_Control.v:]
WARNING: [filemgmt 56-199] Attempt to get parsing info during refresh. "On-the-fly" syntax checking information may be incorrect. [C:\CSEE4280\GRP2ADD\FinalProject\MemVga\MemVga.srcs\sources_1\new\Start_Control.v:]
WARNING: [filemgmt 56-199] Attempt to get parsing info during refresh. "On-the-fly" syntax checking information may be incorrect. [C:\CSEE4280\GRP2ADD\FinalProject\MemVga\MemVga.srcs\sources_1\imports\FinalProject\Mem\final_project\final_project.srcs\sources_1\new\Memory.sv:]
WARNING: [filemgmt 56-199] Attempt to get parsing info during refresh. "On-the-fly" syntax checking information may be incorrect. [C:\CSEE4280\GRP2ADD\FinalProject\MemVga\MemVga.srcs\sources_1\imports\FinalProject\Mem\final_project\final_project.srcs\sources_1\new\DualPort.sv:]
WARNING: [filemgmt 56-199] Attempt to get parsing info during refresh. "On-the-fly" syntax checking information may be incorrect. [C:\CSEE4280\GRP2ADD\FinalProject\MemVga\MemVga.srcs\sources_1\imports\FinalProject\Mem\final_project\final_project.srcs\sources_1\new\DualPort.sv:]
WARNING: [filemgmt 56-199] Attempt to get parsing info during refresh. "On-the-fly" syntax checking information may be incorrect. [C:\CSEE4280\GRP2ADD\FinalProject\MemVga\MemVga.srcs\sources_1\new\Top.sv:]
WARNING: [filemgmt 56-199] Attempt to get parsing info during refresh. "On-the-fly" syntax checking information may be incorrect. [C:\CSEE4280\GRP2ADD\FinalProject\MemVga\MemVga.srcs\sources_1\imports\FinalProject\Mem\final_project\final_project.srcs\sources_1\new\DualPort.sv:]
WARNING: [filemgmt 56-199] Attempt to get parsing info during refresh. "On-the-fly" syntax checking information may be incorrect. [C:\CSEE4280\GRP2ADD\FinalProject\MemVga\MemVga.srcs\sources_1\new\EnableVisual_Control.v:]
WARNING: [filemgmt 56-199] Attempt to get parsing info during refresh. "On-the-fly" syntax checking information may be incorrect. [C:\CSEE4280\GRP2ADD\FinalProject\MemVga\MemVga.srcs\sources_1\new\Start_Control.v:]
WARNING: [filemgmt 56-199] Attempt to get parsing info during refresh. "On-the-fly" syntax checking information may be incorrect. [C:\CSEE4280\GRP2ADD\FinalProject\MemVga\MemVga.srcs\sources_1\imports\FinalProject\Mem\final_project\final_project.srcs\sources_1\new\Memory.sv:]
WARNING: [filemgmt 56-199] Attempt to get parsing info during refresh. "On-the-fly" syntax checking information may be incorrect. [C:\CSEE4280\GRP2ADD\FinalProject\MemVga\MemVga.srcs\sources_1\imports\FinalProject\Mem\final_project\final_project.srcs\sources_1\new\Memory.sv:]
WARNING: [filemgmt 56-199] Attempt to get parsing info during refresh. "On-the-fly" syntax checking information may be incorrect. [C:\CSEE4280\GRP2ADD\FinalProject\MemVga\MemVga.srcs\sources_1\imports\FinalProject\Mem\final_project\final_project.srcs\sources_1\new\Memory.sv:]
WARNING: [filemgmt 56-199] Attempt to get parsing info during refresh. "On-the-fly" syntax checking information may be incorrect. [C:\CSEE4280\GRP2ADD\FinalProject\MemVga\MemVga.srcs\sources_1\new\Top.sv:]
WARNING: [filemgmt 56-199] Attempt to get parsing info during refresh. "On-the-fly" syntax checking information may be incorrect. [C:\CSEE4280\GRP2ADD\FinalProject\MemVga\MemVga.srcs\sources_1\imports\FinalProject\Mem\final_project\final_project.srcs\sources_1\new\DualPort.sv:]
WARNING: [filemgmt 56-199] Attempt to get parsing info during refresh. "On-the-fly" syntax checking information may be incorrect. [C:\CSEE4280\GRP2ADD\FinalProject\MemVga\MemVga.srcs\sources_1\new\EnableVisual_Control.v:]
WARNING: [filemgmt 56-199] Attempt to get parsing info during refresh. "On-the-fly" syntax checking information may be incorrect. [C:\CSEE4280\GRP2ADD\FinalProject\MemVga\MemVga.srcs\sources_1\new\Start_Control.v:]
WARNING: [filemgmt 56-199] Attempt to get parsing info during refresh. "On-the-fly" syntax checking information may be incorrect. [C:\CSEE4280\GRP2ADD\FinalProject\MemVga\MemVga.srcs\sources_1\imports\FinalProject\Mem\final_project\final_project.srcs\sources_1\new\Memory.sv:]
WARNING: [filemgmt 56-199] Attempt to get parsing info during refresh. "On-the-fly" syntax checking information may be incorrect. [C:\CSEE4280\GRP2ADD\FinalProject\MemVga\MemVga.srcs\sources_1\new\EnableVisual_Control.v:]
WARNING: [filemgmt 56-199] Attempt to get parsing info during refresh. "On-the-fly" syntax checking information may be incorrect. [C:\CSEE4280\GRP2ADD\FinalProject\MemVga\MemVga.srcs\sources_1\new\EnableVisual_Control.v:]
WARNING: [filemgmt 56-199] Attempt to get parsing info during refresh. "On-the-fly" syntax checking information may be incorrect. [C:\CSEE4280\GRP2ADD\FinalProject\MemVga\MemVga.srcs\sources_1\new\Top.sv:]
WARNING: [filemgmt 56-199] Attempt to get parsing info during refresh. "On-the-fly" syntax checking information may be incorrect. [C:\CSEE4280\GRP2ADD\FinalProject\MemVga\MemVga.srcs\sources_1\imports\FinalProject\Mem\final_project\final_project.srcs\sources_1\new\DualPort.sv:]
WARNING: [filemgmt 56-199] Attempt to get parsing info during refresh. "On-the-fly" syntax checking information may be incorrect. [C:\CSEE4280\GRP2ADD\FinalProject\MemVga\MemVga.srcs\sources_1\new\EnableVisual_Control.v:]
WARNING: [filemgmt 56-199] Attempt to get parsing info during refresh. "On-the-fly" syntax checking information may be incorrect. [C:\CSEE4280\GRP2ADD\FinalProject\MemVga\MemVga.srcs\sources_1\new\Start_Control.v:]
WARNING: [filemgmt 56-199] Attempt to get parsing info during refresh. "On-the-fly" syntax checking information may be incorrect. [C:\CSEE4280\GRP2ADD\FinalProject\MemVga\MemVga.srcs\sources_1\imports\FinalProject\Mem\final_project\final_project.srcs\sources_1\new\Memory.sv:]
WARNING: [filemgmt 56-199] Attempt to get parsing info during refresh. "On-the-fly" syntax checking information may be incorrect. [C:\CSEE4280\GRP2ADD\FinalProject\MemVga\MemVga.srcs\sources_1\imports\FinalProject\Mem\final_project\final_project.srcs\sources_1\new\DualPort.sv:]
WARNING: [filemgmt 56-199] Attempt to get parsing info during refresh. "On-the-fly" syntax checking information may be incorrect. [C:\CSEE4280\GRP2ADD\FinalProject\MemVga\MemVga.srcs\sources_1\imports\FinalProject\Mem\final_project\final_project.srcs\sources_1\new\DualPort.sv:]
WARNING: [filemgmt 56-199] Attempt to get parsing info during refresh. "On-the-fly" syntax checking information may be incorrect. [C:\CSEE4280\GRP2ADD\FinalProject\MemVga\MemVga.srcs\sources_1\new\Top.sv:]
WARNING: [filemgmt 56-199] Attempt to get parsing info during refresh. "On-the-fly" syntax checking information may be incorrect. [C:\CSEE4280\GRP2ADD\FinalProject\MemVga\MemVga.srcs\sources_1\imports\FinalProject\Mem\final_project\final_project.srcs\sources_1\new\DualPort.sv:]
WARNING: [filemgmt 56-199] Attempt to get parsing info during refresh. "On-the-fly" syntax checking information may be incorrect. [C:\CSEE4280\GRP2ADD\FinalProject\MemVga\MemVga.srcs\sources_1\new\EnableVisual_Control.v:]
WARNING: [filemgmt 56-199] Attempt to get parsing info during refresh. "On-the-fly" syntax checking information may be incorrect. [C:\CSEE4280\GRP2ADD\FinalProject\MemVga\MemVga.srcs\sources_1\new\Start_Control.v:]
WARNING: [filemgmt 56-199] Attempt to get parsing info during refresh. "On-the-fly" syntax checking information may be incorrect. [C:\CSEE4280\GRP2ADD\FinalProject\MemVga\MemVga.srcs\sources_1\imports\FinalProject\Mem\final_project\final_project.srcs\sources_1\new\Memory.sv:]
WARNING: [filemgmt 56-199] Attempt to get parsing info during refresh. "On-the-fly" syntax checking information may be incorrect. [C:\CSEE4280\GRP2ADD\FinalProject\MemVga\MemVga.srcs\sources_1\new\Top.sv:]
WARNING: [filemgmt 56-199] Attempt to get parsing info during refresh. "On-the-fly" syntax checking information may be incorrect. [C:\CSEE4280\GRP2ADD\FinalProject\MemVga\MemVga.srcs\sources_1\new\Top.sv:]
WARNING: [filemgmt 56-199] Attempt to get parsing info during refresh. "On-the-fly" syntax checking information may be incorrect. [C:\CSEE4280\GRP2ADD\FinalProject\MemVga\MemVga.srcs\sources_1\new\Top.sv:]
WARNING: [filemgmt 56-199] Attempt to get parsing info during refresh. "On-the-fly" syntax checking information may be incorrect. [C:\CSEE4280\GRP2ADD\FinalProject\MemVga\MemVga.srcs\sources_1\imports\FinalProject\Mem\final_project\final_project.srcs\sources_1\new\DualPort.sv:]
WARNING: [filemgmt 56-199] Attempt to get parsing info during refresh. "On-the-fly" syntax checking information may be incorrect. [C:\CSEE4280\GRP2ADD\FinalProject\MemVga\MemVga.srcs\sources_1\new\EnableVisual_Control.v:]
WARNING: [filemgmt 56-199] Attempt to get parsing info during refresh. "On-the-fly" syntax checking information may be incorrect. [C:\CSEE4280\GRP2ADD\FinalProject\MemVga\MemVga.srcs\sources_1\new\Start_Control.v:]
WARNING: [filemgmt 56-199] Attempt to get parsing info during refresh. "On-the-fly" syntax checking information may be incorrect. [C:\CSEE4280\GRP2ADD\FinalProject\MemVga\MemVga.srcs\sources_1\imports\FinalProject\Mem\final_project\final_project.srcs\sources_1\new\Memory.sv:]
WARNING: [filemgmt 56-199] Attempt to get parsing info during refresh. "On-the-fly" syntax checking information may be incorrect. [C:\CSEE4280\GRP2ADD\FinalProject\MemVga\MemVga.srcs\sources_1\new\EnableVisual_Control.v:]
WARNING: [filemgmt 56-199] Attempt to get parsing info during refresh. "On-the-fly" syntax checking information may be incorrect. [C:\CSEE4280\GRP2ADD\FinalProject\MemVga\MemVga.srcs\sources_1\new\EnableVisual_Control.v:]
WARNING: [filemgmt 56-199] Attempt to get parsing info during refresh. "On-the-fly" syntax checking information may be incorrect. [C:\CSEE4280\GRP2ADD\FinalProject\MemVga\MemVga.srcs\sources_1\new\Top.sv:]
WARNING: [filemgmt 56-199] Attempt to get parsing info during refresh. "On-the-fly" syntax checking information may be incorrect. [C:\CSEE4280\GRP2ADD\FinalProject\MemVga\MemVga.srcs\sources_1\imports\FinalProject\Mem\final_project\final_project.srcs\sources_1\new\DualPort.sv:]
WARNING: [filemgmt 56-199] Attempt to get parsing info during refresh. "On-the-fly" syntax checking information may be incorrect. [C:\CSEE4280\GRP2ADD\FinalProject\MemVga\MemVga.srcs\sources_1\new\EnableVisual_Control.v:]
WARNING: [filemgmt 56-199] Attempt to get parsing info during refresh. "On-the-fly" syntax checking information may be incorrect. [C:\CSEE4280\GRP2ADD\FinalProject\MemVga\MemVga.srcs\sources_1\new\Start_Control.v:]
WARNING: [filemgmt 56-199] Attempt to get parsing info during refresh. "On-the-fly" syntax checking information may be incorrect. [C:\CSEE4280\GRP2ADD\FinalProject\MemVga\MemVga.srcs\sources_1\imports\FinalProject\Mem\final_project\final_project.srcs\sources_1\new\Memory.sv:]
WARNING: [filemgmt 56-199] Attempt to get parsing info during refresh. "On-the-fly" syntax checking information may be incorrect. [C:\CSEE4280\GRP2ADD\FinalProject\MemVga\MemVga.srcs\sources_1\imports\FinalProject\Mem\final_project\final_project.srcs\sources_1\new\DualPort.sv:]
WARNING: [filemgmt 56-199] Attempt to get parsing info during refresh. "On-the-fly" syntax checking information may be incorrect. [C:\CSEE4280\GRP2ADD\FinalProject\MemVga\MemVga.srcs\sources_1\imports\FinalProject\Mem\final_project\final_project.srcs\sources_1\new\DualPort.sv:]
update_compile_order -fileset sources_1
WARNING: [filemgmt 56-199] Attempt to get parsing info during refresh. "On-the-fly" syntax checking information may be incorrect. [C:\CSEE4280\GRP2ADD\FinalProject\MemVga\MemVga.srcs\sources_1\new\Top.sv:]
WARNING: [filemgmt 56-199] Attempt to get parsing info during refresh. "On-the-fly" syntax checking information may be incorrect. [C:\CSEE4280\GRP2ADD\FinalProject\MemVga\MemVga.srcs\sources_1\imports\FinalProject\Mem\final_project\final_project.srcs\sources_1\new\DualPort.sv:]
WARNING: [filemgmt 56-199] Attempt to get parsing info during refresh. "On-the-fly" syntax checking information may be incorrect. [C:\CSEE4280\GRP2ADD\FinalProject\MemVga\MemVga.srcs\sources_1\new\EnableVisual_Control.v:]
WARNING: [filemgmt 56-199] Attempt to get parsing info during refresh. "On-the-fly" syntax checking information may be incorrect. [C:\CSEE4280\GRP2ADD\FinalProject\MemVga\MemVga.srcs\sources_1\new\Start_Control.v:]
WARNING: [filemgmt 56-199] Attempt to get parsing info during refresh. "On-the-fly" syntax checking information may be incorrect. [C:\CSEE4280\GRP2ADD\FinalProject\MemVga\MemVga.srcs\sources_1\imports\FinalProject\Mem\final_project\final_project.srcs\sources_1\new\Memory.sv:]
WARNING: [filemgmt 56-199] Attempt to get parsing info during refresh. "On-the-fly" syntax checking information may be incorrect. [C:\CSEE4280\GRP2ADD\FinalProject\MemVga\MemVga.srcs\sources_1\imports\FinalProject\Mem\final_project\final_project.srcs\sources_1\new\DualPort.sv:]
WARNING: [filemgmt 56-199] Attempt to get parsing info during refresh. "On-the-fly" syntax checking information may be incorrect. [C:\CSEE4280\GRP2ADD\FinalProject\MemVga\MemVga.srcs\sources_1\imports\FinalProject\Mem\final_project\final_project.srcs\sources_1\new\DualPort.sv:]
WARNING: [filemgmt 56-199] Attempt to get parsing info during refresh. "On-the-fly" syntax checking information may be incorrect. [C:\CSEE4280\GRP2ADD\FinalProject\MemVga\MemVga.srcs\sources_1\new\Top.sv:]
WARNING: [filemgmt 56-199] Attempt to get parsing info during refresh. "On-the-fly" syntax checking information may be incorrect. [C:\CSEE4280\GRP2ADD\FinalProject\MemVga\MemVga.srcs\sources_1\imports\FinalProject\Mem\final_project\final_project.srcs\sources_1\new\DualPort.sv:]
WARNING: [filemgmt 56-199] Attempt to get parsing info during refresh. "On-the-fly" syntax checking information may be incorrect. [C:\CSEE4280\GRP2ADD\FinalProject\MemVga\MemVga.srcs\sources_1\new\EnableVisual_Control.v:]
WARNING: [filemgmt 56-199] Attempt to get parsing info during refresh. "On-the-fly" syntax checking information may be incorrect. [C:\CSEE4280\GRP2ADD\FinalProject\MemVga\MemVga.srcs\sources_1\new\Start_Control.v:]
WARNING: [filemgmt 56-199] Attempt to get parsing info during refresh. "On-the-fly" syntax checking information may be incorrect. [C:\CSEE4280\GRP2ADD\FinalProject\MemVga\MemVga.srcs\sources_1\imports\FinalProject\Mem\final_project\final_project.srcs\sources_1\new\Memory.sv:]
WARNING: [filemgmt 56-199] Attempt to get parsing info during refresh. "On-the-fly" syntax checking information may be incorrect. [C:\CSEE4280\GRP2ADD\FinalProject\MemVga\MemVga.srcs\sources_1\new\Top.sv:]
WARNING: [filemgmt 56-199] Attempt to get parsing info during refresh. "On-the-fly" syntax checking information may be incorrect. [C:\CSEE4280\GRP2ADD\FinalProject\MemVga\MemVga.srcs\sources_1\new\Top.sv:]
WARNING: [filemgmt 56-199] Attempt to get parsing info during refresh. "On-the-fly" syntax checking information may be incorrect. [C:\CSEE4280\GRP2ADD\FinalProject\MemVga\MemVga.srcs\sources_1\new\Top.sv:]
WARNING: [filemgmt 56-199] Attempt to get parsing info during refresh. "On-the-fly" syntax checking information may be incorrect. [C:\CSEE4280\GRP2ADD\FinalProject\MemVga\MemVga.srcs\sources_1\imports\FinalProject\Mem\final_project\final_project.srcs\sources_1\new\DualPort.sv:]
WARNING: [filemgmt 56-199] Attempt to get parsing info during refresh. "On-the-fly" syntax checking information may be incorrect. [C:\CSEE4280\GRP2ADD\FinalProject\MemVga\MemVga.srcs\sources_1\new\EnableVisual_Control.v:]
WARNING: [filemgmt 56-199] Attempt to get parsing info during refresh. "On-the-fly" syntax checking information may be incorrect. [C:\CSEE4280\GRP2ADD\FinalProject\MemVga\MemVga.srcs\sources_1\new\Start_Control.v:]
WARNING: [filemgmt 56-199] Attempt to get parsing info during refresh. "On-the-fly" syntax checking information may be incorrect. [C:\CSEE4280\GRP2ADD\FinalProject\MemVga\MemVga.srcs\sources_1\imports\FinalProject\Mem\final_project\final_project.srcs\sources_1\new\Memory.sv:]
WARNING: [filemgmt 56-199] Attempt to get parsing info during refresh. "On-the-fly" syntax checking information may be incorrect. [C:\CSEE4280\GRP2ADD\FinalProject\MemVga\MemVga.srcs\sources_1\imports\FinalProject\Mem\final_project\final_project.srcs\sources_1\new\Memory.sv:]
WARNING: [filemgmt 56-199] Attempt to get parsing info during refresh. "On-the-fly" syntax checking information may be incorrect. [C:\CSEE4280\GRP2ADD\FinalProject\MemVga\MemVga.srcs\sources_1\imports\FinalProject\Mem\final_project\final_project.srcs\sources_1\new\Memory.sv:]
reset_run synth_1
INFO: [Project 1-1161] Replacing file C:/CSEE4280/GRP2ADD/FinalProject/MemVga/MemVga.srcs/utils_1/imports/synth_1/Top.dcp with file C:/CSEE4280/GRP2ADD/FinalProject/MemVga/MemVga.runs/synth_1/Top.dcp
WARNING: [Vivado 12-1017] Problems encountered:
1. Failed to delete one or more files in run directory C:/CSEE4280/GRP2ADD/FinalProject/MemVga/MemVga.runs/synth_1

launch_runs impl_1 -to_step write_bitstream -jobs 12
[Thu Apr 24 11:41:08 2025] Launched synth_1...
Run output will be captured here: C:/CSEE4280/GRP2ADD/FinalProject/MemVga/MemVga.runs/synth_1/runme.log
[Thu Apr 24 11:41:08 2025] Launched impl_1...
Run output will be captured here: C:/CSEE4280/GRP2ADD/FinalProject/MemVga/MemVga.runs/impl_1/runme.log
WARNING: [filemgmt 56-199] Attempt to get parsing info during refresh. "On-the-fly" syntax checking information may be incorrect. [C:\CSEE4280\GRP2ADD\FinalProject\MemVga\MemVga.srcs\sources_1\new\Top.sv:]
WARNING: [filemgmt 56-199] Attempt to get parsing info during refresh. "On-the-fly" syntax checking information may be incorrect. [C:\CSEE4280\GRP2ADD\FinalProject\MemVga\MemVga.srcs\sources_1\imports\FinalProject\Mem\final_project\final_project.srcs\sources_1\new\DualPort.sv:]
WARNING: [filemgmt 56-199] Attempt to get parsing info during refresh. "On-the-fly" syntax checking information may be incorrect. [C:\CSEE4280\GRP2ADD\FinalProject\MemVga\MemVga.srcs\sources_1\new\EnableVisual_Control.v:]
WARNING: [filemgmt 56-199] Attempt to get parsing info during refresh. "On-the-fly" syntax checking information may be incorrect. [C:\CSEE4280\GRP2ADD\FinalProject\MemVga\MemVga.srcs\sources_1\new\Start_Control.v:]
WARNING: [filemgmt 56-199] Attempt to get parsing info during refresh. "On-the-fly" syntax checking information may be incorrect. [C:\CSEE4280\GRP2ADD\FinalProject\MemVga\MemVga.srcs\sources_1\imports\FinalProject\Mem\final_project\final_project.srcs\sources_1\new\Memory.sv:]
WARNING: [filemgmt 56-199] Attempt to get parsing info during refresh. "On-the-fly" syntax checking information may be incorrect. [C:\CSEE4280\GRP2ADD\FinalProject\MemVga\MemVga.srcs\sources_1\imports\FinalProject\Mem\final_project\final_project.srcs\sources_1\new\Memory.sv:]
WARNING: [filemgmt 56-199] Attempt to get parsing info during refresh. "On-the-fly" syntax checking information may be incorrect. [C:\CSEE4280\GRP2ADD\FinalProject\MemVga\MemVga.srcs\sources_1\imports\FinalProject\Mem\final_project\final_project.srcs\sources_1\new\Memory.sv:]
WARNING: [filemgmt 56-199] Attempt to get parsing info during refresh. "On-the-fly" syntax checking information may be incorrect. [C:\CSEE4280\GRP2ADD\FinalProject\MemVga\MemVga.srcs\sources_1\new\Top.sv:]
WARNING: [filemgmt 56-199] Attempt to get parsing info during refresh. "On-the-fly" syntax checking information may be incorrect. [C:\CSEE4280\GRP2ADD\FinalProject\MemVga\MemVga.srcs\sources_1\imports\FinalProject\Mem\final_project\final_project.srcs\sources_1\new\DualPort.sv:]
WARNING: [filemgmt 56-199] Attempt to get parsing info during refresh. "On-the-fly" syntax checking information may be incorrect. [C:\CSEE4280\GRP2ADD\FinalProject\MemVga\MemVga.srcs\sources_1\new\EnableVisual_Control.v:]
WARNING: [filemgmt 56-199] Attempt to get parsing info during refresh. "On-the-fly" syntax checking information may be incorrect. [C:\CSEE4280\GRP2ADD\FinalProject\MemVga\MemVga.srcs\sources_1\new\Start_Control.v:]
WARNING: [filemgmt 56-199] Attempt to get parsing info during refresh. "On-the-fly" syntax checking information may be incorrect. [C:\CSEE4280\GRP2ADD\FinalProject\MemVga\MemVga.srcs\sources_1\imports\FinalProject\Mem\final_project\final_project.srcs\sources_1\new\Memory.sv:]
WARNING: [filemgmt 56-199] Attempt to get parsing info during refresh. "On-the-fly" syntax checking information may be incorrect. [C:\CSEE4280\GRP2ADD\FinalProject\MemVga\MemVga.srcs\sources_1\new\Top.sv:]
WARNING: [filemgmt 56-199] Attempt to get parsing info during refresh. "On-the-fly" syntax checking information may be incorrect. [C:\CSEE4280\GRP2ADD\FinalProject\MemVga\MemVga.srcs\sources_1\new\Top.sv:]
WARNING: [filemgmt 56-199] Attempt to get parsing info during refresh. "On-the-fly" syntax checking information may be incorrect. [C:\CSEE4280\GRP2ADD\FinalProject\MemVga\MemVga.srcs\sources_1\new\Top.sv:]
WARNING: [filemgmt 56-199] Attempt to get parsing info during refresh. "On-the-fly" syntax checking information may be incorrect. [C:\CSEE4280\GRP2ADD\FinalProject\MemVga\MemVga.srcs\sources_1\imports\FinalProject\Mem\final_project\final_project.srcs\sources_1\new\DualPort.sv:]
WARNING: [filemgmt 56-199] Attempt to get parsing info during refresh. "On-the-fly" syntax checking information may be incorrect. [C:\CSEE4280\GRP2ADD\FinalProject\MemVga\MemVga.srcs\sources_1\new\EnableVisual_Control.v:]
WARNING: [filemgmt 56-199] Attempt to get parsing info during refresh. "On-the-fly" syntax checking information may be incorrect. [C:\CSEE4280\GRP2ADD\FinalProject\MemVga\MemVga.srcs\sources_1\new\Start_Control.v:]
WARNING: [filemgmt 56-199] Attempt to get parsing info during refresh. "On-the-fly" syntax checking information may be incorrect. [C:\CSEE4280\GRP2ADD\FinalProject\MemVga\MemVga.srcs\sources_1\imports\FinalProject\Mem\final_project\final_project.srcs\sources_1\new\Memory.sv:]
WARNING: [filemgmt 56-199] Attempt to get parsing info during refresh. "On-the-fly" syntax checking information may be incorrect. [C:\CSEE4280\GRP2ADD\FinalProject\MemVga\MemVga.srcs\sources_1\imports\FinalProject\Mem\final_project\final_project.srcs\sources_1\new\DualPort.sv:]
WARNING: [filemgmt 56-199] Attempt to get parsing info during refresh. "On-the-fly" syntax checking information may be incorrect. [C:\CSEE4280\GRP2ADD\FinalProject\MemVga\MemVga.srcs\sources_1\imports\FinalProject\Mem\final_project\final_project.srcs\sources_1\new\DualPort.sv:]
WARNING: [filemgmt 56-199] Attempt to get parsing info during refresh. "On-the-fly" syntax checking information may be incorrect. [C:\CSEE4280\GRP2ADD\FinalProject\MemVga\MemVga.srcs\sources_1\new\Top.sv:]
WARNING: [filemgmt 56-199] Attempt to get parsing info during refresh. "On-the-fly" syntax checking information may be incorrect. [C:\CSEE4280\GRP2ADD\FinalProject\MemVga\MemVga.srcs\sources_1\imports\FinalProject\Mem\final_project\final_project.srcs\sources_1\new\DualPort.sv:]
WARNING: [filemgmt 56-199] Attempt to get parsing info during refresh. "On-the-fly" syntax checking information may be incorrect. [C:\CSEE4280\GRP2ADD\FinalProject\MemVga\MemVga.srcs\sources_1\new\EnableVisual_Control.v:]
WARNING: [filemgmt 56-199] Attempt to get parsing info during refresh. "On-the-fly" syntax checking information may be incorrect. [C:\CSEE4280\GRP2ADD\FinalProject\MemVga\MemVga.srcs\sources_1\new\Start_Control.v:]
WARNING: [filemgmt 56-199] Attempt to get parsing info during refresh. "On-the-fly" syntax checking information may be incorrect. [C:\CSEE4280\GRP2ADD\FinalProject\MemVga\MemVga.srcs\sources_1\imports\FinalProject\Mem\final_project\final_project.srcs\sources_1\new\Memory.sv:]
WARNING: [filemgmt 56-199] Attempt to get parsing info during refresh. "On-the-fly" syntax checking information may be incorrect. [C:\CSEE4280\GRP2ADD\FinalProject\MemVga\MemVga.srcs\sources_1\imports\FinalProject\Mem\final_project\final_project.srcs\sources_1\new\Memory.sv:]
WARNING: [filemgmt 56-199] Attempt to get parsing info during refresh. "On-the-fly" syntax checking information may be incorrect. [C:\CSEE4280\GRP2ADD\FinalProject\MemVga\MemVga.srcs\sources_1\imports\FinalProject\Mem\final_project\final_project.srcs\sources_1\new\Memory.sv:]
WARNING: [filemgmt 56-199] Attempt to get parsing info during refresh. "On-the-fly" syntax checking information may be incorrect. [C:\CSEE4280\GRP2ADD\FinalProject\MemVga\MemVga.srcs\sources_1\new\Top.sv:]
WARNING: [filemgmt 56-199] Attempt to get parsing info during refresh. "On-the-fly" syntax checking information may be incorrect. [C:\CSEE4280\GRP2ADD\FinalProject\MemVga\MemVga.srcs\sources_1\imports\FinalProject\Mem\final_project\final_project.srcs\sources_1\new\DualPort.sv:]
WARNING: [filemgmt 56-199] Attempt to get parsing info during refresh. "On-the-fly" syntax checking information may be incorrect. [C:\CSEE4280\GRP2ADD\FinalProject\MemVga\MemVga.srcs\sources_1\new\EnableVisual_Control.v:]
WARNING: [filemgmt 56-199] Attempt to get parsing info during refresh. "On-the-fly" syntax checking information may be incorrect. [C:\CSEE4280\GRP2ADD\FinalProject\MemVga\MemVga.srcs\sources_1\new\Start_Control.v:]
WARNING: [filemgmt 56-199] Attempt to get parsing info during refresh. "On-the-fly" syntax checking information may be incorrect. [C:\CSEE4280\GRP2ADD\FinalProject\MemVga\MemVga.srcs\sources_1\imports\FinalProject\Mem\final_project\final_project.srcs\sources_1\new\Memory.sv:]
WARNING: [filemgmt 56-199] Attempt to get parsing info during refresh. "On-the-fly" syntax checking information may be incorrect. [C:\CSEE4280\GRP2ADD\FinalProject\MemVga\MemVga.srcs\sources_1\new\Top.sv:]
WARNING: [filemgmt 56-199] Attempt to get parsing info during refresh. "On-the-fly" syntax checking information may be incorrect. [C:\CSEE4280\GRP2ADD\FinalProject\MemVga\MemVga.srcs\sources_1\new\Top.sv:]
WARNING: [filemgmt 56-199] Attempt to get parsing info during refresh. "On-the-fly" syntax checking information may be incorrect. [C:\CSEE4280\GRP2ADD\FinalProject\MemVga\MemVga.srcs\sources_1\new\Top.sv:]
WARNING: [filemgmt 56-199] Attempt to get parsing info during refresh. "On-the-fly" syntax checking information may be incorrect. [C:\CSEE4280\GRP2ADD\FinalProject\MemVga\MemVga.srcs\sources_1\imports\FinalProject\Mem\final_project\final_project.srcs\sources_1\new\DualPort.sv:]
WARNING: [filemgmt 56-199] Attempt to get parsing info during refresh. "On-the-fly" syntax checking information may be incorrect. [C:\CSEE4280\GRP2ADD\FinalProject\MemVga\MemVga.srcs\sources_1\new\EnableVisual_Control.v:]
WARNING: [filemgmt 56-199] Attempt to get parsing info during refresh. "On-the-fly" syntax checking information may be incorrect. [C:\CSEE4280\GRP2ADD\FinalProject\MemVga\MemVga.srcs\sources_1\new\Start_Control.v:]
WARNING: [filemgmt 56-199] Attempt to get parsing info during refresh. "On-the-fly" syntax checking information may be incorrect. [C:\CSEE4280\GRP2ADD\FinalProject\MemVga\MemVga.srcs\sources_1\imports\FinalProject\Mem\final_project\final_project.srcs\sources_1\new\Memory.sv:]
WARNING: [filemgmt 56-199] Attempt to get parsing info during refresh. "On-the-fly" syntax checking information may be incorrect. [C:\CSEE4280\GRP2ADD\FinalProject\MemVga\MemVga.srcs\sources_1\imports\FinalProject\Mem\final_project\final_project.srcs\sources_1\new\DualPort.sv:]
WARNING: [filemgmt 56-199] Attempt to get parsing info during refresh. "On-the-fly" syntax checking information may be incorrect. [C:\CSEE4280\GRP2ADD\FinalProject\MemVga\MemVga.srcs\sources_1\imports\FinalProject\Mem\final_project\final_project.srcs\sources_1\new\DualPort.sv:]
WARNING: [filemgmt 56-199] Attempt to get parsing info during refresh. "On-the-fly" syntax checking information may be incorrect. [C:\CSEE4280\GRP2ADD\FinalProject\MemVga\MemVga.srcs\sources_1\new\Top.sv:]
WARNING: [filemgmt 56-199] Attempt to get parsing info during refresh. "On-the-fly" syntax checking information may be incorrect. [C:\CSEE4280\GRP2ADD\FinalProject\MemVga\MemVga.srcs\sources_1\imports\FinalProject\Mem\final_project\final_project.srcs\sources_1\new\DualPort.sv:]
WARNING: [filemgmt 56-199] Attempt to get parsing info during refresh. "On-the-fly" syntax checking information may be incorrect. [C:\CSEE4280\GRP2ADD\FinalProject\MemVga\MemVga.srcs\sources_1\new\EnableVisual_Control.v:]
WARNING: [filemgmt 56-199] Attempt to get parsing info during refresh. "On-the-fly" syntax checking information may be incorrect. [C:\CSEE4280\GRP2ADD\FinalProject\MemVga\MemVga.srcs\sources_1\new\Start_Control.v:]
WARNING: [filemgmt 56-199] Attempt to get parsing info during refresh. "On-the-fly" syntax checking information may be incorrect. [C:\CSEE4280\GRP2ADD\FinalProject\MemVga\MemVga.srcs\sources_1\imports\FinalProject\Mem\final_project\final_project.srcs\sources_1\new\Memory.sv:]
WARNING: [filemgmt 56-199] Attempt to get parsing info during refresh. "On-the-fly" syntax checking information may be incorrect. [C:\CSEE4280\GRP2ADD\FinalProject\MemVga\MemVga.srcs\sources_1\new\EnableVisual_Control.v:]
WARNING: [filemgmt 56-199] Attempt to get parsing info during refresh. "On-the-fly" syntax checking information may be incorrect. [C:\CSEE4280\GRP2ADD\FinalProject\MemVga\MemVga.srcs\sources_1\new\EnableVisual_Control.v:]
WARNING: [filemgmt 56-199] Attempt to get parsing info during refresh. "On-the-fly" syntax checking information may be incorrect. [C:\CSEE4280\GRP2ADD\FinalProject\MemVga\MemVga.srcs\sources_1\new\Top.sv:]
WARNING: [filemgmt 56-199] Attempt to get parsing info during refresh. "On-the-fly" syntax checking information may be incorrect. [C:\CSEE4280\GRP2ADD\FinalProject\MemVga\MemVga.srcs\sources_1\imports\FinalProject\Mem\final_project\final_project.srcs\sources_1\new\DualPort.sv:]
WARNING: [filemgmt 56-199] Attempt to get parsing info during refresh. "On-the-fly" syntax checking information may be incorrect. [C:\CSEE4280\GRP2ADD\FinalProject\MemVga\MemVga.srcs\sources_1\new\EnableVisual_Control.v:]
WARNING: [filemgmt 56-199] Attempt to get parsing info during refresh. "On-the-fly" syntax checking information may be incorrect. [C:\CSEE4280\GRP2ADD\FinalProject\MemVga\MemVga.srcs\sources_1\new\Start_Control.v:]
WARNING: [filemgmt 56-199] Attempt to get parsing info during refresh. "On-the-fly" syntax checking information may be incorrect. [C:\CSEE4280\GRP2ADD\FinalProject\MemVga\MemVga.srcs\sources_1\imports\FinalProject\Mem\final_project\final_project.srcs\sources_1\new\Memory.sv:]
WARNING: [filemgmt 56-199] Attempt to get parsing info during refresh. "On-the-fly" syntax checking information may be incorrect. [C:\CSEE4280\GRP2ADD\FinalProject\MemVga\MemVga.srcs\sources_1\imports\FinalProject\Mem\final_project\final_project.srcs\sources_1\new\Memory.sv:]
WARNING: [filemgmt 56-199] Attempt to get parsing info during refresh. "On-the-fly" syntax checking information may be incorrect. [C:\CSEE4280\GRP2ADD\FinalProject\MemVga\MemVga.srcs\sources_1\imports\FinalProject\Mem\final_project\final_project.srcs\sources_1\new\Memory.sv:]
WARNING: [filemgmt 56-199] Attempt to get parsing info during refresh. "On-the-fly" syntax checking information may be incorrect. [C:\CSEE4280\GRP2ADD\FinalProject\MemVga\MemVga.srcs\sources_1\new\Top.sv:]
WARNING: [filemgmt 56-199] Attempt to get parsing info during refresh. "On-the-fly" syntax checking information may be incorrect. [C:\CSEE4280\GRP2ADD\FinalProject\MemVga\MemVga.srcs\sources_1\imports\FinalProject\Mem\final_project\final_project.srcs\sources_1\new\DualPort.sv:]
WARNING: [filemgmt 56-199] Attempt to get parsing info during refresh. "On-the-fly" syntax checking information may be incorrect. [C:\CSEE4280\GRP2ADD\FinalProject\MemVga\MemVga.srcs\sources_1\new\EnableVisual_Control.v:]
WARNING: [filemgmt 56-199] Attempt to get parsing info during refresh. "On-the-fly" syntax checking information may be incorrect. [C:\CSEE4280\GRP2ADD\FinalProject\MemVga\MemVga.srcs\sources_1\new\Start_Control.v:]
WARNING: [filemgmt 56-199] Attempt to get parsing info during refresh. "On-the-fly" syntax checking information may be incorrect. [C:\CSEE4280\GRP2ADD\FinalProject\MemVga\MemVga.srcs\sources_1\imports\FinalProject\Mem\final_project\final_project.srcs\sources_1\new\Memory.sv:]
WARNING: [filemgmt 56-199] Attempt to get parsing info during refresh. "On-the-fly" syntax checking information may be incorrect. [C:\CSEE4280\GRP2ADD\FinalProject\MemVga\MemVga.srcs\sources_1\imports\FinalProject\Mem\final_project\final_project.srcs\sources_1\new\DualPort.sv:]
WARNING: [filemgmt 56-199] Attempt to get parsing info during refresh. "On-the-fly" syntax checking information may be incorrect. [C:\CSEE4280\GRP2ADD\FinalProject\MemVga\MemVga.srcs\sources_1\imports\FinalProject\Mem\final_project\final_project.srcs\sources_1\new\DualPort.sv:]
WARNING: [filemgmt 56-199] Attempt to get parsing info during refresh. "On-the-fly" syntax checking information may be incorrect. [C:\CSEE4280\GRP2ADD\FinalProject\MemVga\MemVga.srcs\sources_1\new\Top.sv:]
WARNING: [filemgmt 56-199] Attempt to get parsing info during refresh. "On-the-fly" syntax checking information may be incorrect. [C:\CSEE4280\GRP2ADD\FinalProject\MemVga\MemVga.srcs\sources_1\imports\FinalProject\Mem\final_project\final_project.srcs\sources_1\new\DualPort.sv:]
WARNING: [filemgmt 56-199] Attempt to get parsing info during refresh. "On-the-fly" syntax checking information may be incorrect. [C:\CSEE4280\GRP2ADD\FinalProject\MemVga\MemVga.srcs\sources_1\new\EnableVisual_Control.v:]
WARNING: [filemgmt 56-199] Attempt to get parsing info during refresh. "On-the-fly" syntax checking information may be incorrect. [C:\CSEE4280\GRP2ADD\FinalProject\MemVga\MemVga.srcs\sources_1\new\Start_Control.v:]
WARNING: [filemgmt 56-199] Attempt to get parsing info during refresh. "On-the-fly" syntax checking information may be incorrect. [C:\CSEE4280\GRP2ADD\FinalProject\MemVga\MemVga.srcs\sources_1\imports\FinalProject\Mem\final_project\final_project.srcs\sources_1\new\Memory.sv:]
WARNING: [filemgmt 56-199] Attempt to get parsing info during refresh. "On-the-fly" syntax checking information may be incorrect. [C:\CSEE4280\GRP2ADD\FinalProject\MemVga\MemVga.srcs\sources_1\imports\FinalProject\Mem\final_project\final_project.srcs\sources_1\new\Memory.sv:]
WARNING: [filemgmt 56-199] Attempt to get parsing info during refresh. "On-the-fly" syntax checking information may be incorrect. [C:\CSEE4280\GRP2ADD\FinalProject\MemVga\MemVga.srcs\sources_1\imports\FinalProject\Mem\final_project\final_project.srcs\sources_1\new\Memory.sv:]
WARNING: [filemgmt 56-199] Attempt to get parsing info during refresh. "On-the-fly" syntax checking information may be incorrect. [C:\CSEE4280\GRP2ADD\FinalProject\MemVga\MemVga.srcs\sources_1\new\Top.sv:]
WARNING: [filemgmt 56-199] Attempt to get parsing info during refresh. "On-the-fly" syntax checking information may be incorrect. [C:\CSEE4280\GRP2ADD\FinalProject\MemVga\MemVga.srcs\sources_1\imports\FinalProject\Mem\final_project\final_project.srcs\sources_1\new\DualPort.sv:]
WARNING: [filemgmt 56-199] Attempt to get parsing info during refresh. "On-the-fly" syntax checking information may be incorrect. [C:\CSEE4280\GRP2ADD\FinalProject\MemVga\MemVga.srcs\sources_1\new\EnableVisual_Control.v:]
WARNING: [filemgmt 56-199] Attempt to get parsing info during refresh. "On-the-fly" syntax checking information may be incorrect. [C:\CSEE4280\GRP2ADD\FinalProject\MemVga\MemVga.srcs\sources_1\new\Start_Control.v:]
WARNING: [filemgmt 56-199] Attempt to get parsing info during refresh. "On-the-fly" syntax checking information may be incorrect. [C:\CSEE4280\GRP2ADD\FinalProject\MemVga\MemVga.srcs\sources_1\imports\FinalProject\Mem\final_project\final_project.srcs\sources_1\new\Memory.sv:]
WARNING: [filemgmt 56-199] Attempt to get parsing info during refresh. "On-the-fly" syntax checking information may be incorrect. [C:\CSEE4280\GRP2ADD\FinalProject\MemVga\MemVga.srcs\sources_1\new\Top.sv:]
WARNING: [filemgmt 56-199] Attempt to get parsing info during refresh. "On-the-fly" syntax checking information may be incorrect. [C:\CSEE4280\GRP2ADD\FinalProject\MemVga\MemVga.srcs\sources_1\new\Top.sv:]
WARNING: [filemgmt 56-199] Attempt to get parsing info during refresh. "On-the-fly" syntax checking information may be incorrect. [C:\CSEE4280\GRP2ADD\FinalProject\MemVga\MemVga.srcs\sources_1\new\Top.sv:]
WARNING: [filemgmt 56-199] Attempt to get parsing info during refresh. "On-the-fly" syntax checking information may be incorrect. [C:\CSEE4280\GRP2ADD\FinalProject\MemVga\MemVga.srcs\sources_1\imports\FinalProject\Mem\final_project\final_project.srcs\sources_1\new\DualPort.sv:]
WARNING: [filemgmt 56-199] Attempt to get parsing info during refresh. "On-the-fly" syntax checking information may be incorrect. [C:\CSEE4280\GRP2ADD\FinalProject\MemVga\MemVga.srcs\sources_1\new\EnableVisual_Control.v:]
WARNING: [filemgmt 56-199] Attempt to get parsing info during refresh. "On-the-fly" syntax checking information may be incorrect. [C:\CSEE4280\GRP2ADD\FinalProject\MemVga\MemVga.srcs\sources_1\new\Start_Control.v:]
WARNING: [filemgmt 56-199] Attempt to get parsing info during refresh. "On-the-fly" syntax checking information may be incorrect. [C:\CSEE4280\GRP2ADD\FinalProject\MemVga\MemVga.srcs\sources_1\imports\FinalProject\Mem\final_project\final_project.srcs\sources_1\new\Memory.sv:]
WARNING: [filemgmt 56-199] Attempt to get parsing info during refresh. "On-the-fly" syntax checking information may be incorrect. [C:\CSEE4280\GRP2ADD\FinalProject\MemVga\MemVga.srcs\sources_1\imports\FinalProject\Mem\final_project\final_project.srcs\sources_1\new\DualPort.sv:]
WARNING: [filemgmt 56-199] Attempt to get parsing info during refresh. "On-the-fly" syntax checking information may be incorrect. [C:\CSEE4280\GRP2ADD\FinalProject\MemVga\MemVga.srcs\sources_1\imports\FinalProject\Mem\final_project\final_project.srcs\sources_1\new\DualPort.sv:]
WARNING: [filemgmt 56-199] Attempt to get parsing info during refresh. "On-the-fly" syntax checking information may be incorrect. [C:\CSEE4280\GRP2ADD\FinalProject\MemVga\MemVga.srcs\sources_1\new\Top.sv:]
WARNING: [filemgmt 56-199] Attempt to get parsing info during refresh. "On-the-fly" syntax checking information may be incorrect. [C:\CSEE4280\GRP2ADD\FinalProject\MemVga\MemVga.srcs\sources_1\imports\FinalProject\Mem\final_project\final_project.srcs\sources_1\new\DualPort.sv:]
WARNING: [filemgmt 56-199] Attempt to get parsing info during refresh. "On-the-fly" syntax checking information may be incorrect. [C:\CSEE4280\GRP2ADD\FinalProject\MemVga\MemVga.srcs\sources_1\new\EnableVisual_Control.v:]
WARNING: [filemgmt 56-199] Attempt to get parsing info during refresh. "On-the-fly" syntax checking information may be incorrect. [C:\CSEE4280\GRP2ADD\FinalProject\MemVga\MemVga.srcs\sources_1\new\Start_Control.v:]
WARNING: [filemgmt 56-199] Attempt to get parsing info during refresh. "On-the-fly" syntax checking information may be incorrect. [C:\CSEE4280\GRP2ADD\FinalProject\MemVga\MemVga.srcs\sources_1\imports\FinalProject\Mem\final_project\final_project.srcs\sources_1\new\Memory.sv:]
WARNING: [filemgmt 56-199] Attempt to get parsing info during refresh. "On-the-fly" syntax checking information may be incorrect. [C:\CSEE4280\GRP2ADD\FinalProject\MemVga\MemVga.srcs\sources_1\imports\FinalProject\Mem\final_project\final_project.srcs\sources_1\new\Memory.sv:]
WARNING: [filemgmt 56-199] Attempt to get parsing info during refresh. "On-the-fly" syntax checking information may be incorrect. [C:\CSEE4280\GRP2ADD\FinalProject\MemVga\MemVga.srcs\sources_1\imports\FinalProject\Mem\final_project\final_project.srcs\sources_1\new\Memory.sv:]
WARNING: [filemgmt 56-199] Attempt to get parsing info during refresh. "On-the-fly" syntax checking information may be incorrect. [C:\CSEE4280\GRP2ADD\FinalProject\MemVga\MemVga.srcs\sources_1\new\Top.sv:]
WARNING: [filemgmt 56-199] Attempt to get parsing info during refresh. "On-the-fly" syntax checking information may be incorrect. [C:\CSEE4280\GRP2ADD\FinalProject\MemVga\MemVga.srcs\sources_1\imports\FinalProject\Mem\final_project\final_project.srcs\sources_1\new\DualPort.sv:]
WARNING: [filemgmt 56-199] Attempt to get parsing info during refresh. "On-the-fly" syntax checking information may be incorrect. [C:\CSEE4280\GRP2ADD\FinalProject\MemVga\MemVga.srcs\sources_1\new\EnableVisual_Control.v:]
WARNING: [filemgmt 56-199] Attempt to get parsing info during refresh. "On-the-fly" syntax checking information may be incorrect. [C:\CSEE4280\GRP2ADD\FinalProject\MemVga\MemVga.srcs\sources_1\new\Start_Control.v:]
WARNING: [filemgmt 56-199] Attempt to get parsing info during refresh. "On-the-fly" syntax checking information may be incorrect. [C:\CSEE4280\GRP2ADD\FinalProject\MemVga\MemVga.srcs\sources_1\imports\FinalProject\Mem\final_project\final_project.srcs\sources_1\new\Memory.sv:]
WARNING: [filemgmt 56-199] Attempt to get parsing info during refresh. "On-the-fly" syntax checking information may be incorrect. [C:\CSEE4280\GRP2ADD\FinalProject\MemVga\MemVga.srcs\sources_1\imports\FinalProject\Mem\final_project\final_project.srcs\sources_1\new\DualPort.sv:]
WARNING: [filemgmt 56-199] Attempt to get parsing info during refresh. "On-the-fly" syntax checking information may be incorrect. [C:\CSEE4280\GRP2ADD\FinalProject\MemVga\MemVga.srcs\sources_1\imports\FinalProject\Mem\final_project\final_project.srcs\sources_1\new\DualPort.sv:]
WARNING: [filemgmt 56-199] Attempt to get parsing info during refresh. "On-the-fly" syntax checking information may be incorrect. [C:\CSEE4280\GRP2ADD\FinalProject\MemVga\MemVga.srcs\sources_1\new\Top.sv:]
WARNING: [filemgmt 56-199] Attempt to get parsing info during refresh. "On-the-fly" syntax checking information may be incorrect. [C:\CSEE4280\GRP2ADD\FinalProject\MemVga\MemVga.srcs\sources_1\imports\FinalProject\Mem\final_project\final_project.srcs\sources_1\new\DualPort.sv:]
WARNING: [filemgmt 56-199] Attempt to get parsing info during refresh. "On-the-fly" syntax checking information may be incorrect. [C:\CSEE4280\GRP2ADD\FinalProject\MemVga\MemVga.srcs\sources_1\new\EnableVisual_Control.v:]
WARNING: [filemgmt 56-199] Attempt to get parsing info during refresh. "On-the-fly" syntax checking information may be incorrect. [C:\CSEE4280\GRP2ADD\FinalProject\MemVga\MemVga.srcs\sources_1\new\Start_Control.v:]
WARNING: [filemgmt 56-199] Attempt to get parsing info during refresh. "On-the-fly" syntax checking information may be incorrect. [C:\CSEE4280\GRP2ADD\FinalProject\MemVga\MemVga.srcs\sources_1\new\Top.sv:]
WARNING: [filemgmt 56-199] Attempt to get parsing info during refresh. "On-the-fly" syntax checking information may be incorrect. [C:\CSEE4280\GRP2ADD\FinalProject\MemVga\MemVga.srcs\sources_1\imports\FinalProject\Mem\final_project\final_project.srcs\sources_1\new\DualPort.sv:]
WARNING: [filemgmt 56-199] Attempt to get parsing info during refresh. "On-the-fly" syntax checking information may be incorrect. [C:\CSEE4280\GRP2ADD\FinalProject\MemVga\MemVga.srcs\sources_1\new\EnableVisual_Control.v:]
WARNING: [filemgmt 56-199] Attempt to get parsing info during refresh. "On-the-fly" syntax checking information may be incorrect. [C:\CSEE4280\GRP2ADD\FinalProject\MemVga\MemVga.srcs\sources_1\new\Start_Control.v:]
WARNING: [filemgmt 56-199] Attempt to get parsing info during refresh. "On-the-fly" syntax checking information may be incorrect. [C:\CSEE4280\GRP2ADD\FinalProject\MemVga\MemVga.srcs\sources_1\imports\FinalProject\Mem\final_project\final_project.srcs\sources_1\new\Memory.sv:]
WARNING: [filemgmt 56-199] Attempt to get parsing info during refresh. "On-the-fly" syntax checking information may be incorrect. [C:\CSEE4280\GRP2ADD\FinalProject\MemVga\MemVga.srcs\sources_1\imports\FinalProject\Mem\final_project\final_project.srcs\sources_1\new\Memory.sv:]
WARNING: [filemgmt 56-199] Attempt to get parsing info during refresh. "On-the-fly" syntax checking information may be incorrect. [C:\CSEE4280\GRP2ADD\FinalProject\MemVga\MemVga.srcs\sources_1\imports\FinalProject\Mem\final_project\final_project.srcs\sources_1\new\Memory.sv:]
WARNING: [filemgmt 56-199] Attempt to get parsing info during refresh. "On-the-fly" syntax checking information may be incorrect. [C:\CSEE4280\GRP2ADD\FinalProject\MemVga\MemVga.srcs\sources_1\new\Top.sv:]
WARNING: [filemgmt 56-199] Attempt to get parsing info during refresh. "On-the-fly" syntax checking information may be incorrect. [C:\CSEE4280\GRP2ADD\FinalProject\MemVga\MemVga.srcs\sources_1\imports\FinalProject\Mem\final_project\final_project.srcs\sources_1\new\DualPort.sv:]
WARNING: [filemgmt 56-199] Attempt to get parsing info during refresh. "On-the-fly" syntax checking information may be incorrect. [C:\CSEE4280\GRP2ADD\FinalProject\MemVga\MemVga.srcs\sources_1\new\EnableVisual_Control.v:]
WARNING: [filemgmt 56-199] Attempt to get parsing info during refresh. "On-the-fly" syntax checking information may be incorrect. [C:\CSEE4280\GRP2ADD\FinalProject\MemVga\MemVga.srcs\sources_1\new\Start_Control.v:]
WARNING: [filemgmt 56-199] Attempt to get parsing info during refresh. "On-the-fly" syntax checking information may be incorrect. [C:\CSEE4280\GRP2ADD\FinalProject\MemVga\MemVga.srcs\sources_1\imports\FinalProject\Mem\final_project\final_project.srcs\sources_1\new\Memory.sv:]
WARNING: [filemgmt 56-199] Attempt to get parsing info during refresh. "On-the-fly" syntax checking information may be incorrect. [C:\CSEE4280\GRP2ADD\FinalProject\MemVga\MemVga.srcs\sources_1\new\EnableVisual_Control.v:]
WARNING: [filemgmt 56-199] Attempt to get parsing info during refresh. "On-the-fly" syntax checking information may be incorrect. [C:\CSEE4280\GRP2ADD\FinalProject\MemVga\MemVga.srcs\sources_1\new\EnableVisual_Control.v:]
WARNING: [filemgmt 56-199] Attempt to get parsing info during refresh. "On-the-fly" syntax checking information may be incorrect. [C:\CSEE4280\GRP2ADD\FinalProject\MemVga\MemVga.srcs\sources_1\new\Top.sv:]
WARNING: [filemgmt 56-199] Attempt to get parsing info during refresh. "On-the-fly" syntax checking information may be incorrect. [C:\CSEE4280\GRP2ADD\FinalProject\MemVga\MemVga.srcs\sources_1\imports\FinalProject\Mem\final_project\final_project.srcs\sources_1\new\DualPort.sv:]
WARNING: [filemgmt 56-199] Attempt to get parsing info during refresh. "On-the-fly" syntax checking information may be incorrect. [C:\CSEE4280\GRP2ADD\FinalProject\MemVga\MemVga.srcs\sources_1\new\EnableVisual_Control.v:]
WARNING: [filemgmt 56-199] Attempt to get parsing info during refresh. "On-the-fly" syntax checking information may be incorrect. [C:\CSEE4280\GRP2ADD\FinalProject\MemVga\MemVga.srcs\sources_1\new\Start_Control.v:]
WARNING: [filemgmt 56-199] Attempt to get parsing info during refresh. "On-the-fly" syntax checking information may be incorrect. [C:\CSEE4280\GRP2ADD\FinalProject\MemVga\MemVga.srcs\sources_1\imports\FinalProject\Mem\final_project\final_project.srcs\sources_1\new\Memory.sv:]
WARNING: [filemgmt 56-199] Attempt to get parsing info during refresh. "On-the-fly" syntax checking information may be incorrect. [C:\CSEE4280\GRP2ADD\FinalProject\MemVga\MemVga.srcs\sources_1\imports\FinalProject\Mem\final_project\final_project.srcs\sources_1\new\DualPort.sv:]
WARNING: [filemgmt 56-199] Attempt to get parsing info during refresh. "On-the-fly" syntax checking information may be incorrect. [C:\CSEE4280\GRP2ADD\FinalProject\MemVga\MemVga.srcs\sources_1\imports\FinalProject\Mem\final_project\final_project.srcs\sources_1\new\DualPort.sv:]
reset_run synth_1
INFO: [Project 1-1161] Replacing file C:/CSEE4280/GRP2ADD/FinalProject/MemVga/MemVga.srcs/utils_1/imports/synth_1/Top.dcp with file C:/CSEE4280/GRP2ADD/FinalProject/MemVga/MemVga.runs/synth_1/Top.dcp
WARNING: [Vivado 12-1017] Problems encountered:
1. Failed to delete one or more files in run directory C:/CSEE4280/GRP2ADD/FinalProject/MemVga/MemVga.runs/synth_1

launch_runs impl_1 -to_step write_bitstream -jobs 12
[Thu Apr 24 11:49:56 2025] Launched synth_1...
Run output will be captured here: C:/CSEE4280/GRP2ADD/FinalProject/MemVga/MemVga.runs/synth_1/runme.log
[Thu Apr 24 11:49:56 2025] Launched impl_1...
Run output will be captured here: C:/CSEE4280/GRP2ADD/FinalProject/MemVga/MemVga.runs/impl_1/runme.log
WARNING: [filemgmt 56-199] Attempt to get parsing info during refresh. "On-the-fly" syntax checking information may be incorrect. [C:\CSEE4280\GRP2ADD\FinalProject\MemVga\MemVga.srcs\sources_1\new\Top.sv:]
WARNING: [filemgmt 56-199] Attempt to get parsing info during refresh. "On-the-fly" syntax checking information may be incorrect. [C:\CSEE4280\GRP2ADD\FinalProject\MemVga\MemVga.srcs\sources_1\imports\FinalProject\Mem\final_project\final_project.srcs\sources_1\new\DualPort.sv:]
WARNING: [filemgmt 56-199] Attempt to get parsing info during refresh. "On-the-fly" syntax checking information may be incorrect. [C:\CSEE4280\GRP2ADD\FinalProject\MemVga\MemVga.srcs\sources_1\new\EnableVisual_Control.v:]
WARNING: [filemgmt 56-199] Attempt to get parsing info during refresh. "On-the-fly" syntax checking information may be incorrect. [C:\CSEE4280\GRP2ADD\FinalProject\MemVga\MemVga.srcs\sources_1\new\Start_Control.v:]
WARNING: [filemgmt 56-199] Attempt to get parsing info during refresh. "On-the-fly" syntax checking information may be incorrect. [C:\CSEE4280\GRP2ADD\FinalProject\MemVga\MemVga.srcs\sources_1\imports\FinalProject\Mem\final_project\final_project.srcs\sources_1\new\Memory.sv:]
WARNING: [filemgmt 56-199] Attempt to get parsing info during refresh. "On-the-fly" syntax checking information may be incorrect. [C:\CSEE4280\GRP2ADD\FinalProject\MemVga\MemVga.srcs\sources_1\imports\FinalProject\Mem\final_project\final_project.srcs\sources_1\new\Memory.sv:]
WARNING: [filemgmt 56-199] Attempt to get parsing info during refresh. "On-the-fly" syntax checking information may be incorrect. [C:\CSEE4280\GRP2ADD\FinalProject\MemVga\MemVga.srcs\sources_1\imports\FinalProject\Mem\final_project\final_project.srcs\sources_1\new\Memory.sv:]
WARNING: [filemgmt 56-199] Attempt to get parsing info during refresh. "On-the-fly" syntax checking information may be incorrect. [C:\CSEE4280\GRP2ADD\FinalProject\MemVga\MemVga.srcs\sources_1\new\Top.sv:]
WARNING: [filemgmt 56-199] Attempt to get parsing info during refresh. "On-the-fly" syntax checking information may be incorrect. [C:\CSEE4280\GRP2ADD\FinalProject\MemVga\MemVga.srcs\sources_1\imports\FinalProject\Mem\final_project\final_project.srcs\sources_1\new\DualPort.sv:]
WARNING: [filemgmt 56-199] Attempt to get parsing info during refresh. "On-the-fly" syntax checking information may be incorrect. [C:\CSEE4280\GRP2ADD\FinalProject\MemVga\MemVga.srcs\sources_1\new\EnableVisual_Control.v:]
WARNING: [filemgmt 56-199] Attempt to get parsing info during refresh. "On-the-fly" syntax checking information may be incorrect. [C:\CSEE4280\GRP2ADD\FinalProject\MemVga\MemVga.srcs\sources_1\new\Start_Control.v:]
WARNING: [filemgmt 56-199] Attempt to get parsing info during refresh. "On-the-fly" syntax checking information may be incorrect. [C:\CSEE4280\GRP2ADD\FinalProject\MemVga\MemVga.srcs\sources_1\imports\FinalProject\Mem\final_project\final_project.srcs\sources_1\new\Memory.sv:]
WARNING: [filemgmt 56-199] Attempt to get parsing info during refresh. "On-the-fly" syntax checking information may be incorrect. [C:\CSEE4280\GRP2ADD\FinalProject\MemVga\MemVga.srcs\sources_1\new\EnableVisual_Control.v:]
WARNING: [filemgmt 56-199] Attempt to get parsing info during refresh. "On-the-fly" syntax checking information may be incorrect. [C:\CSEE4280\GRP2ADD\FinalProject\MemVga\MemVga.srcs\sources_1\new\EnableVisual_Control.v:]
WARNING: [filemgmt 56-199] Attempt to get parsing info during refresh. "On-the-fly" syntax checking information may be incorrect. [C:\CSEE4280\GRP2ADD\FinalProject\MemVga\MemVga.srcs\sources_1\new\Top.sv:]
WARNING: [filemgmt 56-199] Attempt to get parsing info during refresh. "On-the-fly" syntax checking information may be incorrect. [C:\CSEE4280\GRP2ADD\FinalProject\MemVga\MemVga.srcs\sources_1\imports\FinalProject\Mem\final_project\final_project.srcs\sources_1\new\DualPort.sv:]
close_sim
INFO: [Simtcl 6-16] Simulation closed
exit
INFO: [Common 17-206] Exiting Vivado at Thu Apr 24 11:57:22 2025...
