#-----------------------------------------------------------
# Vivado v2024.2 (64-bit)
# SW Build 5239630 on Fri Nov 08 22:35:27 MST 2024
# IP Build 5239520 on Sun Nov 10 16:12:51 MST 2024
# SharedData Build 5239561 on Fri Nov 08 14:39:27 MST 2024
# Start of session at: Fri Apr 11 14:16:22 2025
# Process ID         : 21632
# Current directory  : C:/CSEE4280/GRP2ADD/FinalProject/MemVga
# Command line       : vivado.exe -gui_launcher_event rodinguilauncherevent3152 C:\CSEE4280\GRP2ADD\FinalProject\MemVga\MemVga.xpr
# Log file           : C:/CSEE4280/GRP2ADD/FinalProject/MemVga/vivado.log
# Journal file       : C:/CSEE4280/GRP2ADD/FinalProject/MemVga\vivado.jou
# Running On         : LAPTOP-RH96MGM6
# Platform           : Windows Server 2016 or Windows 10
# Operating System   : 26100
# Processor Detail   : 12th Gen Intel(R) Core(TM) i5-1235U
# CPU Frequency      : 2496 MHz
# CPU Physical cores : 10
# CPU Logical cores  : 12
# Host memory        : 8216 MB
# Swap memory        : 11365 MB
# Total Virtual      : 19581 MB
# Available Virtual  : 6943 MB
#-----------------------------------------------------------
start_gui
open_project C:/CSEE4280/GRP2ADD/FinalProject/MemVga/MemVga.xpr
WARNING: [Board 49-26] cannot add Board Part xilinx.com:zcu208ld:part0:2.0 available at C:/Xilinx/Vivado/2024.2/data/xhub/boards/XilinxBoardStore/boards/Xilinx/zcu208ld/production/2.0/board.xml as part xczu58dr-fsvg1517-2-i specified in board_part file is either invalid or not available
WARNING: [Board 49-26] cannot add Board Part xilinx.com:zcu216ld:part0:2.0 available at C:/Xilinx/Vivado/2024.2/data/xhub/boards/XilinxBoardStore/boards/Xilinx/zcu216ld/production/2.0/board.xml as part xczu59dr-ffvf1760-2-i specified in board_part file is either invalid or not available
WARNING: [Board 49-26] cannot add Board Part xilinx.com:zcu670ld:part0:1.0 available at C:/Xilinx/Vivado/2024.2/data/xhub/boards/XilinxBoardStore/boards/Xilinx/zcu670ld/1.0/board.xml as part xczu57dr-fsve1156-2-i specified in board_part file is either invalid or not available
INFO: [Project 1-313] Project file moved from '/home/student/Desktop/CSEE4280/GRP2ADD/FinalProject/MemVga' since last save.
INFO: [filemgmt 56-3] Default IP Output Path : Could not find the directory 'C:/CSEE4280/GRP2ADD/FinalProject/MemVga/MemVga.gen/sources_1'.
WARNING: [filemgmt 56-3] IPUserFilesDir: Could not find the directory 'C:/CSEE4280/GRP2ADD/FinalProject/MemVga/MemVga.ip_user_files'.
Scanning sources...
Finished scanning sources
INFO: [IP_Flow 19-234] Refreshing IP repositories
INFO: [IP_Flow 19-1704] No user IP repositories specified
INFO: [IP_Flow 19-2313] Loaded Vivado IP repository 'C:/Xilinx/Vivado/2024.2/data/ip'.
open_project: Time (s): cpu = 00:00:15 ; elapsed = 00:00:08 . Memory (MB): peak = 1349.605 ; gain = 251.105
update_compile_order -fileset sources_1
add_files {C:/CSEE4280/GRP2ADD/FinalProject/Processing/Processing.srcs/sources_1/new/Auto_Control.v C:/CSEE4280/GRP2ADD/FinalProject/Processing/Processing.srcs/sources_1/new/Start_Control.v C:/CSEE4280/GRP2ADD/FinalProject/Processing/Processing.srcs/sources_1/new/Read.v C:/CSEE4280/GRP2ADD/FinalProject/Processing/Processing.srcs/sources_1/new/Write.v C:/CSEE4280/GRP2ADD/FinalProject/Processing/Processing.srcs/sources_1/new/Send.v C:/CSEE4280/GRP2ADD/FinalProject/Processing/Processing.srcs/sources_1/new/Auto_Clk.v}
WARNING: [filemgmt 56-199] Attempt to get parsing info during refresh. "On-the-fly" syntax checking information may be incorrect. [C:\CSEE4280\GRP2ADD\FinalProject\MemVga\MemVga.srcs\sources_1\new\Top.sv:]
WARNING: [filemgmt 56-199] Attempt to get parsing info during refresh. "On-the-fly" syntax checking information may be incorrect. [C:\CSEE4280\GRP2ADD\FinalProject\MemVga\MemVga.srcs\sources_1\imports\FinalProject\VGAOutput\VGAOutput.srcs\sources_1\new\VGA_Out.v:]
WARNING: [filemgmt 56-199] Attempt to get parsing info during refresh. "On-the-fly" syntax checking information may be incorrect. [C:\CSEE4280\GRP2ADD\FinalProject\MemVga\MemVga.srcs\sources_1\new\Top.sv:]
WARNING: [filemgmt 56-199] Attempt to get parsing info during refresh. "On-the-fly" syntax checking information may be incorrect. [C:\CSEE4280\GRP2ADD\FinalProject\MemVga\MemVga.srcs\sources_1\new\Top.sv:]
update_compile_order -fileset sources_1
WARNING: [filemgmt 56-199] Attempt to get parsing info during refresh. "On-the-fly" syntax checking information may be incorrect. [C:\CSEE4280\GRP2ADD\FinalProject\MemVga\MemVga.srcs\sources_1\new\Top.sv:]
WARNING: [filemgmt 56-199] Attempt to get parsing info during refresh. "On-the-fly" syntax checking information may be incorrect. [C:\CSEE4280\GRP2ADD\FinalProject\MemVga\MemVga.srcs\sources_1\imports\FinalProject\VGAOutput\VGAOutput.srcs\sources_1\new\VGA_Out.v:]
WARNING: [filemgmt 56-199] Attempt to get parsing info during refresh. "On-the-fly" syntax checking information may be incorrect. [C:\CSEE4280\GRP2ADD\FinalProject\MemVga\MemVga.srcs\sources_1\new\Top.sv:]
WARNING: [filemgmt 56-199] Attempt to get parsing info during refresh. "On-the-fly" syntax checking information may be incorrect. [C:\CSEE4280\GRP2ADD\FinalProject\MemVga\MemVga.srcs\sources_1\new\Top.sv:]
WARNING: [filemgmt 56-199] Attempt to get parsing info during refresh. "On-the-fly" syntax checking information may be incorrect. [C:\CSEE4280\GRP2ADD\FinalProject\MemVga\MemVga.srcs\sources_1\new\Top.sv:]
WARNING: [filemgmt 56-199] Attempt to get parsing info during refresh. "On-the-fly" syntax checking information may be incorrect. [C:\CSEE4280\GRP2ADD\FinalProject\Processing\Processing.srcs\sources_1\new\Auto_Control.v:]
WARNING: [filemgmt 56-199] Attempt to get parsing info during refresh. "On-the-fly" syntax checking information may be incorrect. [C:\CSEE4280\GRP2ADD\FinalProject\MemVga\MemVga.srcs\sources_1\imports\FinalProject\VGAOutput\VGAOutput.srcs\sources_1\new\VGA_Out.v:]
WARNING: [filemgmt 56-199] Attempt to get parsing info during refresh. "On-the-fly" syntax checking information may be incorrect. [C:\CSEE4280\GRP2ADD\FinalProject\MemVga\MemVga.srcs\sources_1\new\Top.sv:]
WARNING: [filemgmt 56-199] Attempt to get parsing info during refresh. "On-the-fly" syntax checking information may be incorrect. [C:\CSEE4280\GRP2ADD\FinalProject\MemVga\MemVga.srcs\sources_1\new\Top.sv:]
WARNING: [filemgmt 56-199] Attempt to get parsing info during refresh. "On-the-fly" syntax checking information may be incorrect. [C:\CSEE4280\GRP2ADD\FinalProject\MemVga\MemVga.srcs\sources_1\new\Top.sv:]
WARNING: [filemgmt 56-199] Attempt to get parsing info during refresh. "On-the-fly" syntax checking information may be incorrect. [C:\CSEE4280\GRP2ADD\FinalProject\Processing\Processing.srcs\sources_1\new\Auto_Control.v:]
WARNING: [filemgmt 56-199] Attempt to get parsing info during refresh. "On-the-fly" syntax checking information may be incorrect. [C:\CSEE4280\GRP2ADD\FinalProject\MemVga\MemVga.srcs\sources_1\imports\FinalProject\VGAOutput\VGAOutput.srcs\sources_1\new\VGA_Out.v:]
WARNING: [filemgmt 56-199] Attempt to get parsing info during refresh. "On-the-fly" syntax checking information may be incorrect. [C:\CSEE4280\GRP2ADD\FinalProject\Processing\Processing.srcs\sources_1\new\Auto_Control.v:]
WARNING: [filemgmt 56-199] Attempt to get parsing info during refresh. "On-the-fly" syntax checking information may be incorrect. [C:\CSEE4280\GRP2ADD\FinalProject\Processing\Processing.srcs\sources_1\new\Auto_Control.v:]
WARNING: [filemgmt 56-199] Attempt to get parsing info during refresh. "On-the-fly" syntax checking information may be incorrect. [C:\CSEE4280\GRP2ADD\FinalProject\MemVga\MemVga.srcs\sources_1\new\Top.sv:]
WARNING: [filemgmt 56-199] Attempt to get parsing info during refresh. "On-the-fly" syntax checking information may be incorrect. [C:\CSEE4280\GRP2ADD\FinalProject\Processing\Processing.srcs\sources_1\new\Auto_Control.v:]
WARNING: [filemgmt 56-199] Attempt to get parsing info during refresh. "On-the-fly" syntax checking information may be incorrect. [C:\CSEE4280\GRP2ADD\FinalProject\MemVga\MemVga.srcs\sources_1\imports\FinalProject\VGAOutput\VGAOutput.srcs\sources_1\new\VGA_Out.v:]
WARNING: [filemgmt 56-199] Attempt to get parsing info during refresh. "On-the-fly" syntax checking information may be incorrect. [C:\CSEE4280\GRP2ADD\FinalProject\Processing\Processing.srcs\sources_1\new\Auto_Control.v:]
WARNING: [filemgmt 56-199] Attempt to get parsing info during refresh. "On-the-fly" syntax checking information may be incorrect. [C:\CSEE4280\GRP2ADD\FinalProject\Processing\Processing.srcs\sources_1\new\Auto_Control.v:]
WARNING: [filemgmt 56-199] Attempt to get parsing info during refresh. "On-the-fly" syntax checking information may be incorrect. [C:\CSEE4280\GRP2ADD\FinalProject\MemVga\MemVga.srcs\sources_1\new\Top.sv:]
WARNING: [filemgmt 56-199] Attempt to get parsing info during refresh. "On-the-fly" syntax checking information may be incorrect. [C:\CSEE4280\GRP2ADD\FinalProject\Processing\Processing.srcs\sources_1\new\Auto_Control.v:]
WARNING: [filemgmt 56-199] Attempt to get parsing info during refresh. "On-the-fly" syntax checking information may be incorrect. [C:\CSEE4280\GRP2ADD\FinalProject\MemVga\MemVga.srcs\sources_1\imports\FinalProject\VGAOutput\VGAOutput.srcs\sources_1\new\VGA_Out.v:]
WARNING: [filemgmt 56-199] Attempt to get parsing info during refresh. "On-the-fly" syntax checking information may be incorrect. [C:\CSEE4280\GRP2ADD\FinalProject\MemVga\MemVga.srcs\sources_1\imports\FinalProject\VGAOutput\VGAOutput.srcs\sources_1\new\VGA_Out.v:]
WARNING: [filemgmt 56-199] Attempt to get parsing info during refresh. "On-the-fly" syntax checking information may be incorrect. [C:\CSEE4280\GRP2ADD\FinalProject\MemVga\MemVga.srcs\sources_1\imports\FinalProject\VGAOutput\VGAOutput.srcs\sources_1\new\VGA_Out.v:]
update_compile_order -fileset sources_1
WARNING: [filemgmt 56-199] Attempt to get parsing info during refresh. "On-the-fly" syntax checking information may be incorrect. [C:\CSEE4280\GRP2ADD\FinalProject\MemVga\MemVga.srcs\sources_1\new\Top.sv:]
WARNING: [filemgmt 56-199] Attempt to get parsing info during refresh. "On-the-fly" syntax checking information may be incorrect. [C:\CSEE4280\GRP2ADD\FinalProject\Processing\Processing.srcs\sources_1\new\Auto_Control.v:]
WARNING: [filemgmt 56-199] Attempt to get parsing info during refresh. "On-the-fly" syntax checking information may be incorrect. [C:\CSEE4280\GRP2ADD\FinalProject\MemVga\MemVga.srcs\sources_1\imports\FinalProject\VGAOutput\VGAOutput.srcs\sources_1\new\VGA_Out.v:]
WARNING: [filemgmt 56-199] Attempt to get parsing info during refresh. "On-the-fly" syntax checking information may be incorrect. [C:\CSEE4280\GRP2ADD\FinalProject\MemVga\MemVga.srcs\sources_1\new\Top.sv:]
WARNING: [filemgmt 56-199] Attempt to get parsing info during refresh. "On-the-fly" syntax checking information may be incorrect. [C:\CSEE4280\GRP2ADD\FinalProject\MemVga\MemVga.srcs\sources_1\new\Top.sv:]
WARNING: [filemgmt 56-199] Attempt to get parsing info during refresh. "On-the-fly" syntax checking information may be incorrect. [C:\CSEE4280\GRP2ADD\FinalProject\MemVga\MemVga.srcs\sources_1\new\Top.sv:]
WARNING: [filemgmt 56-199] Attempt to get parsing info during refresh. "On-the-fly" syntax checking information may be incorrect. [C:\CSEE4280\GRP2ADD\FinalProject\Processing\Processing.srcs\sources_1\new\Auto_Control.v:]
WARNING: [filemgmt 56-199] Attempt to get parsing info during refresh. "On-the-fly" syntax checking information may be incorrect. [C:\CSEE4280\GRP2ADD\FinalProject\MemVga\MemVga.srcs\sources_1\imports\FinalProject\VGAOutput\VGAOutput.srcs\sources_1\new\VGA_Out.v:]
WARNING: [filemgmt 56-199] Attempt to get parsing info during refresh. "On-the-fly" syntax checking information may be incorrect. [C:\CSEE4280\GRP2ADD\FinalProject\Processing\Processing.srcs\sources_1\new\Auto_Control.v:]
WARNING: [filemgmt 56-199] Attempt to get parsing info during refresh. "On-the-fly" syntax checking information may be incorrect. [C:\CSEE4280\GRP2ADD\FinalProject\Processing\Processing.srcs\sources_1\new\Auto_Control.v:]
WARNING: [filemgmt 56-199] Attempt to get parsing info during refresh. "On-the-fly" syntax checking information may be incorrect. [C:\CSEE4280\GRP2ADD\FinalProject\MemVga\MemVga.srcs\sources_1\new\Top.sv:]
WARNING: [filemgmt 56-199] Attempt to get parsing info during refresh. "On-the-fly" syntax checking information may be incorrect. [C:\CSEE4280\GRP2ADD\FinalProject\Processing\Processing.srcs\sources_1\new\Auto_Control.v:]
WARNING: [filemgmt 56-199] Attempt to get parsing info during refresh. "On-the-fly" syntax checking information may be incorrect. [C:\CSEE4280\GRP2ADD\FinalProject\MemVga\MemVga.srcs\sources_1\imports\FinalProject\VGAOutput\VGAOutput.srcs\sources_1\new\VGA_Out.v:]
WARNING: [filemgmt 56-199] Attempt to get parsing info during refresh. "On-the-fly" syntax checking information may be incorrect. [C:\CSEE4280\GRP2ADD\FinalProject\MemVga\MemVga.srcs\sources_1\imports\FinalProject\VGAOutput\VGAOutput.srcs\sources_1\new\VGA_Out.v:]
WARNING: [filemgmt 56-199] Attempt to get parsing info during refresh. "On-the-fly" syntax checking information may be incorrect. [C:\CSEE4280\GRP2ADD\FinalProject\MemVga\MemVga.srcs\sources_1\imports\FinalProject\VGAOutput\VGAOutput.srcs\sources_1\new\VGA_Out.v:]
WARNING: [filemgmt 56-199] Attempt to get parsing info during refresh. "On-the-fly" syntax checking information may be incorrect. [C:\CSEE4280\GRP2ADD\FinalProject\MemVga\MemVga.srcs\sources_1\new\Top.sv:]
WARNING: [filemgmt 56-199] Attempt to get parsing info during refresh. "On-the-fly" syntax checking information may be incorrect. [C:\CSEE4280\GRP2ADD\FinalProject\MemVga\MemVga.srcs\sources_1\new\Top.sv:]
WARNING: [filemgmt 56-199] Attempt to get parsing info during refresh. "On-the-fly" syntax checking information may be incorrect. [C:\CSEE4280\GRP2ADD\FinalProject\Processing\Processing.srcs\sources_1\new\Auto_Control.v:]
WARNING: [filemgmt 56-199] Attempt to get parsing info during refresh. "On-the-fly" syntax checking information may be incorrect. [C:\CSEE4280\GRP2ADD\FinalProject\MemVga\MemVga.srcs\sources_1\imports\FinalProject\VGAOutput\VGAOutput.srcs\sources_1\new\VGA_Out.v:]
WARNING: [filemgmt 56-199] Attempt to get parsing info during refresh. "On-the-fly" syntax checking information may be incorrect. [C:\CSEE4280\GRP2ADD\FinalProject\MemVga\MemVga.srcs\sources_1\new\Top.sv:]
WARNING: [filemgmt 56-199] Attempt to get parsing info during refresh. "On-the-fly" syntax checking information may be incorrect. [C:\CSEE4280\GRP2ADD\FinalProject\MemVga\MemVga.srcs\sources_1\new\Top.sv:]
WARNING: [filemgmt 56-199] Attempt to get parsing info during refresh. "On-the-fly" syntax checking information may be incorrect. [C:\CSEE4280\GRP2ADD\FinalProject\MemVga\MemVga.srcs\sources_1\new\Top.sv:]
WARNING: [filemgmt 56-199] Attempt to get parsing info during refresh. "On-the-fly" syntax checking information may be incorrect. [C:\CSEE4280\GRP2ADD\FinalProject\Processing\Processing.srcs\sources_1\new\Auto_Control.v:]
WARNING: [filemgmt 56-199] Attempt to get parsing info during refresh. "On-the-fly" syntax checking information may be incorrect. [C:\CSEE4280\GRP2ADD\FinalProject\MemVga\MemVga.srcs\sources_1\imports\FinalProject\VGAOutput\VGAOutput.srcs\sources_1\new\VGA_Out.v:]
WARNING: [filemgmt 56-199] Attempt to get parsing info during refresh. "On-the-fly" syntax checking information may be incorrect. [C:\CSEE4280\GRP2ADD\FinalProject\Processing\Processing.srcs\sources_1\new\Auto_Control.v:]
WARNING: [filemgmt 56-199] Attempt to get parsing info during refresh. "On-the-fly" syntax checking information may be incorrect. [C:\CSEE4280\GRP2ADD\FinalProject\Processing\Processing.srcs\sources_1\new\Auto_Control.v:]
reset_run synth_1
INFO: [Project 1-1161] Replacing file C:/CSEE4280/GRP2ADD/FinalProject/MemVga/MemVga.srcs/utils_1/imports/synth_1/Top.dcp with file C:/CSEE4280/GRP2ADD/FinalProject/MemVga/MemVga.runs/synth_1/Top.dcp
launch_runs impl_1 -to_step write_bitstream -jobs 12
[Fri Apr 11 14:30:32 2025] Launched synth_1...
Run output will be captured here: C:/CSEE4280/GRP2ADD/FinalProject/MemVga/MemVga.runs/synth_1/runme.log
[Fri Apr 11 14:30:32 2025] Launched impl_1...
Run output will be captured here: C:/CSEE4280/GRP2ADD/FinalProject/MemVga/MemVga.runs/impl_1/runme.log
WARNING: [filemgmt 56-199] Attempt to get parsing info during refresh. "On-the-fly" syntax checking information may be incorrect. [C:\CSEE4280\GRP2ADD\FinalProject\MemVga\MemVga.srcs\sources_1\new\Top.sv:]
WARNING: [filemgmt 56-199] Attempt to get parsing info during refresh. "On-the-fly" syntax checking information may be incorrect. [C:\CSEE4280\GRP2ADD\FinalProject\Processing\Processing.srcs\sources_1\new\Auto_Control.v:]
WARNING: [filemgmt 56-199] Attempt to get parsing info during refresh. "On-the-fly" syntax checking information may be incorrect. [C:\CSEE4280\GRP2ADD\FinalProject\MemVga\MemVga.srcs\sources_1\imports\FinalProject\VGAOutput\VGAOutput.srcs\sources_1\new\VGA_Out.v:]
WARNING: [filemgmt 56-199] Attempt to get parsing info during refresh. "On-the-fly" syntax checking information may be incorrect. [C:\CSEE4280\GRP2ADD\FinalProject\MemVga\MemVga.srcs\sources_1\imports\FinalProject\VGAOutput\VGAOutput.srcs\sources_1\new\VGA_Out.v:]
WARNING: [filemgmt 56-199] Attempt to get parsing info during refresh. "On-the-fly" syntax checking information may be incorrect. [C:\CSEE4280\GRP2ADD\FinalProject\MemVga\MemVga.srcs\sources_1\imports\FinalProject\VGAOutput\VGAOutput.srcs\sources_1\new\VGA_Out.v:]
WARNING: [filemgmt 56-199] Attempt to get parsing info during refresh. "On-the-fly" syntax checking information may be incorrect. [C:\CSEE4280\GRP2ADD\FinalProject\MemVga\MemVga.srcs\sources_1\new\Top.sv:]
WARNING: [filemgmt 56-199] Attempt to get parsing info during refresh. "On-the-fly" syntax checking information may be incorrect. [C:\CSEE4280\GRP2ADD\FinalProject\Processing\Processing.srcs\sources_1\new\Auto_Control.v:]
WARNING: [filemgmt 56-199] Attempt to get parsing info during refresh. "On-the-fly" syntax checking information may be incorrect. [C:\CSEE4280\GRP2ADD\FinalProject\MemVga\MemVga.srcs\sources_1\imports\FinalProject\VGAOutput\VGAOutput.srcs\sources_1\new\VGA_Out.v:]
WARNING: [filemgmt 56-199] Attempt to get parsing info during refresh. "On-the-fly" syntax checking information may be incorrect. [C:\CSEE4280\GRP2ADD\FinalProject\MemVga\MemVga.srcs\sources_1\new\Top.sv:]
WARNING: [filemgmt 56-199] Attempt to get parsing info during refresh. "On-the-fly" syntax checking information may be incorrect. [C:\CSEE4280\GRP2ADD\FinalProject\MemVga\MemVga.srcs\sources_1\new\Top.sv:]
close [ open C:/CSEE4280/GRP2ADD/FinalProject/MemVga/MemVga.srcs/sources_1/new/Starting_Pixels.v w ]
add_files C:/CSEE4280/GRP2ADD/FinalProject/MemVga/MemVga.srcs/sources_1/new/Starting_Pixels.v
WARNING: [filemgmt 56-199] Attempt to get parsing info during refresh. "On-the-fly" syntax checking information may be incorrect. [C:\CSEE4280\GRP2ADD\FinalProject\MemVga\MemVga.srcs\sources_1\new\Top.sv:]
WARNING: [filemgmt 56-199] Attempt to get parsing info during refresh. "On-the-fly" syntax checking information may be incorrect. [C:\CSEE4280\GRP2ADD\FinalProject\Processing\Processing.srcs\sources_1\new\Auto_Control.v:]
WARNING: [filemgmt 56-199] Attempt to get parsing info during refresh. "On-the-fly" syntax checking information may be incorrect. [C:\CSEE4280\GRP2ADD\FinalProject\MemVga\MemVga.srcs\sources_1\imports\FinalProject\VGAOutput\VGAOutput.srcs\sources_1\new\VGA_Out.v:]
WARNING: [filemgmt 56-199] Attempt to get parsing info during refresh. "On-the-fly" syntax checking information may be incorrect. [C:\CSEE4280\GRP2ADD\FinalProject\MemVga\MemVga.srcs\sources_1\imports\FinalProject\VGAOutput\VGAOutput.srcs\sources_1\new\VGA_Out.v:]
WARNING: [filemgmt 56-199] Attempt to get parsing info during refresh. "On-the-fly" syntax checking information may be incorrect. [C:\CSEE4280\GRP2ADD\FinalProject\MemVga\MemVga.srcs\sources_1\imports\FinalProject\VGAOutput\VGAOutput.srcs\sources_1\new\VGA_Out.v:]
WARNING: [filemgmt 56-199] Attempt to get parsing info during refresh. "On-the-fly" syntax checking information may be incorrect. [C:\CSEE4280\GRP2ADD\FinalProject\MemVga\MemVga.srcs\sources_1\new\Top.sv:]
WARNING: [filemgmt 56-199] Attempt to get parsing info during refresh. "On-the-fly" syntax checking information may be incorrect. [C:\CSEE4280\GRP2ADD\FinalProject\Processing\Processing.srcs\sources_1\new\Auto_Control.v:]
WARNING: [filemgmt 56-199] Attempt to get parsing info during refresh. "On-the-fly" syntax checking information may be incorrect. [C:\CSEE4280\GRP2ADD\FinalProject\MemVga\MemVga.srcs\sources_1\imports\FinalProject\VGAOutput\VGAOutput.srcs\sources_1\new\VGA_Out.v:]
WARNING: [filemgmt 56-199] Attempt to get parsing info during refresh. "On-the-fly" syntax checking information may be incorrect. [C:\CSEE4280\GRP2ADD\FinalProject\Processing\Processing.srcs\sources_1\new\Auto_Control.v:]
WARNING: [filemgmt 56-199] Attempt to get parsing info during refresh. "On-the-fly" syntax checking information may be incorrect. [C:\CSEE4280\GRP2ADD\FinalProject\Processing\Processing.srcs\sources_1\new\Auto_Control.v:]
WARNING: [filemgmt 56-199] Attempt to get parsing info during refresh. "On-the-fly" syntax checking information may be incorrect. [C:\CSEE4280\GRP2ADD\FinalProject\MemVga\MemVga.srcs\sources_1\new\Top.sv:]
WARNING: [filemgmt 56-199] Attempt to get parsing info during refresh. "On-the-fly" syntax checking information may be incorrect. [C:\CSEE4280\GRP2ADD\FinalProject\Processing\Processing.srcs\sources_1\new\Auto_Control.v:]
WARNING: [filemgmt 56-199] Attempt to get parsing info during refresh. "On-the-fly" syntax checking information may be incorrect. [C:\CSEE4280\GRP2ADD\FinalProject\MemVga\MemVga.srcs\sources_1\imports\FinalProject\VGAOutput\VGAOutput.srcs\sources_1\new\VGA_Out.v:]
WARNING: [filemgmt 56-199] Attempt to get parsing info during refresh. "On-the-fly" syntax checking information may be incorrect. [C:\CSEE4280\GRP2ADD\FinalProject\MemVga\MemVga.srcs\sources_1\imports\FinalProject\VGAOutput\VGAOutput.srcs\sources_1\new\VGA_Out.v:]
WARNING: [filemgmt 56-199] Attempt to get parsing info during refresh. "On-the-fly" syntax checking information may be incorrect. [C:\CSEE4280\GRP2ADD\FinalProject\MemVga\MemVga.srcs\sources_1\imports\FinalProject\VGAOutput\VGAOutput.srcs\sources_1\new\VGA_Out.v:]
WARNING: [filemgmt 56-199] Attempt to get parsing info during refresh. "On-the-fly" syntax checking information may be incorrect. [C:\CSEE4280\GRP2ADD\FinalProject\MemVga\MemVga.srcs\sources_1\new\Top.sv:]
WARNING: [filemgmt 56-199] Attempt to get parsing info during refresh. "On-the-fly" syntax checking information may be incorrect. [C:\CSEE4280\GRP2ADD\FinalProject\Processing\Processing.srcs\sources_1\new\Auto_Control.v:]
WARNING: [filemgmt 56-199] Attempt to get parsing info during refresh. "On-the-fly" syntax checking information may be incorrect. [C:\CSEE4280\GRP2ADD\FinalProject\MemVga\MemVga.srcs\sources_1\imports\FinalProject\VGAOutput\VGAOutput.srcs\sources_1\new\VGA_Out.v:]
update_compile_order -fileset sources_1
WARNING: [filemgmt 56-199] Attempt to get parsing info during refresh. "On-the-fly" syntax checking information may be incorrect. [C:\CSEE4280\GRP2ADD\FinalProject\MemVga\MemVga.srcs\sources_1\new\Top.sv:]
WARNING: [filemgmt 56-199] Attempt to get parsing info during refresh. "On-the-fly" syntax checking information may be incorrect. [C:\CSEE4280\GRP2ADD\FinalProject\Processing\Processing.srcs\sources_1\new\Auto_Control.v:]
WARNING: [filemgmt 56-199] Attempt to get parsing info during refresh. "On-the-fly" syntax checking information may be incorrect. [C:\CSEE4280\GRP2ADD\FinalProject\MemVga\MemVga.srcs\sources_1\imports\FinalProject\VGAOutput\VGAOutput.srcs\sources_1\new\VGA_Out.v:]
WARNING: [filemgmt 56-199] Attempt to get parsing info during refresh. "On-the-fly" syntax checking information may be incorrect. [C:\CSEE4280\GRP2ADD\FinalProject\MemVga\MemVga.srcs\sources_1\new\Top.sv:]
WARNING: [filemgmt 56-199] Attempt to get parsing info during refresh. "On-the-fly" syntax checking information may be incorrect. [C:\CSEE4280\GRP2ADD\FinalProject\MemVga\MemVga.srcs\sources_1\new\Top.sv:]
WARNING: [filemgmt 56-199] Attempt to get parsing info during refresh. "On-the-fly" syntax checking information may be incorrect. [C:\CSEE4280\GRP2ADD\FinalProject\MemVga\MemVga.srcs\sources_1\new\Top.sv:]
WARNING: [filemgmt 56-199] Attempt to get parsing info during refresh. "On-the-fly" syntax checking information may be incorrect. [C:\CSEE4280\GRP2ADD\FinalProject\Processing\Processing.srcs\sources_1\new\Auto_Control.v:]
WARNING: [filemgmt 56-199] Attempt to get parsing info during refresh. "On-the-fly" syntax checking information may be incorrect. [C:\CSEE4280\GRP2ADD\FinalProject\MemVga\MemVga.srcs\sources_1\imports\FinalProject\VGAOutput\VGAOutput.srcs\sources_1\new\VGA_Out.v:]
WARNING: [filemgmt 56-199] Attempt to get parsing info during refresh. "On-the-fly" syntax checking information may be incorrect. [C:\CSEE4280\GRP2ADD\FinalProject\MemVga\MemVga.srcs\sources_1\new\Top.sv:]
WARNING: [filemgmt 56-199] Attempt to get parsing info during refresh. "On-the-fly" syntax checking information may be incorrect. [C:\CSEE4280\GRP2ADD\FinalProject\MemVga\MemVga.srcs\sources_1\new\Starting_Pixels.v:]
WARNING: [filemgmt 56-199] Attempt to get parsing info during refresh. "On-the-fly" syntax checking information may be incorrect. [C:\CSEE4280\GRP2ADD\FinalProject\Processing\Processing.srcs\sources_1\new\Auto_Control.v:]
WARNING: [filemgmt 56-199] Attempt to get parsing info during refresh. "On-the-fly" syntax checking information may be incorrect. [C:\CSEE4280\GRP2ADD\FinalProject\MemVga\MemVga.srcs\sources_1\imports\FinalProject\VGAOutput\VGAOutput.srcs\sources_1\new\VGA_Out.v:]
WARNING: [filemgmt 56-199] Attempt to get parsing info during refresh. "On-the-fly" syntax checking information may be incorrect. [C:\CSEE4280\GRP2ADD\FinalProject\MemVga\MemVga.srcs\sources_1\new\Top.sv:]
WARNING: [filemgmt 56-199] Attempt to get parsing info during refresh. "On-the-fly" syntax checking information may be incorrect. [C:\CSEE4280\GRP2ADD\FinalProject\MemVga\MemVga.srcs\sources_1\new\Top.sv:]
WARNING: [filemgmt 56-199] Attempt to get parsing info during refresh. "On-the-fly" syntax checking information may be incorrect. [C:\CSEE4280\GRP2ADD\FinalProject\MemVga\MemVga.srcs\sources_1\new\Top.sv:]
WARNING: [filemgmt 56-199] Attempt to get parsing info during refresh. "On-the-fly" syntax checking information may be incorrect. [C:\CSEE4280\GRP2ADD\FinalProject\MemVga\MemVga.srcs\sources_1\new\Starting_Pixels.v:]
WARNING: [filemgmt 56-199] Attempt to get parsing info during refresh. "On-the-fly" syntax checking information may be incorrect. [C:\CSEE4280\GRP2ADD\FinalProject\Processing\Processing.srcs\sources_1\new\Auto_Control.v:]
WARNING: [filemgmt 56-199] Attempt to get parsing info during refresh. "On-the-fly" syntax checking information may be incorrect. [C:\CSEE4280\GRP2ADD\FinalProject\MemVga\MemVga.srcs\sources_1\imports\FinalProject\VGAOutput\VGAOutput.srcs\sources_1\new\VGA_Out.v:]
WARNING: [filemgmt 56-199] Attempt to get parsing info during refresh. "On-the-fly" syntax checking information may be incorrect. [C:\CSEE4280\GRP2ADD\FinalProject\Processing\Processing.srcs\sources_1\new\Auto_Control.v:]
WARNING: [filemgmt 56-199] Attempt to get parsing info during refresh. "On-the-fly" syntax checking information may be incorrect. [C:\CSEE4280\GRP2ADD\FinalProject\Processing\Processing.srcs\sources_1\new\Auto_Control.v:]
WARNING: [filemgmt 56-199] Attempt to get parsing info during refresh. "On-the-fly" syntax checking information may be incorrect. [C:\CSEE4280\GRP2ADD\FinalProject\MemVga\MemVga.srcs\sources_1\new\Top.sv:]
WARNING: [filemgmt 56-199] Attempt to get parsing info during refresh. "On-the-fly" syntax checking information may be incorrect. [C:\CSEE4280\GRP2ADD\FinalProject\MemVga\MemVga.srcs\sources_1\new\Starting_Pixels.v:]
WARNING: [filemgmt 56-199] Attempt to get parsing info during refresh. "On-the-fly" syntax checking information may be incorrect. [C:\CSEE4280\GRP2ADD\FinalProject\Processing\Processing.srcs\sources_1\new\Auto_Control.v:]
WARNING: [filemgmt 56-199] Attempt to get parsing info during refresh. "On-the-fly" syntax checking information may be incorrect. [C:\CSEE4280\GRP2ADD\FinalProject\MemVga\MemVga.srcs\sources_1\imports\FinalProject\VGAOutput\VGAOutput.srcs\sources_1\new\VGA_Out.v:]
WARNING: [filemgmt 56-199] Attempt to get parsing info during refresh. "On-the-fly" syntax checking information may be incorrect. [C:\CSEE4280\GRP2ADD\FinalProject\MemVga\MemVga.srcs\sources_1\new\Top.sv:]
WARNING: [filemgmt 56-199] Attempt to get parsing info during refresh. "On-the-fly" syntax checking information may be incorrect. [C:\CSEE4280\GRP2ADD\FinalProject\MemVga\MemVga.srcs\sources_1\new\Starting_Pixels.v:]
WARNING: [filemgmt 56-199] Attempt to get parsing info during refresh. "On-the-fly" syntax checking information may be incorrect. [C:\CSEE4280\GRP2ADD\FinalProject\Processing\Processing.srcs\sources_1\new\Auto_Clk.v:]
WARNING: [filemgmt 56-199] Attempt to get parsing info during refresh. "On-the-fly" syntax checking information may be incorrect. [C:\CSEE4280\GRP2ADD\FinalProject\Processing\Processing.srcs\sources_1\new\Auto_Control.v:]
WARNING: [filemgmt 56-199] Attempt to get parsing info during refresh. "On-the-fly" syntax checking information may be incorrect. [C:\CSEE4280\GRP2ADD\FinalProject\MemVga\MemVga.srcs\sources_1\imports\FinalProject\VGAOutput\VGAOutput.srcs\sources_1\new\VGA_Out.v:]
WARNING: [filemgmt 56-199] Attempt to get parsing info during refresh. "On-the-fly" syntax checking information may be incorrect. [C:\CSEE4280\GRP2ADD\FinalProject\MemVga\MemVga.srcs\sources_1\new\Top.sv:]
WARNING: [filemgmt 56-199] Attempt to get parsing info during refresh. "On-the-fly" syntax checking information may be incorrect. [C:\CSEE4280\GRP2ADD\FinalProject\MemVga\MemVga.srcs\sources_1\new\Top.sv:]
WARNING: [filemgmt 56-199] Attempt to get parsing info during refresh. "On-the-fly" syntax checking information may be incorrect. [C:\CSEE4280\GRP2ADD\FinalProject\MemVga\MemVga.srcs\sources_1\new\Top.sv:]
WARNING: [filemgmt 56-199] Attempt to get parsing info during refresh. "On-the-fly" syntax checking information may be incorrect. [C:\CSEE4280\GRP2ADD\FinalProject\MemVga\MemVga.srcs\sources_1\new\Starting_Pixels.v:]
WARNING: [filemgmt 56-199] Attempt to get parsing info during refresh. "On-the-fly" syntax checking information may be incorrect. [C:\CSEE4280\GRP2ADD\FinalProject\Processing\Processing.srcs\sources_1\new\Auto_Clk.v:]
WARNING: [filemgmt 56-199] Attempt to get parsing info during refresh. "On-the-fly" syntax checking information may be incorrect. [C:\CSEE4280\GRP2ADD\FinalProject\Processing\Processing.srcs\sources_1\new\Auto_Control.v:]
WARNING: [filemgmt 56-199] Attempt to get parsing info during refresh. "On-the-fly" syntax checking information may be incorrect. [C:\CSEE4280\GRP2ADD\FinalProject\MemVga\MemVga.srcs\sources_1\imports\FinalProject\VGAOutput\VGAOutput.srcs\sources_1\new\VGA_Out.v:]
WARNING: [filemgmt 56-199] Attempt to get parsing info during refresh. "On-the-fly" syntax checking information may be incorrect. [C:\CSEE4280\GRP2ADD\FinalProject\Processing\Processing.srcs\sources_1\new\Auto_Control.v:]
WARNING: [filemgmt 56-199] Attempt to get parsing info during refresh. "On-the-fly" syntax checking information may be incorrect. [C:\CSEE4280\GRP2ADD\FinalProject\Processing\Processing.srcs\sources_1\new\Auto_Control.v:]
WARNING: [filemgmt 56-199] Attempt to get parsing info during refresh. "On-the-fly" syntax checking information may be incorrect. [C:\CSEE4280\GRP2ADD\FinalProject\MemVga\MemVga.srcs\sources_1\new\Top.sv:]
WARNING: [filemgmt 56-199] Attempt to get parsing info during refresh. "On-the-fly" syntax checking information may be incorrect. [C:\CSEE4280\GRP2ADD\FinalProject\MemVga\MemVga.srcs\sources_1\new\Starting_Pixels.v:]
WARNING: [filemgmt 56-199] Attempt to get parsing info during refresh. "On-the-fly" syntax checking information may be incorrect. [C:\CSEE4280\GRP2ADD\FinalProject\Processing\Processing.srcs\sources_1\new\Auto_Clk.v:]
WARNING: [filemgmt 56-199] Attempt to get parsing info during refresh. "On-the-fly" syntax checking information may be incorrect. [C:\CSEE4280\GRP2ADD\FinalProject\Processing\Processing.srcs\sources_1\new\Auto_Control.v:]
WARNING: [filemgmt 56-199] Attempt to get parsing info during refresh. "On-the-fly" syntax checking information may be incorrect. [C:\CSEE4280\GRP2ADD\FinalProject\MemVga\MemVga.srcs\sources_1\imports\FinalProject\VGAOutput\VGAOutput.srcs\sources_1\new\VGA_Out.v:]
WARNING: [filemgmt 56-199] Attempt to get parsing info during refresh. "On-the-fly" syntax checking information may be incorrect. [C:\CSEE4280\GRP2ADD\FinalProject\Processing\Processing.srcs\sources_1\new\Auto_Clk.v:]
WARNING: [filemgmt 56-199] Attempt to get parsing info during refresh. "On-the-fly" syntax checking information may be incorrect. [C:\CSEE4280\GRP2ADD\FinalProject\Processing\Processing.srcs\sources_1\new\Auto_Clk.v:]
WARNING: [filemgmt 56-199] Attempt to get parsing info during refresh. "On-the-fly" syntax checking information may be incorrect. [C:\CSEE4280\GRP2ADD\FinalProject\MemVga\MemVga.srcs\sources_1\new\Top.sv:]
WARNING: [filemgmt 56-199] Attempt to get parsing info during refresh. "On-the-fly" syntax checking information may be incorrect. [C:\CSEE4280\GRP2ADD\FinalProject\MemVga\MemVga.srcs\sources_1\new\Starting_Pixels.v:]
WARNING: [filemgmt 56-199] Attempt to get parsing info during refresh. "On-the-fly" syntax checking information may be incorrect. [C:\CSEE4280\GRP2ADD\FinalProject\Processing\Processing.srcs\sources_1\new\Auto_Clk.v:]
WARNING: [filemgmt 56-199] Attempt to get parsing info during refresh. "On-the-fly" syntax checking information may be incorrect. [C:\CSEE4280\GRP2ADD\FinalProject\Processing\Processing.srcs\sources_1\new\Auto_Control.v:]
WARNING: [filemgmt 56-199] Attempt to get parsing info during refresh. "On-the-fly" syntax checking information may be incorrect. [C:\CSEE4280\GRP2ADD\FinalProject\MemVga\MemVga.srcs\sources_1\imports\FinalProject\VGAOutput\VGAOutput.srcs\sources_1\new\VGA_Out.v:]
WARNING: [filemgmt 56-199] Attempt to get parsing info during refresh. "On-the-fly" syntax checking information may be incorrect. [C:\CSEE4280\GRP2ADD\FinalProject\MemVga\MemVga.srcs\sources_1\imports\FinalProject\VGAOutput\VGAOutput.srcs\sources_1\new\VGA_Out.v:]
WARNING: [filemgmt 56-199] Attempt to get parsing info during refresh. "On-the-fly" syntax checking information may be incorrect. [C:\CSEE4280\GRP2ADD\FinalProject\MemVga\MemVga.srcs\sources_1\imports\FinalProject\VGAOutput\VGAOutput.srcs\sources_1\new\VGA_Out.v:]
WARNING: [filemgmt 56-199] Attempt to get parsing info during refresh. "On-the-fly" syntax checking information may be incorrect. [C:\CSEE4280\GRP2ADD\FinalProject\MemVga\MemVga.srcs\sources_1\new\Top.sv:]
WARNING: [filemgmt 56-199] Attempt to get parsing info during refresh. "On-the-fly" syntax checking information may be incorrect. [C:\CSEE4280\GRP2ADD\FinalProject\MemVga\MemVga.srcs\sources_1\new\Starting_Pixels.v:]
WARNING: [filemgmt 56-199] Attempt to get parsing info during refresh. "On-the-fly" syntax checking information may be incorrect. [C:\CSEE4280\GRP2ADD\FinalProject\Processing\Processing.srcs\sources_1\new\Auto_Clk.v:]
WARNING: [filemgmt 56-199] Attempt to get parsing info during refresh. "On-the-fly" syntax checking information may be incorrect. [C:\CSEE4280\GRP2ADD\FinalProject\Processing\Processing.srcs\sources_1\new\Auto_Control.v:]
WARNING: [filemgmt 56-199] Attempt to get parsing info during refresh. "On-the-fly" syntax checking information may be incorrect. [C:\CSEE4280\GRP2ADD\FinalProject\MemVga\MemVga.srcs\sources_1\imports\FinalProject\VGAOutput\VGAOutput.srcs\sources_1\new\VGA_Out.v:]
WARNING: [filemgmt 56-199] Attempt to get parsing info during refresh. "On-the-fly" syntax checking information may be incorrect. [C:\CSEE4280\GRP2ADD\FinalProject\MemVga\MemVga.srcs\sources_1\new\Starting_Pixels.v:]
WARNING: [filemgmt 56-199] Attempt to get parsing info during refresh. "On-the-fly" syntax checking information may be incorrect. [C:\CSEE4280\GRP2ADD\FinalProject\MemVga\MemVga.srcs\sources_1\new\Starting_Pixels.v:]
WARNING: [filemgmt 56-199] Attempt to get parsing info during refresh. "On-the-fly" syntax checking information may be incorrect. [C:\CSEE4280\GRP2ADD\FinalProject\MemVga\MemVga.srcs\sources_1\new\Top.sv:]
WARNING: [filemgmt 56-199] Attempt to get parsing info during refresh. "On-the-fly" syntax checking information may be incorrect. [C:\CSEE4280\GRP2ADD\FinalProject\MemVga\MemVga.srcs\sources_1\new\Starting_Pixels.v:]
WARNING: [filemgmt 56-199] Attempt to get parsing info during refresh. "On-the-fly" syntax checking information may be incorrect. [C:\CSEE4280\GRP2ADD\FinalProject\Processing\Processing.srcs\sources_1\new\Auto_Clk.v:]
WARNING: [filemgmt 56-199] Attempt to get parsing info during refresh. "On-the-fly" syntax checking information may be incorrect. [C:\CSEE4280\GRP2ADD\FinalProject\Processing\Processing.srcs\sources_1\new\Auto_Control.v:]
WARNING: [filemgmt 56-199] Attempt to get parsing info during refresh. "On-the-fly" syntax checking information may be incorrect. [C:\CSEE4280\GRP2ADD\FinalProject\MemVga\MemVga.srcs\sources_1\imports\FinalProject\VGAOutput\VGAOutput.srcs\sources_1\new\VGA_Out.v:]
WARNING: [filemgmt 56-199] Attempt to get parsing info during refresh. "On-the-fly" syntax checking information may be incorrect. [C:\CSEE4280\GRP2ADD\FinalProject\Processing\Processing.srcs\sources_1\new\Auto_Control.v:]
WARNING: [filemgmt 56-199] Attempt to get parsing info during refresh. "On-the-fly" syntax checking information may be incorrect. [C:\CSEE4280\GRP2ADD\FinalProject\Processing\Processing.srcs\sources_1\new\Auto_Control.v:]
WARNING: [filemgmt 56-199] Attempt to get parsing info during refresh. "On-the-fly" syntax checking information may be incorrect. [C:\CSEE4280\GRP2ADD\FinalProject\MemVga\MemVga.srcs\sources_1\new\Top.sv:]
WARNING: [filemgmt 56-199] Attempt to get parsing info during refresh. "On-the-fly" syntax checking information may be incorrect. [C:\CSEE4280\GRP2ADD\FinalProject\MemVga\MemVga.srcs\sources_1\new\Starting_Pixels.v:]
WARNING: [filemgmt 56-199] Attempt to get parsing info during refresh. "On-the-fly" syntax checking information may be incorrect. [C:\CSEE4280\GRP2ADD\FinalProject\Processing\Processing.srcs\sources_1\new\Auto_Clk.v:]
WARNING: [filemgmt 56-199] Attempt to get parsing info during refresh. "On-the-fly" syntax checking information may be incorrect. [C:\CSEE4280\GRP2ADD\FinalProject\Processing\Processing.srcs\sources_1\new\Auto_Control.v:]
WARNING: [filemgmt 56-199] Attempt to get parsing info during refresh. "On-the-fly" syntax checking information may be incorrect. [C:\CSEE4280\GRP2ADD\FinalProject\MemVga\MemVga.srcs\sources_1\imports\FinalProject\VGAOutput\VGAOutput.srcs\sources_1\new\VGA_Out.v:]
WARNING: [filemgmt 56-199] Attempt to get parsing info during refresh. "On-the-fly" syntax checking information may be incorrect. [C:\CSEE4280\GRP2ADD\FinalProject\Processing\Processing.srcs\sources_1\new\Auto_Clk.v:]
WARNING: [filemgmt 56-199] Attempt to get parsing info during refresh. "On-the-fly" syntax checking information may be incorrect. [C:\CSEE4280\GRP2ADD\FinalProject\Processing\Processing.srcs\sources_1\new\Auto_Clk.v:]
WARNING: [filemgmt 56-199] Attempt to get parsing info during refresh. "On-the-fly" syntax checking information may be incorrect. [C:\CSEE4280\GRP2ADD\FinalProject\MemVga\MemVga.srcs\sources_1\new\Top.sv:]
WARNING: [filemgmt 56-199] Attempt to get parsing info during refresh. "On-the-fly" syntax checking information may be incorrect. [C:\CSEE4280\GRP2ADD\FinalProject\MemVga\MemVga.srcs\sources_1\new\Starting_Pixels.v:]
WARNING: [filemgmt 56-199] Attempt to get parsing info during refresh. "On-the-fly" syntax checking information may be incorrect. [C:\CSEE4280\GRP2ADD\FinalProject\Processing\Processing.srcs\sources_1\new\Auto_Clk.v:]
WARNING: [filemgmt 56-199] Attempt to get parsing info during refresh. "On-the-fly" syntax checking information may be incorrect. [C:\CSEE4280\GRP2ADD\FinalProject\MemVga\MemVga.srcs\sources_1\new\Top.sv:]
WARNING: [filemgmt 56-199] Attempt to get parsing info during refresh. "On-the-fly" syntax checking information may be incorrect. [C:\CSEE4280\GRP2ADD\FinalProject\MemVga\MemVga.srcs\sources_1\new\Starting_Pixels.v:]
WARNING: [filemgmt 56-199] Attempt to get parsing info during refresh. "On-the-fly" syntax checking information may be incorrect. [C:\CSEE4280\GRP2ADD\FinalProject\Processing\Processing.srcs\sources_1\new\Auto_Clk.v:]
WARNING: [filemgmt 56-199] Attempt to get parsing info during refresh. "On-the-fly" syntax checking information may be incorrect. [C:\CSEE4280\GRP2ADD\FinalProject\Processing\Processing.srcs\sources_1\new\Auto_Control.v:]
WARNING: [filemgmt 56-199] Attempt to get parsing info during refresh. "On-the-fly" syntax checking information may be incorrect. [C:\CSEE4280\GRP2ADD\FinalProject\MemVga\MemVga.srcs\sources_1\imports\FinalProject\VGAOutput\VGAOutput.srcs\sources_1\new\VGA_Out.v:]
WARNING: [filemgmt 56-199] Attempt to get parsing info during refresh. "On-the-fly" syntax checking information may be incorrect. [C:\CSEE4280\GRP2ADD\FinalProject\MemVga\MemVga.srcs\sources_1\new\Top.sv:]
WARNING: [filemgmt 56-199] Attempt to get parsing info during refresh. "On-the-fly" syntax checking information may be incorrect. [C:\CSEE4280\GRP2ADD\FinalProject\MemVga\MemVga.srcs\sources_1\new\Top.sv:]
WARNING: [filemgmt 56-199] Attempt to get parsing info during refresh. "On-the-fly" syntax checking information may be incorrect. [C:\CSEE4280\GRP2ADD\FinalProject\MemVga\MemVga.srcs\sources_1\new\Top.sv:]
WARNING: [filemgmt 56-199] Attempt to get parsing info during refresh. "On-the-fly" syntax checking information may be incorrect. [C:\CSEE4280\GRP2ADD\FinalProject\MemVga\MemVga.srcs\sources_1\new\Starting_Pixels.v:]
WARNING: [filemgmt 56-199] Attempt to get parsing info during refresh. "On-the-fly" syntax checking information may be incorrect. [C:\CSEE4280\GRP2ADD\FinalProject\Processing\Processing.srcs\sources_1\new\Auto_Clk.v:]
WARNING: [filemgmt 56-199] Attempt to get parsing info during refresh. "On-the-fly" syntax checking information may be incorrect. [C:\CSEE4280\GRP2ADD\FinalProject\Processing\Processing.srcs\sources_1\new\Auto_Control.v:]
WARNING: [filemgmt 56-199] Attempt to get parsing info during refresh. "On-the-fly" syntax checking information may be incorrect. [C:\CSEE4280\GRP2ADD\FinalProject\MemVga\MemVga.srcs\sources_1\imports\FinalProject\VGAOutput\VGAOutput.srcs\sources_1\new\VGA_Out.v:]
WARNING: [filemgmt 56-199] Attempt to get parsing info during refresh. "On-the-fly" syntax checking information may be incorrect. [C:\CSEE4280\GRP2ADD\FinalProject\Processing\Processing.srcs\sources_1\new\Auto_Control.v:]
WARNING: [filemgmt 56-199] Attempt to get parsing info during refresh. "On-the-fly" syntax checking information may be incorrect. [C:\CSEE4280\GRP2ADD\FinalProject\Processing\Processing.srcs\sources_1\new\Auto_Control.v:]
WARNING: [filemgmt 56-199] Attempt to get parsing info during refresh. "On-the-fly" syntax checking information may be incorrect. [C:\CSEE4280\GRP2ADD\FinalProject\MemVga\MemVga.srcs\sources_1\new\Top.sv:]
WARNING: [filemgmt 56-199] Attempt to get parsing info during refresh. "On-the-fly" syntax checking information may be incorrect. [C:\CSEE4280\GRP2ADD\FinalProject\MemVga\MemVga.srcs\sources_1\new\Starting_Pixels.v:]
WARNING: [filemgmt 56-199] Attempt to get parsing info during refresh. "On-the-fly" syntax checking information may be incorrect. [C:\CSEE4280\GRP2ADD\FinalProject\Processing\Processing.srcs\sources_1\new\Auto_Clk.v:]
WARNING: [filemgmt 56-199] Attempt to get parsing info during refresh. "On-the-fly" syntax checking information may be incorrect. [C:\CSEE4280\GRP2ADD\FinalProject\Processing\Processing.srcs\sources_1\new\Auto_Control.v:]
WARNING: [filemgmt 56-199] Attempt to get parsing info during refresh. "On-the-fly" syntax checking information may be incorrect. [C:\CSEE4280\GRP2ADD\FinalProject\MemVga\MemVga.srcs\sources_1\imports\FinalProject\VGAOutput\VGAOutput.srcs\sources_1\new\VGA_Out.v:]
WARNING: [filemgmt 56-199] Attempt to get parsing info during refresh. "On-the-fly" syntax checking information may be incorrect. [C:\CSEE4280\GRP2ADD\FinalProject\Processing\Processing.srcs\sources_1\new\Auto_Clk.v:]
WARNING: [filemgmt 56-199] Attempt to get parsing info during refresh. "On-the-fly" syntax checking information may be incorrect. [C:\CSEE4280\GRP2ADD\FinalProject\Processing\Processing.srcs\sources_1\new\Auto_Clk.v:]
WARNING: [filemgmt 56-199] Attempt to get parsing info during refresh. "On-the-fly" syntax checking information may be incorrect. [C:\CSEE4280\GRP2ADD\FinalProject\MemVga\MemVga.srcs\sources_1\new\Top.sv:]
WARNING: [filemgmt 56-199] Attempt to get parsing info during refresh. "On-the-fly" syntax checking information may be incorrect. [C:\CSEE4280\GRP2ADD\FinalProject\MemVga\MemVga.srcs\sources_1\new\Starting_Pixels.v:]
WARNING: [filemgmt 56-199] Attempt to get parsing info during refresh. "On-the-fly" syntax checking information may be incorrect. [C:\CSEE4280\GRP2ADD\FinalProject\Processing\Processing.srcs\sources_1\new\Auto_Clk.v:]
WARNING: [filemgmt 56-199] Attempt to get parsing info during refresh. "On-the-fly" syntax checking information may be incorrect. [C:\CSEE4280\GRP2ADD\FinalProject\Processing\Processing.srcs\sources_1\new\Auto_Control.v:]
WARNING: [filemgmt 56-199] Attempt to get parsing info during refresh. "On-the-fly" syntax checking information may be incorrect. [C:\CSEE4280\GRP2ADD\FinalProject\MemVga\MemVga.srcs\sources_1\imports\FinalProject\VGAOutput\VGAOutput.srcs\sources_1\new\VGA_Out.v:]
WARNING: [filemgmt 56-199] Attempt to get parsing info during refresh. "On-the-fly" syntax checking information may be incorrect. [C:\CSEE4280\GRP2ADD\FinalProject\MemVga\MemVga.srcs\sources_1\imports\FinalProject\VGAOutput\VGAOutput.srcs\sources_1\new\VGA_Out.v:]
WARNING: [filemgmt 56-199] Attempt to get parsing info during refresh. "On-the-fly" syntax checking information may be incorrect. [C:\CSEE4280\GRP2ADD\FinalProject\MemVga\MemVga.srcs\sources_1\imports\FinalProject\VGAOutput\VGAOutput.srcs\sources_1\new\VGA_Out.v:]
WARNING: [filemgmt 56-199] Attempt to get parsing info during refresh. "On-the-fly" syntax checking information may be incorrect. [C:\CSEE4280\GRP2ADD\FinalProject\MemVga\MemVga.srcs\sources_1\new\Top.sv:]
WARNING: [filemgmt 56-199] Attempt to get parsing info during refresh. "On-the-fly" syntax checking information may be incorrect. [C:\CSEE4280\GRP2ADD\FinalProject\MemVga\MemVga.srcs\sources_1\new\Starting_Pixels.v:]
WARNING: [filemgmt 56-199] Attempt to get parsing info during refresh. "On-the-fly" syntax checking information may be incorrect. [C:\CSEE4280\GRP2ADD\FinalProject\Processing\Processing.srcs\sources_1\new\Auto_Clk.v:]
WARNING: [filemgmt 56-199] Attempt to get parsing info during refresh. "On-the-fly" syntax checking information may be incorrect. [C:\CSEE4280\GRP2ADD\FinalProject\Processing\Processing.srcs\sources_1\new\Auto_Control.v:]
WARNING: [filemgmt 56-199] Attempt to get parsing info during refresh. "On-the-fly" syntax checking information may be incorrect. [C:\CSEE4280\GRP2ADD\FinalProject\MemVga\MemVga.srcs\sources_1\imports\FinalProject\VGAOutput\VGAOutput.srcs\sources_1\new\VGA_Out.v:]
WARNING: [filemgmt 56-199] Attempt to get parsing info during refresh. "On-the-fly" syntax checking information may be incorrect. [C:\CSEE4280\GRP2ADD\FinalProject\Processing\Processing.srcs\sources_1\new\Auto_Control.v:]
WARNING: [filemgmt 56-199] Attempt to get parsing info during refresh. "On-the-fly" syntax checking information may be incorrect. [C:\CSEE4280\GRP2ADD\FinalProject\Processing\Processing.srcs\sources_1\new\Auto_Control.v:]
WARNING: [filemgmt 56-199] Attempt to get parsing info during refresh. "On-the-fly" syntax checking information may be incorrect. [C:\CSEE4280\GRP2ADD\FinalProject\MemVga\MemVga.srcs\sources_1\new\Top.sv:]
WARNING: [filemgmt 56-199] Attempt to get parsing info during refresh. "On-the-fly" syntax checking information may be incorrect. [C:\CSEE4280\GRP2ADD\FinalProject\MemVga\MemVga.srcs\sources_1\new\Starting_Pixels.v:]
WARNING: [filemgmt 56-199] Attempt to get parsing info during refresh. "On-the-fly" syntax checking information may be incorrect. [C:\CSEE4280\GRP2ADD\FinalProject\Processing\Processing.srcs\sources_1\new\Auto_Clk.v:]
WARNING: [filemgmt 56-199] Attempt to get parsing info during refresh. "On-the-fly" syntax checking information may be incorrect. [C:\CSEE4280\GRP2ADD\FinalProject\Processing\Processing.srcs\sources_1\new\Auto_Control.v:]
WARNING: [filemgmt 56-199] Attempt to get parsing info during refresh. "On-the-fly" syntax checking information may be incorrect. [C:\CSEE4280\GRP2ADD\FinalProject\MemVga\MemVga.srcs\sources_1\imports\FinalProject\VGAOutput\VGAOutput.srcs\sources_1\new\VGA_Out.v:]
WARNING: [filemgmt 56-199] Attempt to get parsing info during refresh. "On-the-fly" syntax checking information may be incorrect. [C:\CSEE4280\GRP2ADD\FinalProject\Processing\Processing.srcs\sources_1\new\Auto_Clk.v:]
WARNING: [filemgmt 56-199] Attempt to get parsing info during refresh. "On-the-fly" syntax checking information may be incorrect. [C:\CSEE4280\GRP2ADD\FinalProject\Processing\Processing.srcs\sources_1\new\Auto_Clk.v:]
WARNING: [filemgmt 56-199] Attempt to get parsing info during refresh. "On-the-fly" syntax checking information may be incorrect. [C:\CSEE4280\GRP2ADD\FinalProject\MemVga\MemVga.srcs\sources_1\new\Top.sv:]
WARNING: [filemgmt 56-199] Attempt to get parsing info during refresh. "On-the-fly" syntax checking information may be incorrect. [C:\CSEE4280\GRP2ADD\FinalProject\MemVga\MemVga.srcs\sources_1\new\Starting_Pixels.v:]
WARNING: [filemgmt 56-199] Attempt to get parsing info during refresh. "On-the-fly" syntax checking information may be incorrect. [C:\CSEE4280\GRP2ADD\FinalProject\Processing\Processing.srcs\sources_1\new\Auto_Clk.v:]
WARNING: [filemgmt 56-199] Attempt to get parsing info during refresh. "On-the-fly" syntax checking information may be incorrect. [C:\CSEE4280\GRP2ADD\FinalProject\MemVga\MemVga.srcs\sources_1\new\Top.sv:]
WARNING: [filemgmt 56-199] Attempt to get parsing info during refresh. "On-the-fly" syntax checking information may be incorrect. [C:\CSEE4280\GRP2ADD\FinalProject\MemVga\MemVga.srcs\sources_1\new\Starting_Pixels.v:]
WARNING: [filemgmt 56-199] Attempt to get parsing info during refresh. "On-the-fly" syntax checking information may be incorrect. [C:\CSEE4280\GRP2ADD\FinalProject\Processing\Processing.srcs\sources_1\new\Auto_Clk.v:]
WARNING: [filemgmt 56-199] Attempt to get parsing info during refresh. "On-the-fly" syntax checking information may be incorrect. [C:\CSEE4280\GRP2ADD\FinalProject\Processing\Processing.srcs\sources_1\new\Auto_Control.v:]
WARNING: [filemgmt 56-199] Attempt to get parsing info during refresh. "On-the-fly" syntax checking information may be incorrect. [C:\CSEE4280\GRP2ADD\FinalProject\MemVga\MemVga.srcs\sources_1\imports\FinalProject\VGAOutput\VGAOutput.srcs\sources_1\new\VGA_Out.v:]
WARNING: [filemgmt 56-199] Attempt to get parsing info during refresh. "On-the-fly" syntax checking information may be incorrect. [C:\CSEE4280\GRP2ADD\FinalProject\MemVga\MemVga.srcs\sources_1\imports\FinalProject\VGAOutput\VGAOutput.srcs\sources_1\new\VGA_Out.v:]
WARNING: [filemgmt 56-199] Attempt to get parsing info during refresh. "On-the-fly" syntax checking information may be incorrect. [C:\CSEE4280\GRP2ADD\FinalProject\MemVga\MemVga.srcs\sources_1\imports\FinalProject\VGAOutput\VGAOutput.srcs\sources_1\new\VGA_Out.v:]
WARNING: [filemgmt 56-199] Attempt to get parsing info during refresh. "On-the-fly" syntax checking information may be incorrect. [C:\CSEE4280\GRP2ADD\FinalProject\MemVga\MemVga.srcs\sources_1\new\Top.sv:]
WARNING: [filemgmt 56-199] Attempt to get parsing info during refresh. "On-the-fly" syntax checking information may be incorrect. [C:\CSEE4280\GRP2ADD\FinalProject\MemVga\MemVga.srcs\sources_1\new\Starting_Pixels.v:]
WARNING: [filemgmt 56-199] Attempt to get parsing info during refresh. "On-the-fly" syntax checking information may be incorrect. [C:\CSEE4280\GRP2ADD\FinalProject\Processing\Processing.srcs\sources_1\new\Auto_Clk.v:]
WARNING: [filemgmt 56-199] Attempt to get parsing info during refresh. "On-the-fly" syntax checking information may be incorrect. [C:\CSEE4280\GRP2ADD\FinalProject\Processing\Processing.srcs\sources_1\new\Auto_Control.v:]
WARNING: [filemgmt 56-199] Attempt to get parsing info during refresh. "On-the-fly" syntax checking information may be incorrect. [C:\CSEE4280\GRP2ADD\FinalProject\MemVga\MemVga.srcs\sources_1\imports\FinalProject\VGAOutput\VGAOutput.srcs\sources_1\new\VGA_Out.v:]
WARNING: [filemgmt 56-199] Attempt to get parsing info during refresh. "On-the-fly" syntax checking information may be incorrect. [C:\CSEE4280\GRP2ADD\FinalProject\MemVga\MemVga.srcs\sources_1\new\Starting_Pixels.v:]
WARNING: [filemgmt 56-199] Attempt to get parsing info during refresh. "On-the-fly" syntax checking information may be incorrect. [C:\CSEE4280\GRP2ADD\FinalProject\MemVga\MemVga.srcs\sources_1\new\Starting_Pixels.v:]
WARNING: [filemgmt 56-199] Attempt to get parsing info during refresh. "On-the-fly" syntax checking information may be incorrect. [C:\CSEE4280\GRP2ADD\FinalProject\MemVga\MemVga.srcs\sources_1\new\Top.sv:]
WARNING: [filemgmt 56-199] Attempt to get parsing info during refresh. "On-the-fly" syntax checking information may be incorrect. [C:\CSEE4280\GRP2ADD\FinalProject\MemVga\MemVga.srcs\sources_1\new\Starting_Pixels.v:]
WARNING: [filemgmt 56-199] Attempt to get parsing info during refresh. "On-the-fly" syntax checking information may be incorrect. [C:\CSEE4280\GRP2ADD\FinalProject\Processing\Processing.srcs\sources_1\new\Auto_Clk.v:]
WARNING: [filemgmt 56-199] Attempt to get parsing info during refresh. "On-the-fly" syntax checking information may be incorrect. [C:\CSEE4280\GRP2ADD\FinalProject\Processing\Processing.srcs\sources_1\new\Auto_Control.v:]
WARNING: [filemgmt 56-199] Attempt to get parsing info during refresh. "On-the-fly" syntax checking information may be incorrect. [C:\CSEE4280\GRP2ADD\FinalProject\MemVga\MemVga.srcs\sources_1\imports\FinalProject\VGAOutput\VGAOutput.srcs\sources_1\new\VGA_Out.v:]
WARNING: [filemgmt 56-199] Attempt to get parsing info during refresh. "On-the-fly" syntax checking information may be incorrect. [C:\CSEE4280\GRP2ADD\FinalProject\Processing\Processing.srcs\sources_1\new\Auto_Clk.v:]
WARNING: [filemgmt 56-199] Attempt to get parsing info during refresh. "On-the-fly" syntax checking information may be incorrect. [C:\CSEE4280\GRP2ADD\FinalProject\Processing\Processing.srcs\sources_1\new\Auto_Clk.v:]
WARNING: [filemgmt 56-199] Attempt to get parsing info during refresh. "On-the-fly" syntax checking information may be incorrect. [C:\CSEE4280\GRP2ADD\FinalProject\MemVga\MemVga.srcs\sources_1\new\Top.sv:]
update_compile_order -fileset sources_1
WARNING: [filemgmt 56-199] Attempt to get parsing info during refresh. "On-the-fly" syntax checking information may be incorrect. [C:\CSEE4280\GRP2ADD\FinalProject\MemVga\MemVga.srcs\sources_1\new\Top.sv:]
WARNING: [filemgmt 56-199] Attempt to get parsing info during refresh. "On-the-fly" syntax checking information may be incorrect. [C:\CSEE4280\GRP2ADD\FinalProject\MemVga\MemVga.srcs\sources_1\new\Starting_Pixels.v:]
WARNING: [filemgmt 56-199] Attempt to get parsing info during refresh. "On-the-fly" syntax checking information may be incorrect. [C:\CSEE4280\GRP2ADD\FinalProject\Processing\Processing.srcs\sources_1\new\Auto_Clk.v:]
WARNING: [filemgmt 56-199] Attempt to get parsing info during refresh. "On-the-fly" syntax checking information may be incorrect. [C:\CSEE4280\GRP2ADD\FinalProject\Processing\Processing.srcs\sources_1\new\Auto_Control.v:]
WARNING: [filemgmt 56-199] Attempt to get parsing info during refresh. "On-the-fly" syntax checking information may be incorrect. [C:\CSEE4280\GRP2ADD\FinalProject\MemVga\MemVga.srcs\sources_1\imports\FinalProject\VGAOutput\VGAOutput.srcs\sources_1\new\VGA_Out.v:]
WARNING: [filemgmt 56-199] Attempt to get parsing info during refresh. "On-the-fly" syntax checking information may be incorrect. [C:\CSEE4280\GRP2ADD\FinalProject\MemVga\MemVga.srcs\sources_1\new\Top.sv:]
WARNING: [filemgmt 56-199] Attempt to get parsing info during refresh. "On-the-fly" syntax checking information may be incorrect. [C:\CSEE4280\GRP2ADD\FinalProject\MemVga\MemVga.srcs\sources_1\new\Top.sv:]
WARNING: [filemgmt 56-199] Attempt to get parsing info during refresh. "On-the-fly" syntax checking information may be incorrect. [C:\CSEE4280\GRP2ADD\FinalProject\MemVga\MemVga.srcs\sources_1\new\Top.sv:]
WARNING: [filemgmt 56-199] Attempt to get parsing info during refresh. "On-the-fly" syntax checking information may be incorrect. [C:\CSEE4280\GRP2ADD\FinalProject\MemVga\MemVga.srcs\sources_1\new\Starting_Pixels.v:]
WARNING: [filemgmt 56-199] Attempt to get parsing info during refresh. "On-the-fly" syntax checking information may be incorrect. [C:\CSEE4280\GRP2ADD\FinalProject\Processing\Processing.srcs\sources_1\new\Auto_Clk.v:]
WARNING: [filemgmt 56-199] Attempt to get parsing info during refresh. "On-the-fly" syntax checking information may be incorrect. [C:\CSEE4280\GRP2ADD\FinalProject\Processing\Processing.srcs\sources_1\new\Auto_Control.v:]
WARNING: [filemgmt 56-199] Attempt to get parsing info during refresh. "On-the-fly" syntax checking information may be incorrect. [C:\CSEE4280\GRP2ADD\FinalProject\MemVga\MemVga.srcs\sources_1\imports\FinalProject\VGAOutput\VGAOutput.srcs\sources_1\new\VGA_Out.v:]
WARNING: [filemgmt 56-199] Attempt to get parsing info during refresh. "On-the-fly" syntax checking information may be incorrect. [C:\CSEE4280\GRP2ADD\FinalProject\Processing\Processing.srcs\sources_1\new\Auto_Control.v:]
WARNING: [filemgmt 56-199] Attempt to get parsing info during refresh. "On-the-fly" syntax checking information may be incorrect. [C:\CSEE4280\GRP2ADD\FinalProject\Processing\Processing.srcs\sources_1\new\Auto_Control.v:]
WARNING: [filemgmt 56-199] Attempt to get parsing info during refresh. "On-the-fly" syntax checking information may be incorrect. [C:\CSEE4280\GRP2ADD\FinalProject\MemVga\MemVga.srcs\sources_1\new\Top.sv:]
WARNING: [filemgmt 56-199] Attempt to get parsing info during refresh. "On-the-fly" syntax checking information may be incorrect. [C:\CSEE4280\GRP2ADD\FinalProject\MemVga\MemVga.srcs\sources_1\new\Starting_Pixels.v:]
WARNING: [filemgmt 56-199] Attempt to get parsing info during refresh. "On-the-fly" syntax checking information may be incorrect. [C:\CSEE4280\GRP2ADD\FinalProject\Processing\Processing.srcs\sources_1\new\Auto_Clk.v:]
WARNING: [filemgmt 56-199] Attempt to get parsing info during refresh. "On-the-fly" syntax checking information may be incorrect. [C:\CSEE4280\GRP2ADD\FinalProject\Processing\Processing.srcs\sources_1\new\Auto_Control.v:]
WARNING: [filemgmt 56-199] Attempt to get parsing info during refresh. "On-the-fly" syntax checking information may be incorrect. [C:\CSEE4280\GRP2ADD\FinalProject\MemVga\MemVga.srcs\sources_1\imports\FinalProject\VGAOutput\VGAOutput.srcs\sources_1\new\VGA_Out.v:]
WARNING: [filemgmt 56-199] Attempt to get parsing info during refresh. "On-the-fly" syntax checking information may be incorrect. [C:\CSEE4280\GRP2ADD\FinalProject\MemVga\MemVga.srcs\sources_1\new\Starting_Pixels.v:]
WARNING: [filemgmt 56-199] Attempt to get parsing info during refresh. "On-the-fly" syntax checking information may be incorrect. [C:\CSEE4280\GRP2ADD\FinalProject\MemVga\MemVga.srcs\sources_1\new\Starting_Pixels.v:]
WARNING: [filemgmt 56-199] Attempt to get parsing info during refresh. "On-the-fly" syntax checking information may be incorrect. [C:\CSEE4280\GRP2ADD\FinalProject\MemVga\MemVga.srcs\sources_1\new\Top.sv:]
WARNING: [filemgmt 56-199] Attempt to get parsing info during refresh. "On-the-fly" syntax checking information may be incorrect. [C:\CSEE4280\GRP2ADD\FinalProject\MemVga\MemVga.srcs\sources_1\new\Top.sv:]
WARNING: [filemgmt 56-199] Attempt to get parsing info during refresh. "On-the-fly" syntax checking information may be incorrect. [C:\CSEE4280\GRP2ADD\FinalProject\MemVga\MemVga.srcs\sources_1\new\Starting_Pixels.v:]
WARNING: [filemgmt 56-199] Attempt to get parsing info during refresh. "On-the-fly" syntax checking information may be incorrect. [C:\CSEE4280\GRP2ADD\FinalProject\Processing\Processing.srcs\sources_1\new\Auto_Clk.v:]
WARNING: [filemgmt 56-199] Attempt to get parsing info during refresh. "On-the-fly" syntax checking information may be incorrect. [C:\CSEE4280\GRP2ADD\FinalProject\Processing\Processing.srcs\sources_1\new\Auto_Control.v:]
WARNING: [filemgmt 56-199] Attempt to get parsing info during refresh. "On-the-fly" syntax checking information may be incorrect. [C:\CSEE4280\GRP2ADD\FinalProject\MemVga\MemVga.srcs\sources_1\imports\FinalProject\VGAOutput\VGAOutput.srcs\sources_1\new\VGA_Out.v:]
WARNING: [filemgmt 56-199] Attempt to get parsing info during refresh. "On-the-fly" syntax checking information may be incorrect. [C:\CSEE4280\GRP2ADD\FinalProject\MemVga\MemVga.srcs\sources_1\new\Top.sv:]
WARNING: [filemgmt 56-199] Attempt to get parsing info during refresh. "On-the-fly" syntax checking information may be incorrect. [C:\CSEE4280\GRP2ADD\FinalProject\MemVga\MemVga.srcs\sources_1\new\Top.sv:]
WARNING: [filemgmt 56-199] Attempt to get parsing info during refresh. "On-the-fly" syntax checking information may be incorrect. [C:\CSEE4280\GRP2ADD\FinalProject\MemVga\MemVga.srcs\sources_1\new\Top.sv:]
WARNING: [filemgmt 56-199] Attempt to get parsing info during refresh. "On-the-fly" syntax checking information may be incorrect. [C:\CSEE4280\GRP2ADD\FinalProject\MemVga\MemVga.srcs\sources_1\new\Starting_Pixels.v:]
WARNING: [filemgmt 56-199] Attempt to get parsing info during refresh. "On-the-fly" syntax checking information may be incorrect. [C:\CSEE4280\GRP2ADD\FinalProject\Processing\Processing.srcs\sources_1\new\Auto_Clk.v:]
WARNING: [filemgmt 56-199] Attempt to get parsing info during refresh. "On-the-fly" syntax checking information may be incorrect. [C:\CSEE4280\GRP2ADD\FinalProject\Processing\Processing.srcs\sources_1\new\Auto_Control.v:]
WARNING: [filemgmt 56-199] Attempt to get parsing info during refresh. "On-the-fly" syntax checking information may be incorrect. [C:\CSEE4280\GRP2ADD\FinalProject\MemVga\MemVga.srcs\sources_1\imports\FinalProject\VGAOutput\VGAOutput.srcs\sources_1\new\VGA_Out.v:]
WARNING: [filemgmt 56-199] Attempt to get parsing info during refresh. "On-the-fly" syntax checking information may be incorrect. [C:\CSEE4280\GRP2ADD\FinalProject\MemVga\MemVga.srcs\sources_1\imports\FinalProject\VGAOutput\VGAOutput.srcs\sources_1\new\VGA_Out.v:]
WARNING: [filemgmt 56-199] Attempt to get parsing info during refresh. "On-the-fly" syntax checking information may be incorrect. [C:\CSEE4280\GRP2ADD\FinalProject\MemVga\MemVga.srcs\sources_1\imports\FinalProject\VGAOutput\VGAOutput.srcs\sources_1\new\VGA_Out.v:]
WARNING: [filemgmt 56-199] Attempt to get parsing info during refresh. "On-the-fly" syntax checking information may be incorrect. [C:\CSEE4280\GRP2ADD\FinalProject\MemVga\MemVga.srcs\sources_1\new\Top.sv:]
WARNING: [filemgmt 56-199] Attempt to get parsing info during refresh. "On-the-fly" syntax checking information may be incorrect. [C:\CSEE4280\GRP2ADD\FinalProject\MemVga\MemVga.srcs\sources_1\new\Starting_Pixels.v:]
WARNING: [filemgmt 56-199] Attempt to get parsing info during refresh. "On-the-fly" syntax checking information may be incorrect. [C:\CSEE4280\GRP2ADD\FinalProject\Processing\Processing.srcs\sources_1\new\Auto_Clk.v:]
WARNING: [filemgmt 56-199] Attempt to get parsing info during refresh. "On-the-fly" syntax checking information may be incorrect. [C:\CSEE4280\GRP2ADD\FinalProject\Processing\Processing.srcs\sources_1\new\Auto_Control.v:]
WARNING: [filemgmt 56-199] Attempt to get parsing info during refresh. "On-the-fly" syntax checking information may be incorrect. [C:\CSEE4280\GRP2ADD\FinalProject\MemVga\MemVga.srcs\sources_1\imports\FinalProject\VGAOutput\VGAOutput.srcs\sources_1\new\VGA_Out.v:]
WARNING: [filemgmt 56-199] Attempt to get parsing info during refresh. "On-the-fly" syntax checking information may be incorrect. [C:\CSEE4280\GRP2ADD\FinalProject\Processing\Processing.srcs\sources_1\new\Auto_Clk.v:]
WARNING: [filemgmt 56-199] Attempt to get parsing info during refresh. "On-the-fly" syntax checking information may be incorrect. [C:\CSEE4280\GRP2ADD\FinalProject\Processing\Processing.srcs\sources_1\new\Auto_Clk.v:]
WARNING: [filemgmt 56-199] Attempt to get parsing info during refresh. "On-the-fly" syntax checking information may be incorrect. [C:\CSEE4280\GRP2ADD\FinalProject\MemVga\MemVga.srcs\sources_1\new\Top.sv:]
WARNING: [filemgmt 56-199] Attempt to get parsing info during refresh. "On-the-fly" syntax checking information may be incorrect. [C:\CSEE4280\GRP2ADD\FinalProject\MemVga\MemVga.srcs\sources_1\new\Starting_Pixels.v:]
WARNING: [filemgmt 56-199] Attempt to get parsing info during refresh. "On-the-fly" syntax checking information may be incorrect. [C:\CSEE4280\GRP2ADD\FinalProject\Processing\Processing.srcs\sources_1\new\Auto_Clk.v:]
WARNING: [filemgmt 56-199] Attempt to get parsing info during refresh. "On-the-fly" syntax checking information may be incorrect. [C:\CSEE4280\GRP2ADD\FinalProject\Processing\Processing.srcs\sources_1\new\Auto_Control.v:]
WARNING: [filemgmt 56-199] Attempt to get parsing info during refresh. "On-the-fly" syntax checking information may be incorrect. [C:\CSEE4280\GRP2ADD\FinalProject\MemVga\MemVga.srcs\sources_1\imports\FinalProject\VGAOutput\VGAOutput.srcs\sources_1\new\VGA_Out.v:]
WARNING: [filemgmt 56-199] Attempt to get parsing info during refresh. "On-the-fly" syntax checking information may be incorrect. [C:\CSEE4280\GRP2ADD\FinalProject\MemVga\MemVga.srcs\sources_1\imports\FinalProject\VGAOutput\VGAOutput.srcs\sources_1\new\VGA_Out.v:]
WARNING: [filemgmt 56-199] Attempt to get parsing info during refresh. "On-the-fly" syntax checking information may be incorrect. [C:\CSEE4280\GRP2ADD\FinalProject\MemVga\MemVga.srcs\sources_1\imports\FinalProject\VGAOutput\VGAOutput.srcs\sources_1\new\VGA_Out.v:]
WARNING: [filemgmt 56-199] Attempt to get parsing info during refresh. "On-the-fly" syntax checking information may be incorrect. [C:\CSEE4280\GRP2ADD\FinalProject\MemVga\MemVga.srcs\sources_1\new\Top.sv:]
WARNING: [filemgmt 56-199] Attempt to get parsing info during refresh. "On-the-fly" syntax checking information may be incorrect. [C:\CSEE4280\GRP2ADD\FinalProject\MemVga\MemVga.srcs\sources_1\new\Starting_Pixels.v:]
WARNING: [filemgmt 56-199] Attempt to get parsing info during refresh. "On-the-fly" syntax checking information may be incorrect. [C:\CSEE4280\GRP2ADD\FinalProject\Processing\Processing.srcs\sources_1\new\Auto_Clk.v:]
WARNING: [filemgmt 56-199] Attempt to get parsing info during refresh. "On-the-fly" syntax checking information may be incorrect. [C:\CSEE4280\GRP2ADD\FinalProject\Processing\Processing.srcs\sources_1\new\Auto_Control.v:]
WARNING: [filemgmt 56-199] Attempt to get parsing info during refresh. "On-the-fly" syntax checking information may be incorrect. [C:\CSEE4280\GRP2ADD\FinalProject\MemVga\MemVga.srcs\sources_1\imports\FinalProject\VGAOutput\VGAOutput.srcs\sources_1\new\VGA_Out.v:]
WARNING: [filemgmt 56-199] Attempt to get parsing info during refresh. "On-the-fly" syntax checking information may be incorrect. [C:\CSEE4280\GRP2ADD\FinalProject\Processing\Processing.srcs\sources_1\new\Auto_Control.v:]
WARNING: [filemgmt 56-199] Attempt to get parsing info during refresh. "On-the-fly" syntax checking information may be incorrect. [C:\CSEE4280\GRP2ADD\FinalProject\Processing\Processing.srcs\sources_1\new\Auto_Control.v:]
WARNING: [filemgmt 56-199] Attempt to get parsing info during refresh. "On-the-fly" syntax checking information may be incorrect. [C:\CSEE4280\GRP2ADD\FinalProject\MemVga\MemVga.srcs\sources_1\new\Top.sv:]
WARNING: [filemgmt 56-199] Attempt to get parsing info during refresh. "On-the-fly" syntax checking information may be incorrect. [C:\CSEE4280\GRP2ADD\FinalProject\MemVga\MemVga.srcs\sources_1\new\Starting_Pixels.v:]
WARNING: [filemgmt 56-199] Attempt to get parsing info during refresh. "On-the-fly" syntax checking information may be incorrect. [C:\CSEE4280\GRP2ADD\FinalProject\Processing\Processing.srcs\sources_1\new\Auto_Clk.v:]
WARNING: [filemgmt 56-199] Attempt to get parsing info during refresh. "On-the-fly" syntax checking information may be incorrect. [C:\CSEE4280\GRP2ADD\FinalProject\Processing\Processing.srcs\sources_1\new\Auto_Control.v:]
WARNING: [filemgmt 56-199] Attempt to get parsing info during refresh. "On-the-fly" syntax checking information may be incorrect. [C:\CSEE4280\GRP2ADD\FinalProject\MemVga\MemVga.srcs\sources_1\imports\FinalProject\VGAOutput\VGAOutput.srcs\sources_1\new\VGA_Out.v:]
WARNING: [filemgmt 56-199] Attempt to get parsing info during refresh. "On-the-fly" syntax checking information may be incorrect. [C:\CSEE4280\GRP2ADD\FinalProject\MemVga\MemVga.srcs\sources_1\new\Starting_Pixels.v:]
WARNING: [filemgmt 56-199] Attempt to get parsing info during refresh. "On-the-fly" syntax checking information may be incorrect. [C:\CSEE4280\GRP2ADD\FinalProject\MemVga\MemVga.srcs\sources_1\new\Starting_Pixels.v:]
WARNING: [filemgmt 56-199] Attempt to get parsing info during refresh. "On-the-fly" syntax checking information may be incorrect. [C:\CSEE4280\GRP2ADD\FinalProject\MemVga\MemVga.srcs\sources_1\new\Top.sv:]
WARNING: [filemgmt 56-199] Attempt to get parsing info during refresh. "On-the-fly" syntax checking information may be incorrect. [C:\CSEE4280\GRP2ADD\FinalProject\MemVga\MemVga.srcs\sources_1\new\Starting_Pixels.v:]
WARNING: [filemgmt 56-199] Attempt to get parsing info during refresh. "On-the-fly" syntax checking information may be incorrect. [C:\CSEE4280\GRP2ADD\FinalProject\MemVga\MemVga.srcs\sources_1\new\Top.sv:]
WARNING: [filemgmt 56-199] Attempt to get parsing info during refresh. "On-the-fly" syntax checking information may be incorrect. [C:\CSEE4280\GRP2ADD\FinalProject\MemVga\MemVga.srcs\sources_1\new\Starting_Pixels.v:]
WARNING: [filemgmt 56-199] Attempt to get parsing info during refresh. "On-the-fly" syntax checking information may be incorrect. [C:\CSEE4280\GRP2ADD\FinalProject\Processing\Processing.srcs\sources_1\new\Auto_Clk.v:]
WARNING: [filemgmt 56-199] Attempt to get parsing info during refresh. "On-the-fly" syntax checking information may be incorrect. [C:\CSEE4280\GRP2ADD\FinalProject\Processing\Processing.srcs\sources_1\new\Auto_Control.v:]
WARNING: [filemgmt 56-199] Attempt to get parsing info during refresh. "On-the-fly" syntax checking information may be incorrect. [C:\CSEE4280\GRP2ADD\FinalProject\MemVga\MemVga.srcs\sources_1\imports\FinalProject\VGAOutput\VGAOutput.srcs\sources_1\new\VGA_Out.v:]
WARNING: [filemgmt 56-199] Attempt to get parsing info during refresh. "On-the-fly" syntax checking information may be incorrect. [C:\CSEE4280\GRP2ADD\FinalProject\MemVga\MemVga.srcs\sources_1\imports\FinalProject\VGAOutput\VGAOutput.srcs\sources_1\new\VGA_Out.v:]
WARNING: [filemgmt 56-199] Attempt to get parsing info during refresh. "On-the-fly" syntax checking information may be incorrect. [C:\CSEE4280\GRP2ADD\FinalProject\MemVga\MemVga.srcs\sources_1\imports\FinalProject\VGAOutput\VGAOutput.srcs\sources_1\new\VGA_Out.v:]
WARNING: [filemgmt 56-199] Attempt to get parsing info during refresh. "On-the-fly" syntax checking information may be incorrect. [C:\CSEE4280\GRP2ADD\FinalProject\MemVga\MemVga.srcs\sources_1\new\Top.sv:]
WARNING: [filemgmt 56-199] Attempt to get parsing info during refresh. "On-the-fly" syntax checking information may be incorrect. [C:\CSEE4280\GRP2ADD\FinalProject\MemVga\MemVga.srcs\sources_1\new\Starting_Pixels.v:]
WARNING: [filemgmt 56-199] Attempt to get parsing info during refresh. "On-the-fly" syntax checking information may be incorrect. [C:\CSEE4280\GRP2ADD\FinalProject\Processing\Processing.srcs\sources_1\new\Auto_Clk.v:]
WARNING: [filemgmt 56-199] Attempt to get parsing info during refresh. "On-the-fly" syntax checking information may be incorrect. [C:\CSEE4280\GRP2ADD\FinalProject\Processing\Processing.srcs\sources_1\new\Auto_Control.v:]
WARNING: [filemgmt 56-199] Attempt to get parsing info during refresh. "On-the-fly" syntax checking information may be incorrect. [C:\CSEE4280\GRP2ADD\FinalProject\MemVga\MemVga.srcs\sources_1\imports\FinalProject\VGAOutput\VGAOutput.srcs\sources_1\new\VGA_Out.v:]
WARNING: [filemgmt 56-199] Attempt to get parsing info during refresh. "On-the-fly" syntax checking information may be incorrect. [C:\CSEE4280\GRP2ADD\FinalProject\Processing\Processing.srcs\sources_1\new\Auto_Control.v:]
WARNING: [filemgmt 56-199] Attempt to get parsing info during refresh. "On-the-fly" syntax checking information may be incorrect. [C:\CSEE4280\GRP2ADD\FinalProject\Processing\Processing.srcs\sources_1\new\Auto_Control.v:]
WARNING: [filemgmt 56-199] Attempt to get parsing info during refresh. "On-the-fly" syntax checking information may be incorrect. [C:\CSEE4280\GRP2ADD\FinalProject\MemVga\MemVga.srcs\sources_1\new\Top.sv:]
WARNING: [filemgmt 56-199] Attempt to get parsing info during refresh. "On-the-fly" syntax checking information may be incorrect. [C:\CSEE4280\GRP2ADD\FinalProject\MemVga\MemVga.srcs\sources_1\new\Starting_Pixels.v:]
WARNING: [filemgmt 56-199] Attempt to get parsing info during refresh. "On-the-fly" syntax checking information may be incorrect. [C:\CSEE4280\GRP2ADD\FinalProject\Processing\Processing.srcs\sources_1\new\Auto_Clk.v:]
WARNING: [filemgmt 56-199] Attempt to get parsing info during refresh. "On-the-fly" syntax checking information may be incorrect. [C:\CSEE4280\GRP2ADD\FinalProject\Processing\Processing.srcs\sources_1\new\Auto_Control.v:]
WARNING: [filemgmt 56-199] Attempt to get parsing info during refresh. "On-the-fly" syntax checking information may be incorrect. [C:\CSEE4280\GRP2ADD\FinalProject\MemVga\MemVga.srcs\sources_1\imports\FinalProject\VGAOutput\VGAOutput.srcs\sources_1\new\VGA_Out.v:]
WARNING: [filemgmt 56-199] Attempt to get parsing info during refresh. "On-the-fly" syntax checking information may be incorrect. [C:\CSEE4280\GRP2ADD\FinalProject\Processing\Processing.srcs\sources_1\new\Auto_Clk.v:]
WARNING: [filemgmt 56-199] Attempt to get parsing info during refresh. "On-the-fly" syntax checking information may be incorrect. [C:\CSEE4280\GRP2ADD\FinalProject\Processing\Processing.srcs\sources_1\new\Auto_Clk.v:]
WARNING: [filemgmt 56-199] Attempt to get parsing info during refresh. "On-the-fly" syntax checking information may be incorrect. [C:\CSEE4280\GRP2ADD\FinalProject\MemVga\MemVga.srcs\sources_1\new\Top.sv:]
WARNING: [filemgmt 56-199] Attempt to get parsing info during refresh. "On-the-fly" syntax checking information may be incorrect. [C:\CSEE4280\GRP2ADD\FinalProject\MemVga\MemVga.srcs\sources_1\new\Starting_Pixels.v:]
WARNING: [filemgmt 56-199] Attempt to get parsing info during refresh. "On-the-fly" syntax checking information may be incorrect. [C:\CSEE4280\GRP2ADD\FinalProject\Processing\Processing.srcs\sources_1\new\Auto_Clk.v:]
WARNING: [filemgmt 56-199] Attempt to get parsing info during refresh. "On-the-fly" syntax checking information may be incorrect. [C:\CSEE4280\GRP2ADD\FinalProject\Processing\Processing.srcs\sources_1\new\Auto_Control.v:]
WARNING: [filemgmt 56-199] Attempt to get parsing info during refresh. "On-the-fly" syntax checking information may be incorrect. [C:\CSEE4280\GRP2ADD\FinalProject\MemVga\MemVga.srcs\sources_1\imports\FinalProject\VGAOutput\VGAOutput.srcs\sources_1\new\VGA_Out.v:]
WARNING: [filemgmt 56-199] Attempt to get parsing info during refresh. "On-the-fly" syntax checking information may be incorrect. [C:\CSEE4280\GRP2ADD\FinalProject\MemVga\MemVga.srcs\sources_1\new\Top.sv:]
WARNING: [filemgmt 56-199] Attempt to get parsing info during refresh. "On-the-fly" syntax checking information may be incorrect. [C:\CSEE4280\GRP2ADD\FinalProject\MemVga\MemVga.srcs\sources_1\new\Top.sv:]
WARNING: [filemgmt 56-199] Attempt to get parsing info during refresh. "On-the-fly" syntax checking information may be incorrect. [C:\CSEE4280\GRP2ADD\FinalProject\MemVga\MemVga.srcs\sources_1\new\Top.sv:]
WARNING: [filemgmt 56-199] Attempt to get parsing info during refresh. "On-the-fly" syntax checking information may be incorrect. [C:\CSEE4280\GRP2ADD\FinalProject\MemVga\MemVga.srcs\sources_1\new\Starting_Pixels.v:]
WARNING: [filemgmt 56-199] Attempt to get parsing info during refresh. "On-the-fly" syntax checking information may be incorrect. [C:\CSEE4280\GRP2ADD\FinalProject\Processing\Processing.srcs\sources_1\new\Auto_Clk.v:]
WARNING: [filemgmt 56-199] Attempt to get parsing info during refresh. "On-the-fly" syntax checking information may be incorrect. [C:\CSEE4280\GRP2ADD\FinalProject\Processing\Processing.srcs\sources_1\new\Auto_Control.v:]
WARNING: [filemgmt 56-199] Attempt to get parsing info during refresh. "On-the-fly" syntax checking information may be incorrect. [C:\CSEE4280\GRP2ADD\FinalProject\MemVga\MemVga.srcs\sources_1\imports\FinalProject\VGAOutput\VGAOutput.srcs\sources_1\new\VGA_Out.v:]
WARNING: [filemgmt 56-199] Attempt to get parsing info during refresh. "On-the-fly" syntax checking information may be incorrect. [C:\CSEE4280\GRP2ADD\FinalProject\Processing\Processing.srcs\sources_1\new\Auto_Control.v:]
WARNING: [filemgmt 56-199] Attempt to get parsing info during refresh. "On-the-fly" syntax checking information may be incorrect. [C:\CSEE4280\GRP2ADD\FinalProject\Processing\Processing.srcs\sources_1\new\Auto_Control.v:]
WARNING: [filemgmt 56-199] Attempt to get parsing info during refresh. "On-the-fly" syntax checking information may be incorrect. [C:\CSEE4280\GRP2ADD\FinalProject\MemVga\MemVga.srcs\sources_1\new\Top.sv:]
WARNING: [filemgmt 56-199] Attempt to get parsing info during refresh. "On-the-fly" syntax checking information may be incorrect. [C:\CSEE4280\GRP2ADD\FinalProject\MemVga\MemVga.srcs\sources_1\new\Starting_Pixels.v:]
WARNING: [filemgmt 56-199] Attempt to get parsing info during refresh. "On-the-fly" syntax checking information may be incorrect. [C:\CSEE4280\GRP2ADD\FinalProject\Processing\Processing.srcs\sources_1\new\Auto_Clk.v:]
WARNING: [filemgmt 56-199] Attempt to get parsing info during refresh. "On-the-fly" syntax checking information may be incorrect. [C:\CSEE4280\GRP2ADD\FinalProject\Processing\Processing.srcs\sources_1\new\Auto_Control.v:]
WARNING: [filemgmt 56-199] Attempt to get parsing info during refresh. "On-the-fly" syntax checking information may be incorrect. [C:\CSEE4280\GRP2ADD\FinalProject\MemVga\MemVga.srcs\sources_1\imports\FinalProject\VGAOutput\VGAOutput.srcs\sources_1\new\VGA_Out.v:]
WARNING: [filemgmt 56-199] Attempt to get parsing info during refresh. "On-the-fly" syntax checking information may be incorrect. [C:\CSEE4280\GRP2ADD\FinalProject\MemVga\MemVga.srcs\sources_1\imports\FinalProject\VGAOutput\VGAOutput.srcs\sources_1\new\VGA_Out.v:]
WARNING: [filemgmt 56-199] Attempt to get parsing info during refresh. "On-the-fly" syntax checking information may be incorrect. [C:\CSEE4280\GRP2ADD\FinalProject\MemVga\MemVga.srcs\sources_1\imports\FinalProject\VGAOutput\VGAOutput.srcs\sources_1\new\VGA_Out.v:]
WARNING: [filemgmt 56-199] Attempt to get parsing info during refresh. "On-the-fly" syntax checking information may be incorrect. [C:\CSEE4280\GRP2ADD\FinalProject\MemVga\MemVga.srcs\sources_1\new\Top.sv:]
WARNING: [filemgmt 56-199] Attempt to get parsing info during refresh. "On-the-fly" syntax checking information may be incorrect. [C:\CSEE4280\GRP2ADD\FinalProject\MemVga\MemVga.srcs\sources_1\new\Starting_Pixels.v:]
WARNING: [filemgmt 56-199] Attempt to get parsing info during refresh. "On-the-fly" syntax checking information may be incorrect. [C:\CSEE4280\GRP2ADD\FinalProject\Processing\Processing.srcs\sources_1\new\Auto_Clk.v:]
WARNING: [filemgmt 56-199] Attempt to get parsing info during refresh. "On-the-fly" syntax checking information may be incorrect. [C:\CSEE4280\GRP2ADD\FinalProject\Processing\Processing.srcs\sources_1\new\Auto_Control.v:]
WARNING: [filemgmt 56-199] Attempt to get parsing info during refresh. "On-the-fly" syntax checking information may be incorrect. [C:\CSEE4280\GRP2ADD\FinalProject\MemVga\MemVga.srcs\sources_1\imports\FinalProject\VGAOutput\VGAOutput.srcs\sources_1\new\VGA_Out.v:]
WARNING: [filemgmt 56-199] Attempt to get parsing info during refresh. "On-the-fly" syntax checking information may be incorrect. [C:\CSEE4280\GRP2ADD\FinalProject\Processing\Processing.srcs\sources_1\new\Auto_Clk.v:]
WARNING: [filemgmt 56-199] Attempt to get parsing info during refresh. "On-the-fly" syntax checking information may be incorrect. [C:\CSEE4280\GRP2ADD\FinalProject\Processing\Processing.srcs\sources_1\new\Auto_Clk.v:]
WARNING: [filemgmt 56-199] Attempt to get parsing info during refresh. "On-the-fly" syntax checking information may be incorrect. [C:\CSEE4280\GRP2ADD\FinalProject\MemVga\MemVga.srcs\sources_1\new\Top.sv:]
WARNING: [filemgmt 56-199] Attempt to get parsing info during refresh. "On-the-fly" syntax checking information may be incorrect. [C:\CSEE4280\GRP2ADD\FinalProject\MemVga\MemVga.srcs\sources_1\new\Starting_Pixels.v:]
WARNING: [filemgmt 56-199] Attempt to get parsing info during refresh. "On-the-fly" syntax checking information may be incorrect. [C:\CSEE4280\GRP2ADD\FinalProject\Processing\Processing.srcs\sources_1\new\Auto_Clk.v:]
WARNING: [filemgmt 56-199] Attempt to get parsing info during refresh. "On-the-fly" syntax checking information may be incorrect. [C:\CSEE4280\GRP2ADD\FinalProject\Processing\Processing.srcs\sources_1\new\Auto_Control.v:]
WARNING: [filemgmt 56-199] Attempt to get parsing info during refresh. "On-the-fly" syntax checking information may be incorrect. [C:\CSEE4280\GRP2ADD\FinalProject\MemVga\MemVga.srcs\sources_1\imports\FinalProject\VGAOutput\VGAOutput.srcs\sources_1\new\VGA_Out.v:]
WARNING: [filemgmt 56-199] Attempt to get parsing info during refresh. "On-the-fly" syntax checking information may be incorrect. [C:\CSEE4280\GRP2ADD\FinalProject\MemVga\MemVga.srcs\sources_1\new\Top.sv:]
WARNING: [filemgmt 56-199] Attempt to get parsing info during refresh. "On-the-fly" syntax checking information may be incorrect. [C:\CSEE4280\GRP2ADD\FinalProject\MemVga\MemVga.srcs\sources_1\new\Top.sv:]
WARNING: [filemgmt 56-199] Attempt to get parsing info during refresh. "On-the-fly" syntax checking information may be incorrect. [C:\CSEE4280\GRP2ADD\FinalProject\MemVga\MemVga.srcs\sources_1\new\Top.sv:]
WARNING: [filemgmt 56-199] Attempt to get parsing info during refresh. "On-the-fly" syntax checking information may be incorrect. [C:\CSEE4280\GRP2ADD\FinalProject\MemVga\MemVga.srcs\sources_1\new\Starting_Pixels.v:]
WARNING: [filemgmt 56-199] Attempt to get parsing info during refresh. "On-the-fly" syntax checking information may be incorrect. [C:\CSEE4280\GRP2ADD\FinalProject\Processing\Processing.srcs\sources_1\new\Auto_Clk.v:]
WARNING: [filemgmt 56-199] Attempt to get parsing info during refresh. "On-the-fly" syntax checking information may be incorrect. [C:\CSEE4280\GRP2ADD\FinalProject\Processing\Processing.srcs\sources_1\new\Auto_Control.v:]
WARNING: [filemgmt 56-199] Attempt to get parsing info during refresh. "On-the-fly" syntax checking information may be incorrect. [C:\CSEE4280\GRP2ADD\FinalProject\MemVga\MemVga.srcs\sources_1\imports\FinalProject\VGAOutput\VGAOutput.srcs\sources_1\new\VGA_Out.v:]
WARNING: [filemgmt 56-199] Attempt to get parsing info during refresh. "On-the-fly" syntax checking information may be incorrect. [C:\CSEE4280\GRP2ADD\FinalProject\Processing\Processing.srcs\sources_1\new\Auto_Control.v:]
WARNING: [filemgmt 56-199] Attempt to get parsing info during refresh. "On-the-fly" syntax checking information may be incorrect. [C:\CSEE4280\GRP2ADD\FinalProject\Processing\Processing.srcs\sources_1\new\Auto_Control.v:]
WARNING: [filemgmt 56-199] Attempt to get parsing info during refresh. "On-the-fly" syntax checking information may be incorrect. [C:\CSEE4280\GRP2ADD\FinalProject\MemVga\MemVga.srcs\sources_1\new\Top.sv:]
WARNING: [filemgmt 56-199] Attempt to get parsing info during refresh. "On-the-fly" syntax checking information may be incorrect. [C:\CSEE4280\GRP2ADD\FinalProject\MemVga\MemVga.srcs\sources_1\new\Starting_Pixels.v:]
WARNING: [filemgmt 56-199] Attempt to get parsing info during refresh. "On-the-fly" syntax checking information may be incorrect. [C:\CSEE4280\GRP2ADD\FinalProject\Processing\Processing.srcs\sources_1\new\Auto_Clk.v:]
WARNING: [filemgmt 56-199] Attempt to get parsing info during refresh. "On-the-fly" syntax checking information may be incorrect. [C:\CSEE4280\GRP2ADD\FinalProject\Processing\Processing.srcs\sources_1\new\Auto_Control.v:]
WARNING: [filemgmt 56-199] Attempt to get parsing info during refresh. "On-the-fly" syntax checking information may be incorrect. [C:\CSEE4280\GRP2ADD\FinalProject\MemVga\MemVga.srcs\sources_1\imports\FinalProject\VGAOutput\VGAOutput.srcs\sources_1\new\VGA_Out.v:]
WARNING: [filemgmt 56-199] Attempt to get parsing info during refresh. "On-the-fly" syntax checking information may be incorrect. [C:\CSEE4280\GRP2ADD\FinalProject\Processing\Processing.srcs\sources_1\new\Auto_Clk.v:]
WARNING: [filemgmt 56-199] Attempt to get parsing info during refresh. "On-the-fly" syntax checking information may be incorrect. [C:\CSEE4280\GRP2ADD\FinalProject\Processing\Processing.srcs\sources_1\new\Auto_Clk.v:]
WARNING: [filemgmt 56-199] Attempt to get parsing info during refresh. "On-the-fly" syntax checking information may be incorrect. [C:\CSEE4280\GRP2ADD\FinalProject\MemVga\MemVga.srcs\sources_1\new\Top.sv:]
WARNING: [filemgmt 56-199] Attempt to get parsing info during refresh. "On-the-fly" syntax checking information may be incorrect. [C:\CSEE4280\GRP2ADD\FinalProject\MemVga\MemVga.srcs\sources_1\new\Starting_Pixels.v:]
WARNING: [filemgmt 56-199] Attempt to get parsing info during refresh. "On-the-fly" syntax checking information may be incorrect. [C:\CSEE4280\GRP2ADD\FinalProject\Processing\Processing.srcs\sources_1\new\Auto_Clk.v:]
WARNING: [filemgmt 56-199] Attempt to get parsing info during refresh. "On-the-fly" syntax checking information may be incorrect. [C:\CSEE4280\GRP2ADD\FinalProject\Processing\Processing.srcs\sources_1\new\Auto_Control.v:]
WARNING: [filemgmt 56-199] Attempt to get parsing info during refresh. "On-the-fly" syntax checking information may be incorrect. [C:\CSEE4280\GRP2ADD\FinalProject\MemVga\MemVga.srcs\sources_1\imports\FinalProject\VGAOutput\VGAOutput.srcs\sources_1\new\VGA_Out.v:]
WARNING: [filemgmt 56-199] Attempt to get parsing info during refresh. "On-the-fly" syntax checking information may be incorrect. [C:\CSEE4280\GRP2ADD\FinalProject\MemVga\MemVga.srcs\sources_1\new\Starting_Pixels.v:]
WARNING: [filemgmt 56-199] Attempt to get parsing info during refresh. "On-the-fly" syntax checking information may be incorrect. [C:\CSEE4280\GRP2ADD\FinalProject\MemVga\MemVga.srcs\sources_1\new\Starting_Pixels.v:]
WARNING: [filemgmt 56-199] Attempt to get parsing info during refresh. "On-the-fly" syntax checking information may be incorrect. [C:\CSEE4280\GRP2ADD\FinalProject\MemVga\MemVga.srcs\sources_1\new\Top.sv:]
WARNING: [filemgmt 56-199] Attempt to get parsing info during refresh. "On-the-fly" syntax checking information may be incorrect. [C:\CSEE4280\GRP2ADD\FinalProject\MemVga\MemVga.srcs\sources_1\new\Starting_Pixels.v:]
WARNING: [filemgmt 56-199] Attempt to get parsing info during refresh. "On-the-fly" syntax checking information may be incorrect. [C:\CSEE4280\GRP2ADD\FinalProject\Processing\Processing.srcs\sources_1\new\Auto_Clk.v:]
WARNING: [filemgmt 56-199] Attempt to get parsing info during refresh. "On-the-fly" syntax checking information may be incorrect. [C:\CSEE4280\GRP2ADD\FinalProject\Processing\Processing.srcs\sources_1\new\Auto_Control.v:]
WARNING: [filemgmt 56-199] Attempt to get parsing info during refresh. "On-the-fly" syntax checking information may be incorrect. [C:\CSEE4280\GRP2ADD\FinalProject\MemVga\MemVga.srcs\sources_1\imports\FinalProject\VGAOutput\VGAOutput.srcs\sources_1\new\VGA_Out.v:]
WARNING: [filemgmt 56-199] Attempt to get parsing info during refresh. "On-the-fly" syntax checking information may be incorrect. [C:\CSEE4280\GRP2ADD\FinalProject\MemVga\MemVga.srcs\sources_1\new\Top.sv:]
WARNING: [filemgmt 56-199] Attempt to get parsing info during refresh. "On-the-fly" syntax checking information may be incorrect. [C:\CSEE4280\GRP2ADD\FinalProject\MemVga\MemVga.srcs\sources_1\new\Top.sv:]
WARNING: [filemgmt 56-199] Attempt to get parsing info during refresh. "On-the-fly" syntax checking information may be incorrect. [C:\CSEE4280\GRP2ADD\FinalProject\MemVga\MemVga.srcs\sources_1\new\Top.sv:]
WARNING: [filemgmt 56-199] Attempt to get parsing info during refresh. "On-the-fly" syntax checking information may be incorrect. [C:\CSEE4280\GRP2ADD\FinalProject\MemVga\MemVga.srcs\sources_1\new\Starting_Pixels.v:]
WARNING: [filemgmt 56-199] Attempt to get parsing info during refresh. "On-the-fly" syntax checking information may be incorrect. [C:\CSEE4280\GRP2ADD\FinalProject\Processing\Processing.srcs\sources_1\new\Auto_Clk.v:]
WARNING: [filemgmt 56-199] Attempt to get parsing info during refresh. "On-the-fly" syntax checking information may be incorrect. [C:\CSEE4280\GRP2ADD\FinalProject\Processing\Processing.srcs\sources_1\new\Auto_Control.v:]
WARNING: [filemgmt 56-199] Attempt to get parsing info during refresh. "On-the-fly" syntax checking information may be incorrect. [C:\CSEE4280\GRP2ADD\FinalProject\MemVga\MemVga.srcs\sources_1\imports\FinalProject\VGAOutput\VGAOutput.srcs\sources_1\new\VGA_Out.v:]
WARNING: [filemgmt 56-199] Attempt to get parsing info during refresh. "On-the-fly" syntax checking information may be incorrect. [C:\CSEE4280\GRP2ADD\FinalProject\MemVga\MemVga.srcs\sources_1\new\Starting_Pixels.v:]
WARNING: [filemgmt 56-199] Attempt to get parsing info during refresh. "On-the-fly" syntax checking information may be incorrect. [C:\CSEE4280\GRP2ADD\FinalProject\MemVga\MemVga.srcs\sources_1\new\Starting_Pixels.v:]
WARNING: [filemgmt 56-199] Attempt to get parsing info during refresh. "On-the-fly" syntax checking information may be incorrect. [C:\CSEE4280\GRP2ADD\FinalProject\MemVga\MemVga.srcs\sources_1\new\Top.sv:]
WARNING: [filemgmt 56-199] Attempt to get parsing info during refresh. "On-the-fly" syntax checking information may be incorrect. [C:\CSEE4280\GRP2ADD\FinalProject\MemVga\MemVga.srcs\sources_1\new\Starting_Pixels.v:]
WARNING: [filemgmt 56-199] Attempt to get parsing info during refresh. "On-the-fly" syntax checking information may be incorrect. [C:\CSEE4280\GRP2ADD\FinalProject\Processing\Processing.srcs\sources_1\new\Auto_Clk.v:]
WARNING: [filemgmt 56-199] Attempt to get parsing info during refresh. "On-the-fly" syntax checking information may be incorrect. [C:\CSEE4280\GRP2ADD\FinalProject\Processing\Processing.srcs\sources_1\new\Auto_Control.v:]
WARNING: [filemgmt 56-199] Attempt to get parsing info during refresh. "On-the-fly" syntax checking information may be incorrect. [C:\CSEE4280\GRP2ADD\FinalProject\MemVga\MemVga.srcs\sources_1\imports\FinalProject\VGAOutput\VGAOutput.srcs\sources_1\new\VGA_Out.v:]
WARNING: [filemgmt 56-199] Attempt to get parsing info during refresh. "On-the-fly" syntax checking information may be incorrect. [C:\CSEE4280\GRP2ADD\FinalProject\Processing\Processing.srcs\sources_1\new\Auto_Control.v:]
WARNING: [filemgmt 56-199] Attempt to get parsing info during refresh. "On-the-fly" syntax checking information may be incorrect. [C:\CSEE4280\GRP2ADD\FinalProject\Processing\Processing.srcs\sources_1\new\Auto_Control.v:]
WARNING: [filemgmt 56-199] Attempt to get parsing info during refresh. "On-the-fly" syntax checking information may be incorrect. [C:\CSEE4280\GRP2ADD\FinalProject\MemVga\MemVga.srcs\sources_1\new\Top.sv:]
WARNING: [filemgmt 56-199] Attempt to get parsing info during refresh. "On-the-fly" syntax checking information may be incorrect. [C:\CSEE4280\GRP2ADD\FinalProject\MemVga\MemVga.srcs\sources_1\new\Starting_Pixels.v:]
WARNING: [filemgmt 56-199] Attempt to get parsing info during refresh. "On-the-fly" syntax checking information may be incorrect. [C:\CSEE4280\GRP2ADD\FinalProject\Processing\Processing.srcs\sources_1\new\Auto_Clk.v:]
WARNING: [filemgmt 56-199] Attempt to get parsing info during refresh. "On-the-fly" syntax checking information may be incorrect. [C:\CSEE4280\GRP2ADD\FinalProject\MemVga\MemVga.srcs\sources_1\imports\FinalProject\VGAOutput\VGAOutput.srcs\sources_1\new\VGA_Out.v:]
WARNING: [filemgmt 56-199] Attempt to get parsing info during refresh. "On-the-fly" syntax checking information may be incorrect. [C:\CSEE4280\GRP2ADD\FinalProject\MemVga\MemVga.srcs\sources_1\new\Starting_Pixels.v:]
WARNING: [filemgmt 56-199] Attempt to get parsing info during refresh. "On-the-fly" syntax checking information may be incorrect. [C:\CSEE4280\GRP2ADD\FinalProject\MemVga\MemVga.srcs\sources_1\new\Starting_Pixels.v:]
WARNING: [filemgmt 56-199] Attempt to get parsing info during refresh. "On-the-fly" syntax checking information may be incorrect. [C:\CSEE4280\GRP2ADD\FinalProject\MemVga\MemVga.srcs\sources_1\new\Top.sv:]
WARNING: [filemgmt 56-199] Attempt to get parsing info during refresh. "On-the-fly" syntax checking information may be incorrect. [C:\CSEE4280\GRP2ADD\FinalProject\MemVga\MemVga.srcs\sources_1\new\Starting_Pixels.v:]
WARNING: [filemgmt 56-199] Attempt to get parsing info during refresh. "On-the-fly" syntax checking information may be incorrect. [C:\CSEE4280\GRP2ADD\FinalProject\Processing\Processing.srcs\sources_1\new\Auto_Clk.v:]
WARNING: [filemgmt 56-199] Attempt to get parsing info during refresh. "On-the-fly" syntax checking information may be incorrect. [C:\CSEE4280\GRP2ADD\FinalProject\MemVga\MemVga.srcs\sources_1\imports\FinalProject\VGAOutput\VGAOutput.srcs\sources_1\new\VGA_Out.v:]
WARNING: [filemgmt 56-199] Attempt to get parsing info during refresh. "On-the-fly" syntax checking information may be incorrect. [C:\CSEE4280\GRP2ADD\FinalProject\MemVga\MemVga.srcs\sources_1\imports\FinalProject\VGAOutput\VGAOutput.srcs\sources_1\new\VGA_Out.v:]
WARNING: [filemgmt 56-199] Attempt to get parsing info during refresh. "On-the-fly" syntax checking information may be incorrect. [C:\CSEE4280\GRP2ADD\FinalProject\MemVga\MemVga.srcs\sources_1\imports\FinalProject\VGAOutput\VGAOutput.srcs\sources_1\new\VGA_Out.v:]
reset_run synth_1
INFO: [Project 1-1161] Replacing file C:/CSEE4280/GRP2ADD/FinalProject/MemVga/MemVga.srcs/utils_1/imports/synth_1/Top.dcp with file C:/CSEE4280/GRP2ADD/FinalProject/MemVga/MemVga.runs/synth_1/Top.dcp
launch_runs impl_1 -to_step write_bitstream -jobs 12
[Fri Apr 11 15:47:29 2025] Launched synth_1...
Run output will be captured here: C:/CSEE4280/GRP2ADD/FinalProject/MemVga/MemVga.runs/synth_1/runme.log
[Fri Apr 11 15:47:29 2025] Launched impl_1...
Run output will be captured here: C:/CSEE4280/GRP2ADD/FinalProject/MemVga/MemVga.runs/impl_1/runme.log
WARNING: [filemgmt 56-199] Attempt to get parsing info during refresh. "On-the-fly" syntax checking information may be incorrect. [C:\CSEE4280\GRP2ADD\FinalProject\MemVga\MemVga.srcs\sources_1\new\Top.sv:]
WARNING: [filemgmt 56-199] Attempt to get parsing info during refresh. "On-the-fly" syntax checking information may be incorrect. [C:\CSEE4280\GRP2ADD\FinalProject\MemVga\MemVga.srcs\sources_1\new\Starting_Pixels.v:]
WARNING: [filemgmt 56-199] Attempt to get parsing info during refresh. "On-the-fly" syntax checking information may be incorrect. [C:\CSEE4280\GRP2ADD\FinalProject\Processing\Processing.srcs\sources_1\new\Auto_Clk.v:]
WARNING: [filemgmt 56-199] Attempt to get parsing info during refresh. "On-the-fly" syntax checking information may be incorrect. [C:\CSEE4280\GRP2ADD\FinalProject\MemVga\MemVga.srcs\sources_1\imports\FinalProject\VGAOutput\VGAOutput.srcs\sources_1\new\VGA_Out.v:]
WARNING: [filemgmt 56-199] Attempt to get parsing info during refresh. "On-the-fly" syntax checking information may be incorrect. [C:\CSEE4280\GRP2ADD\FinalProject\MemVga\MemVga.srcs\sources_1\new\Top.sv:]
WARNING: [filemgmt 56-199] Attempt to get parsing info during refresh. "On-the-fly" syntax checking information may be incorrect. [C:\CSEE4280\GRP2ADD\FinalProject\MemVga\MemVga.srcs\sources_1\new\Top.sv:]
WARNING: [filemgmt 56-199] Attempt to get parsing info during refresh. "On-the-fly" syntax checking information may be incorrect. [C:\CSEE4280\GRP2ADD\FinalProject\MemVga\MemVga.srcs\sources_1\new\Top.sv:]
WARNING: [filemgmt 56-199] Attempt to get parsing info during refresh. "On-the-fly" syntax checking information may be incorrect. [C:\CSEE4280\GRP2ADD\FinalProject\MemVga\MemVga.srcs\sources_1\new\Starting_Pixels.v:]
WARNING: [filemgmt 56-199] Attempt to get parsing info during refresh. "On-the-fly" syntax checking information may be incorrect. [C:\CSEE4280\GRP2ADD\FinalProject\Processing\Processing.srcs\sources_1\new\Auto_Clk.v:]
WARNING: [filemgmt 56-199] Attempt to get parsing info during refresh. "On-the-fly" syntax checking information may be incorrect. [C:\CSEE4280\GRP2ADD\FinalProject\MemVga\MemVga.srcs\sources_1\imports\FinalProject\VGAOutput\VGAOutput.srcs\sources_1\new\VGA_Out.v:]
WARNING: [filemgmt 56-199] Attempt to get parsing info during refresh. "On-the-fly" syntax checking information may be incorrect. [C:\CSEE4280\GRP2ADD\FinalProject\Processing\Processing.srcs\sources_1\new\Auto_Clk.v:]
WARNING: [filemgmt 56-199] Attempt to get parsing info during refresh. "On-the-fly" syntax checking information may be incorrect. [C:\CSEE4280\GRP2ADD\FinalProject\Processing\Processing.srcs\sources_1\new\Auto_Clk.v:]
WARNING: [filemgmt 56-199] Attempt to get parsing info during refresh. "On-the-fly" syntax checking information may be incorrect. [C:\CSEE4280\GRP2ADD\FinalProject\MemVga\MemVga.srcs\sources_1\new\Top.sv:]
WARNING: [filemgmt 56-199] Attempt to get parsing info during refresh. "On-the-fly" syntax checking information may be incorrect. [C:\CSEE4280\GRP2ADD\FinalProject\MemVga\MemVga.srcs\sources_1\new\Starting_Pixels.v:]
WARNING: [filemgmt 56-199] Attempt to get parsing info during refresh. "On-the-fly" syntax checking information may be incorrect. [C:\CSEE4280\GRP2ADD\FinalProject\Processing\Processing.srcs\sources_1\new\Auto_Clk.v:]
WARNING: [filemgmt 56-199] Attempt to get parsing info during refresh. "On-the-fly" syntax checking information may be incorrect. [C:\CSEE4280\GRP2ADD\FinalProject\MemVga\MemVga.srcs\sources_1\imports\FinalProject\VGAOutput\VGAOutput.srcs\sources_1\new\VGA_Out.v:]
WARNING: [filemgmt 56-199] Attempt to get parsing info during refresh. "On-the-fly" syntax checking information may be incorrect. [C:\CSEE4280\GRP2ADD\FinalProject\MemVga\MemVga.srcs\sources_1\imports\FinalProject\VGAOutput\VGAOutput.srcs\sources_1\new\VGA_Out.v:]
WARNING: [filemgmt 56-199] Attempt to get parsing info during refresh. "On-the-fly" syntax checking information may be incorrect. [C:\CSEE4280\GRP2ADD\FinalProject\MemVga\MemVga.srcs\sources_1\imports\FinalProject\VGAOutput\VGAOutput.srcs\sources_1\new\VGA_Out.v:]
WARNING: [filemgmt 56-199] Attempt to get parsing info during refresh. "On-the-fly" syntax checking information may be incorrect. [C:\CSEE4280\GRP2ADD\FinalProject\MemVga\MemVga.srcs\sources_1\new\Top.sv:]
WARNING: [filemgmt 56-199] Attempt to get parsing info during refresh. "On-the-fly" syntax checking information may be incorrect. [C:\CSEE4280\GRP2ADD\FinalProject\MemVga\MemVga.srcs\sources_1\new\Starting_Pixels.v:]
WARNING: [filemgmt 56-199] Attempt to get parsing info during refresh. "On-the-fly" syntax checking information may be incorrect. [C:\CSEE4280\GRP2ADD\FinalProject\Processing\Processing.srcs\sources_1\new\Auto_Clk.v:]
WARNING: [filemgmt 56-199] Attempt to get parsing info during refresh. "On-the-fly" syntax checking information may be incorrect. [C:\CSEE4280\GRP2ADD\FinalProject\Processing\Processing.srcs\sources_1\new\Auto_Control.v:]
WARNING: [filemgmt 56-199] Attempt to get parsing info during refresh. "On-the-fly" syntax checking information may be incorrect. [C:\CSEE4280\GRP2ADD\FinalProject\MemVga\MemVga.srcs\sources_1\imports\FinalProject\VGAOutput\VGAOutput.srcs\sources_1\new\VGA_Out.v:]
WARNING: [filemgmt 56-199] Attempt to get parsing info during refresh. "On-the-fly" syntax checking information may be incorrect. [C:\CSEE4280\GRP2ADD\FinalProject\MemVga\MemVga.srcs\sources_1\imports\FinalProject\VGAOutput\VGAOutput.srcs\sources_1\new\VGA_Out.v:]
WARNING: [filemgmt 56-199] Attempt to get parsing info during refresh. "On-the-fly" syntax checking information may be incorrect. [C:\CSEE4280\GRP2ADD\FinalProject\MemVga\MemVga.srcs\sources_1\imports\FinalProject\VGAOutput\VGAOutput.srcs\sources_1\new\VGA_Out.v:]
WARNING: [filemgmt 56-199] Attempt to get parsing info during refresh. "On-the-fly" syntax checking information may be incorrect. [C:\CSEE4280\GRP2ADD\FinalProject\MemVga\MemVga.srcs\sources_1\new\Top.sv:]
WARNING: [filemgmt 56-199] Attempt to get parsing info during refresh. "On-the-fly" syntax checking information may be incorrect. [C:\CSEE4280\GRP2ADD\FinalProject\MemVga\MemVga.srcs\sources_1\new\Starting_Pixels.v:]
WARNING: [filemgmt 56-199] Attempt to get parsing info during refresh. "On-the-fly" syntax checking information may be incorrect. [C:\CSEE4280\GRP2ADD\FinalProject\Processing\Processing.srcs\sources_1\new\Auto_Clk.v:]
WARNING: [filemgmt 56-199] Attempt to get parsing info during refresh. "On-the-fly" syntax checking information may be incorrect. [C:\CSEE4280\GRP2ADD\FinalProject\Processing\Processing.srcs\sources_1\new\Auto_Control.v:]
WARNING: [filemgmt 56-199] Attempt to get parsing info during refresh. "On-the-fly" syntax checking information may be incorrect. [C:\CSEE4280\GRP2ADD\FinalProject\MemVga\MemVga.srcs\sources_1\imports\FinalProject\VGAOutput\VGAOutput.srcs\sources_1\new\VGA_Out.v:]
WARNING: [filemgmt 56-199] Attempt to get parsing info during refresh. "On-the-fly" syntax checking information may be incorrect. [C:\CSEE4280\GRP2ADD\FinalProject\MemVga\MemVga.srcs\sources_1\new\Starting_Pixels.v:]
WARNING: [filemgmt 56-199] Attempt to get parsing info during refresh. "On-the-fly" syntax checking information may be incorrect. [C:\CSEE4280\GRP2ADD\FinalProject\MemVga\MemVga.srcs\sources_1\new\Starting_Pixels.v:]
WARNING: [filemgmt 56-199] Attempt to get parsing info during refresh. "On-the-fly" syntax checking information may be incorrect. [C:\CSEE4280\GRP2ADD\FinalProject\MemVga\MemVga.srcs\sources_1\new\Top.sv:]
WARNING: [filemgmt 56-199] Attempt to get parsing info during refresh. "On-the-fly" syntax checking information may be incorrect. [C:\CSEE4280\GRP2ADD\FinalProject\MemVga\MemVga.srcs\sources_1\new\Starting_Pixels.v:]
WARNING: [filemgmt 56-199] Attempt to get parsing info during refresh. "On-the-fly" syntax checking information may be incorrect. [C:\CSEE4280\GRP2ADD\FinalProject\Processing\Processing.srcs\sources_1\new\Auto_Clk.v:]
WARNING: [filemgmt 56-199] Attempt to get parsing info during refresh. "On-the-fly" syntax checking information may be incorrect. [C:\CSEE4280\GRP2ADD\FinalProject\Processing\Processing.srcs\sources_1\new\Auto_Control.v:]
WARNING: [filemgmt 56-199] Attempt to get parsing info during refresh. "On-the-fly" syntax checking information may be incorrect. [C:\CSEE4280\GRP2ADD\FinalProject\MemVga\MemVga.srcs\sources_1\imports\FinalProject\VGAOutput\VGAOutput.srcs\sources_1\new\VGA_Out.v:]
WARNING: [filemgmt 56-199] Attempt to get parsing info during refresh. "On-the-fly" syntax checking information may be incorrect. [C:\CSEE4280\GRP2ADD\FinalProject\Processing\Processing.srcs\sources_1\new\Auto_Clk.v:]
WARNING: [filemgmt 56-199] Attempt to get parsing info during refresh. "On-the-fly" syntax checking information may be incorrect. [C:\CSEE4280\GRP2ADD\FinalProject\Processing\Processing.srcs\sources_1\new\Auto_Clk.v:]
WARNING: [filemgmt 56-199] Attempt to get parsing info during refresh. "On-the-fly" syntax checking information may be incorrect. [C:\CSEE4280\GRP2ADD\FinalProject\MemVga\MemVga.srcs\sources_1\new\Top.sv:]
WARNING: [filemgmt 56-199] Attempt to get parsing info during refresh. "On-the-fly" syntax checking information may be incorrect. [C:\CSEE4280\GRP2ADD\FinalProject\MemVga\MemVga.srcs\sources_1\new\Starting_Pixels.v:]
WARNING: [filemgmt 56-199] Attempt to get parsing info during refresh. "On-the-fly" syntax checking information may be incorrect. [C:\CSEE4280\GRP2ADD\FinalProject\Processing\Processing.srcs\sources_1\new\Auto_Clk.v:]
WARNING: [filemgmt 56-199] Attempt to get parsing info during refresh. "On-the-fly" syntax checking information may be incorrect. [C:\CSEE4280\GRP2ADD\FinalProject\Processing\Processing.srcs\sources_1\new\Auto_Control.v:]
WARNING: [filemgmt 56-199] Attempt to get parsing info during refresh. "On-the-fly" syntax checking information may be incorrect. [C:\CSEE4280\GRP2ADD\FinalProject\MemVga\MemVga.srcs\sources_1\imports\FinalProject\VGAOutput\VGAOutput.srcs\sources_1\new\VGA_Out.v:]
WARNING: [filemgmt 56-199] Attempt to get parsing info during refresh. "On-the-fly" syntax checking information may be incorrect. [C:\CSEE4280\GRP2ADD\FinalProject\MemVga\MemVga.srcs\sources_1\imports\FinalProject\VGAOutput\VGAOutput.srcs\sources_1\new\VGA_Out.v:]
WARNING: [filemgmt 56-199] Attempt to get parsing info during refresh. "On-the-fly" syntax checking information may be incorrect. [C:\CSEE4280\GRP2ADD\FinalProject\MemVga\MemVga.srcs\sources_1\imports\FinalProject\VGAOutput\VGAOutput.srcs\sources_1\new\VGA_Out.v:]
WARNING: [filemgmt 56-199] Attempt to get parsing info during refresh. "On-the-fly" syntax checking information may be incorrect. [C:\CSEE4280\GRP2ADD\FinalProject\MemVga\MemVga.srcs\sources_1\new\Top.sv:]
WARNING: [filemgmt 56-199] Attempt to get parsing info during refresh. "On-the-fly" syntax checking information may be incorrect. [C:\CSEE4280\GRP2ADD\FinalProject\MemVga\MemVga.srcs\sources_1\new\Starting_Pixels.v:]
WARNING: [filemgmt 56-199] Attempt to get parsing info during refresh. "On-the-fly" syntax checking information may be incorrect. [C:\CSEE4280\GRP2ADD\FinalProject\Processing\Processing.srcs\sources_1\new\Auto_Clk.v:]
WARNING: [filemgmt 56-199] Attempt to get parsing info during refresh. "On-the-fly" syntax checking information may be incorrect. [C:\CSEE4280\GRP2ADD\FinalProject\Processing\Processing.srcs\sources_1\new\Auto_Control.v:]
WARNING: [filemgmt 56-199] Attempt to get parsing info during refresh. "On-the-fly" syntax checking information may be incorrect. [C:\CSEE4280\GRP2ADD\FinalProject\MemVga\MemVga.srcs\sources_1\imports\FinalProject\VGAOutput\VGAOutput.srcs\sources_1\new\VGA_Out.v:]
WARNING: [filemgmt 56-199] Attempt to get parsing info during refresh. "On-the-fly" syntax checking information may be incorrect. [C:\CSEE4280\GRP2ADD\FinalProject\MemVga\MemVga.srcs\sources_1\new\Starting_Pixels.v:]
WARNING: [filemgmt 56-199] Attempt to get parsing info during refresh. "On-the-fly" syntax checking information may be incorrect. [C:\CSEE4280\GRP2ADD\FinalProject\MemVga\MemVga.srcs\sources_1\new\Starting_Pixels.v:]
WARNING: [filemgmt 56-199] Attempt to get parsing info during refresh. "On-the-fly" syntax checking information may be incorrect. [C:\CSEE4280\GRP2ADD\FinalProject\MemVga\MemVga.srcs\sources_1\new\Top.sv:]
WARNING: [filemgmt 56-199] Attempt to get parsing info during refresh. "On-the-fly" syntax checking information may be incorrect. [C:\CSEE4280\GRP2ADD\FinalProject\MemVga\MemVga.srcs\sources_1\new\Starting_Pixels.v:]
WARNING: [filemgmt 56-199] Attempt to get parsing info during refresh. "On-the-fly" syntax checking information may be incorrect. [C:\CSEE4280\GRP2ADD\FinalProject\Processing\Processing.srcs\sources_1\new\Auto_Clk.v:]
WARNING: [filemgmt 56-199] Attempt to get parsing info during refresh. "On-the-fly" syntax checking information may be incorrect. [C:\CSEE4280\GRP2ADD\FinalProject\Processing\Processing.srcs\sources_1\new\Auto_Control.v:]
WARNING: [filemgmt 56-199] Attempt to get parsing info during refresh. "On-the-fly" syntax checking information may be incorrect. [C:\CSEE4280\GRP2ADD\FinalProject\MemVga\MemVga.srcs\sources_1\imports\FinalProject\VGAOutput\VGAOutput.srcs\sources_1\new\VGA_Out.v:]
WARNING: [filemgmt 56-199] Attempt to get parsing info during refresh. "On-the-fly" syntax checking information may be incorrect. [C:\CSEE4280\GRP2ADD\FinalProject\Processing\Processing.srcs\sources_1\new\Auto_Clk.v:]
WARNING: [filemgmt 56-199] Attempt to get parsing info during refresh. "On-the-fly" syntax checking information may be incorrect. [C:\CSEE4280\GRP2ADD\FinalProject\Processing\Processing.srcs\sources_1\new\Auto_Clk.v:]
WARNING: [filemgmt 56-199] Attempt to get parsing info during refresh. "On-the-fly" syntax checking information may be incorrect. [C:\CSEE4280\GRP2ADD\FinalProject\MemVga\MemVga.srcs\sources_1\new\Top.sv:]
WARNING: [filemgmt 56-199] Attempt to get parsing info during refresh. "On-the-fly" syntax checking information may be incorrect. [C:\CSEE4280\GRP2ADD\FinalProject\MemVga\MemVga.srcs\sources_1\new\Starting_Pixels.v:]
WARNING: [filemgmt 56-199] Attempt to get parsing info during refresh. "On-the-fly" syntax checking information may be incorrect. [C:\CSEE4280\GRP2ADD\FinalProject\Processing\Processing.srcs\sources_1\new\Auto_Clk.v:]
WARNING: [filemgmt 56-199] Attempt to get parsing info during refresh. "On-the-fly" syntax checking information may be incorrect. [C:\CSEE4280\GRP2ADD\FinalProject\Processing\Processing.srcs\sources_1\new\Auto_Control.v:]
reset_run synth_1
launch_runs impl_1 -to_step write_bitstream -jobs 12
[Fri Apr 11 15:48:46 2025] Launched synth_1...
Run output will be captured here: C:/CSEE4280/GRP2ADD/FinalProject/MemVga/MemVga.runs/synth_1/runme.log
[Fri Apr 11 15:48:46 2025] Launched impl_1...
Run output will be captured here: C:/CSEE4280/GRP2ADD/FinalProject/MemVga/MemVga.runs/impl_1/runme.log
WARNING: [filemgmt 56-199] Attempt to get parsing info during refresh. "On-the-fly" syntax checking information may be incorrect. [C:\CSEE4280\GRP2ADD\FinalProject\MemVga\MemVga.srcs\sources_1\new\Top.sv:]
WARNING: [filemgmt 56-199] Attempt to get parsing info during refresh. "On-the-fly" syntax checking information may be incorrect. [C:\CSEE4280\GRP2ADD\FinalProject\MemVga\MemVga.srcs\sources_1\imports\FinalProject\Mem\final_project\final_project.srcs\sources_1\new\DualPort.sv:]
WARNING: [filemgmt 56-199] Attempt to get parsing info during refresh. "On-the-fly" syntax checking information may be incorrect. [C:\CSEE4280\GRP2ADD\FinalProject\MemVga\MemVga.srcs\sources_1\new\Starting_Pixels.v:]
WARNING: [filemgmt 56-199] Attempt to get parsing info during refresh. "On-the-fly" syntax checking information may be incorrect. [C:\CSEE4280\GRP2ADD\FinalProject\Processing\Processing.srcs\sources_1\new\Auto_Clk.v:]
WARNING: [filemgmt 56-199] Attempt to get parsing info during refresh. "On-the-fly" syntax checking information may be incorrect. [C:\CSEE4280\GRP2ADD\FinalProject\Processing\Processing.srcs\sources_1\new\Auto_Control.v:]
WARNING: [filemgmt 56-199] Attempt to get parsing info during refresh. "On-the-fly" syntax checking information may be incorrect. [C:\CSEE4280\GRP2ADD\FinalProject\MemVga\MemVga.srcs\sources_1\imports\FinalProject\Mem\final_project\final_project.srcs\sources_1\new\Memory.sv:]
WARNING: [filemgmt 56-199] Attempt to get parsing info during refresh. "On-the-fly" syntax checking information may be incorrect. [C:\CSEE4280\GRP2ADD\FinalProject\MemVga\MemVga.srcs\sources_1\imports\FinalProject\VGAOutput\VGAOutput.srcs\sources_1\new\VGA_Out.v:]
WARNING: [filemgmt 56-199] Attempt to get parsing info during refresh. "On-the-fly" syntax checking information may be incorrect. [C:\CSEE4280\GRP2ADD\FinalProject\MemVga\MemVga.srcs\sources_1\new\Top.sv:]
WARNING: [filemgmt 56-199] Attempt to get parsing info during refresh. "On-the-fly" syntax checking information may be incorrect. [C:\CSEE4280\GRP2ADD\FinalProject\MemVga\MemVga.srcs\sources_1\new\Top.sv:]
WARNING: [filemgmt 56-199] Attempt to get parsing info during refresh. "On-the-fly" syntax checking information may be incorrect. [C:\CSEE4280\GRP2ADD\FinalProject\MemVga\MemVga.srcs\sources_1\new\Top.sv:]
WARNING: [filemgmt 56-199] Attempt to get parsing info during refresh. "On-the-fly" syntax checking information may be incorrect. [C:\CSEE4280\GRP2ADD\FinalProject\MemVga\MemVga.srcs\sources_1\imports\FinalProject\Mem\final_project\final_project.srcs\sources_1\new\DualPort.sv:]
WARNING: [filemgmt 56-199] Attempt to get parsing info during refresh. "On-the-fly" syntax checking information may be incorrect. [C:\CSEE4280\GRP2ADD\FinalProject\MemVga\MemVga.srcs\sources_1\new\Starting_Pixels.v:]
WARNING: [filemgmt 56-199] Attempt to get parsing info during refresh. "On-the-fly" syntax checking information may be incorrect. [C:\CSEE4280\GRP2ADD\FinalProject\Processing\Processing.srcs\sources_1\new\Auto_Clk.v:]
WARNING: [filemgmt 56-199] Attempt to get parsing info during refresh. "On-the-fly" syntax checking information may be incorrect. [C:\CSEE4280\GRP2ADD\FinalProject\Processing\Processing.srcs\sources_1\new\Auto_Control.v:]
WARNING: [filemgmt 56-199] Attempt to get parsing info during refresh. "On-the-fly" syntax checking information may be incorrect. [C:\CSEE4280\GRP2ADD\FinalProject\MemVga\MemVga.srcs\sources_1\imports\FinalProject\Mem\final_project\final_project.srcs\sources_1\new\Memory.sv:]
WARNING: [filemgmt 56-199] Attempt to get parsing info during refresh. "On-the-fly" syntax checking information may be incorrect. [C:\CSEE4280\GRP2ADD\FinalProject\MemVga\MemVga.srcs\sources_1\imports\FinalProject\VGAOutput\VGAOutput.srcs\sources_1\new\VGA_Out.v:]
WARNING: [filemgmt 56-199] Attempt to get parsing info during refresh. "On-the-fly" syntax checking information may be incorrect. [C:\CSEE4280\GRP2ADD\FinalProject\MemVga\MemVga.srcs\sources_1\new\Starting_Pixels.v:]
WARNING: [filemgmt 56-199] Attempt to get parsing info during refresh. "On-the-fly" syntax checking information may be incorrect. [C:\CSEE4280\GRP2ADD\FinalProject\MemVga\MemVga.srcs\sources_1\new\Starting_Pixels.v:]
WARNING: [filemgmt 56-199] Attempt to get parsing info during refresh. "On-the-fly" syntax checking information may be incorrect. [C:\CSEE4280\GRP2ADD\FinalProject\MemVga\MemVga.srcs\sources_1\new\Top.sv:]
WARNING: [filemgmt 56-199] Attempt to get parsing info during refresh. "On-the-fly" syntax checking information may be incorrect. [C:\CSEE4280\GRP2ADD\FinalProject\MemVga\MemVga.srcs\sources_1\imports\FinalProject\Mem\final_project\final_project.srcs\sources_1\new\DualPort.sv:]
WARNING: [filemgmt 56-199] Attempt to get parsing info during refresh. "On-the-fly" syntax checking information may be incorrect. [C:\CSEE4280\GRP2ADD\FinalProject\MemVga\MemVga.srcs\sources_1\new\Starting_Pixels.v:]
WARNING: [filemgmt 56-199] Attempt to get parsing info during refresh. "On-the-fly" syntax checking information may be incorrect. [C:\CSEE4280\GRP2ADD\FinalProject\Processing\Processing.srcs\sources_1\new\Auto_Clk.v:]
WARNING: [filemgmt 56-199] Attempt to get parsing info during refresh. "On-the-fly" syntax checking information may be incorrect. [C:\CSEE4280\GRP2ADD\FinalProject\Processing\Processing.srcs\sources_1\new\Auto_Control.v:]
WARNING: [filemgmt 56-199] Attempt to get parsing info during refresh. "On-the-fly" syntax checking information may be incorrect. [C:\CSEE4280\GRP2ADD\FinalProject\MemVga\MemVga.srcs\sources_1\imports\FinalProject\Mem\final_project\final_project.srcs\sources_1\new\Memory.sv:]
WARNING: [filemgmt 56-199] Attempt to get parsing info during refresh. "On-the-fly" syntax checking information may be incorrect. [C:\CSEE4280\GRP2ADD\FinalProject\MemVga\MemVga.srcs\sources_1\imports\FinalProject\VGAOutput\VGAOutput.srcs\sources_1\new\VGA_Out.v:]
WARNING: [filemgmt 56-199] Attempt to get parsing info during refresh. "On-the-fly" syntax checking information may be incorrect. [C:\CSEE4280\GRP2ADD\FinalProject\Processing\Processing.srcs\sources_1\new\Auto_Control.v:]
WARNING: [filemgmt 56-199] Attempt to get parsing info during refresh. "On-the-fly" syntax checking information may be incorrect. [C:\CSEE4280\GRP2ADD\FinalProject\Processing\Processing.srcs\sources_1\new\Auto_Control.v:]
WARNING: [filemgmt 56-199] Attempt to get parsing info during refresh. "On-the-fly" syntax checking information may be incorrect. [C:\CSEE4280\GRP2ADD\FinalProject\MemVga\MemVga.srcs\sources_1\new\Top.sv:]
WARNING: [filemgmt 56-199] Attempt to get parsing info during refresh. "On-the-fly" syntax checking information may be incorrect. [C:\CSEE4280\GRP2ADD\FinalProject\MemVga\MemVga.srcs\sources_1\imports\FinalProject\Mem\final_project\final_project.srcs\sources_1\new\DualPort.sv:]
WARNING: [filemgmt 56-199] Attempt to get parsing info during refresh. "On-the-fly" syntax checking information may be incorrect. [C:\CSEE4280\GRP2ADD\FinalProject\MemVga\MemVga.srcs\sources_1\new\Starting_Pixels.v:]
WARNING: [filemgmt 56-199] Attempt to get parsing info during refresh. "On-the-fly" syntax checking information may be incorrect. [C:\CSEE4280\GRP2ADD\FinalProject\Processing\Processing.srcs\sources_1\new\Auto_Clk.v:]
WARNING: [filemgmt 56-199] Attempt to get parsing info during refresh. "On-the-fly" syntax checking information may be incorrect. [C:\CSEE4280\GRP2ADD\FinalProject\Processing\Processing.srcs\sources_1\new\Auto_Control.v:]
WARNING: [filemgmt 56-199] Attempt to get parsing info during refresh. "On-the-fly" syntax checking information may be incorrect. [C:\CSEE4280\GRP2ADD\FinalProject\MemVga\MemVga.srcs\sources_1\imports\FinalProject\Mem\final_project\final_project.srcs\sources_1\new\Memory.sv:]
WARNING: [filemgmt 56-199] Attempt to get parsing info during refresh. "On-the-fly" syntax checking information may be incorrect. [C:\CSEE4280\GRP2ADD\FinalProject\MemVga\MemVga.srcs\sources_1\imports\FinalProject\VGAOutput\VGAOutput.srcs\sources_1\new\VGA_Out.v:]
WARNING: [filemgmt 56-199] Attempt to get parsing info during refresh. "On-the-fly" syntax checking information may be incorrect. [C:\CSEE4280\GRP2ADD\FinalProject\MemVga\MemVga.srcs\sources_1\imports\FinalProject\Mem\final_project\final_project.srcs\sources_1\new\Memory.sv:]
WARNING: [filemgmt 56-199] Attempt to get parsing info during refresh. "On-the-fly" syntax checking information may be incorrect. [C:\CSEE4280\GRP2ADD\FinalProject\MemVga\MemVga.srcs\sources_1\imports\FinalProject\Mem\final_project\final_project.srcs\sources_1\new\Memory.sv:]
WARNING: [filemgmt 56-199] Attempt to get parsing info during refresh. "On-the-fly" syntax checking information may be incorrect. [C:\CSEE4280\GRP2ADD\FinalProject\MemVga\MemVga.srcs\sources_1\new\Top.sv:]
WARNING: [filemgmt 56-199] Attempt to get parsing info during refresh. "On-the-fly" syntax checking information may be incorrect. [C:\CSEE4280\GRP2ADD\FinalProject\MemVga\MemVga.srcs\sources_1\imports\FinalProject\Mem\final_project\final_project.srcs\sources_1\new\DualPort.sv:]
WARNING: [filemgmt 56-199] Attempt to get parsing info during refresh. "On-the-fly" syntax checking information may be incorrect. [C:\CSEE4280\GRP2ADD\FinalProject\MemVga\MemVga.srcs\sources_1\new\Starting_Pixels.v:]
WARNING: [filemgmt 56-199] Attempt to get parsing info during refresh. "On-the-fly" syntax checking information may be incorrect. [C:\CSEE4280\GRP2ADD\FinalProject\Processing\Processing.srcs\sources_1\new\Auto_Clk.v:]
WARNING: [filemgmt 56-199] Attempt to get parsing info during refresh. "On-the-fly" syntax checking information may be incorrect. [C:\CSEE4280\GRP2ADD\FinalProject\Processing\Processing.srcs\sources_1\new\Auto_Control.v:]
WARNING: [filemgmt 56-199] Attempt to get parsing info during refresh. "On-the-fly" syntax checking information may be incorrect. [C:\CSEE4280\GRP2ADD\FinalProject\MemVga\MemVga.srcs\sources_1\imports\FinalProject\Mem\final_project\final_project.srcs\sources_1\new\Memory.sv:]
WARNING: [filemgmt 56-199] Attempt to get parsing info during refresh. "On-the-fly" syntax checking information may be incorrect. [C:\CSEE4280\GRP2ADD\FinalProject\MemVga\MemVga.srcs\sources_1\imports\FinalProject\VGAOutput\VGAOutput.srcs\sources_1\new\VGA_Out.v:]
WARNING: [filemgmt 56-199] Attempt to get parsing info during refresh. "On-the-fly" syntax checking information may be incorrect. [C:\CSEE4280\GRP2ADD\FinalProject\MemVga\MemVga.srcs\sources_1\imports\FinalProject\VGAOutput\VGAOutput.srcs\sources_1\new\VGA_Out.v:]
WARNING: [filemgmt 56-199] Attempt to get parsing info during refresh. "On-the-fly" syntax checking information may be incorrect. [C:\CSEE4280\GRP2ADD\FinalProject\MemVga\MemVga.srcs\sources_1\imports\FinalProject\VGAOutput\VGAOutput.srcs\sources_1\new\VGA_Out.v:]
WARNING: [filemgmt 56-199] Attempt to get parsing info during refresh. "On-the-fly" syntax checking information may be incorrect. [C:\CSEE4280\GRP2ADD\FinalProject\MemVga\MemVga.srcs\sources_1\new\Top.sv:]
WARNING: [filemgmt 56-199] Attempt to get parsing info during refresh. "On-the-fly" syntax checking information may be incorrect. [C:\CSEE4280\GRP2ADD\FinalProject\MemVga\MemVga.srcs\sources_1\imports\FinalProject\Mem\final_project\final_project.srcs\sources_1\new\DualPort.sv:]
WARNING: [filemgmt 56-199] Attempt to get parsing info during refresh. "On-the-fly" syntax checking information may be incorrect. [C:\CSEE4280\GRP2ADD\FinalProject\MemVga\MemVga.srcs\sources_1\new\Starting_Pixels.v:]
WARNING: [filemgmt 56-199] Attempt to get parsing info during refresh. "On-the-fly" syntax checking information may be incorrect. [C:\CSEE4280\GRP2ADD\FinalProject\Processing\Processing.srcs\sources_1\new\Auto_Clk.v:]
WARNING: [filemgmt 56-199] Attempt to get parsing info during refresh. "On-the-fly" syntax checking information may be incorrect. [C:\CSEE4280\GRP2ADD\FinalProject\Processing\Processing.srcs\sources_1\new\Auto_Control.v:]
WARNING: [filemgmt 56-199] Attempt to get parsing info during refresh. "On-the-fly" syntax checking information may be incorrect. [C:\CSEE4280\GRP2ADD\FinalProject\MemVga\MemVga.srcs\sources_1\imports\FinalProject\Mem\final_project\final_project.srcs\sources_1\new\Memory.sv:]
WARNING: [filemgmt 56-199] Attempt to get parsing info during refresh. "On-the-fly" syntax checking information may be incorrect. [C:\CSEE4280\GRP2ADD\FinalProject\MemVga\MemVga.srcs\sources_1\imports\FinalProject\VGAOutput\VGAOutput.srcs\sources_1\new\VGA_Out.v:]
WARNING: [filemgmt 56-199] Attempt to get parsing info during refresh. "On-the-fly" syntax checking information may be incorrect. [C:\CSEE4280\GRP2ADD\FinalProject\Processing\Processing.srcs\sources_1\new\Auto_Clk.v:]
WARNING: [filemgmt 56-199] Attempt to get parsing info during refresh. "On-the-fly" syntax checking information may be incorrect. [C:\CSEE4280\GRP2ADD\FinalProject\Processing\Processing.srcs\sources_1\new\Auto_Clk.v:]
reset_run synth_1
INFO: [Project 1-1161] Replacing file C:/CSEE4280/GRP2ADD/FinalProject/MemVga/MemVga.srcs/utils_1/imports/synth_1/Top.dcp with file C:/CSEE4280/GRP2ADD/FinalProject/MemVga/MemVga.runs/synth_1/Top.dcp
launch_runs impl_1 -to_step write_bitstream -jobs 12
[Fri Apr 11 15:53:17 2025] Launched synth_1...
Run output will be captured here: C:/CSEE4280/GRP2ADD/FinalProject/MemVga/MemVga.runs/synth_1/runme.log
[Fri Apr 11 15:53:17 2025] Launched impl_1...
Run output will be captured here: C:/CSEE4280/GRP2ADD/FinalProject/MemVga/MemVga.runs/impl_1/runme.log
WARNING: [filemgmt 56-199] Attempt to get parsing info during refresh. "On-the-fly" syntax checking information may be incorrect. [C:\CSEE4280\GRP2ADD\FinalProject\MemVga\MemVga.srcs\sources_1\new\Top.sv:]
WARNING: [filemgmt 56-199] Attempt to get parsing info during refresh. "On-the-fly" syntax checking information may be incorrect. [C:\CSEE4280\GRP2ADD\FinalProject\MemVga\MemVga.srcs\sources_1\imports\FinalProject\Mem\final_project\final_project.srcs\sources_1\new\DualPort.sv:]
WARNING: [filemgmt 56-199] Attempt to get parsing info during refresh. "On-the-fly" syntax checking information may be incorrect. [C:\CSEE4280\GRP2ADD\FinalProject\MemVga\MemVga.srcs\sources_1\new\Starting_Pixels.v:]
WARNING: [filemgmt 56-199] Attempt to get parsing info during refresh. "On-the-fly" syntax checking information may be incorrect. [C:\CSEE4280\GRP2ADD\FinalProject\Processing\Processing.srcs\sources_1\new\Auto_Clk.v:]
WARNING: [filemgmt 56-199] Attempt to get parsing info during refresh. "On-the-fly" syntax checking information may be incorrect. [C:\CSEE4280\GRP2ADD\FinalProject\Processing\Processing.srcs\sources_1\new\Auto_Control.v:]
WARNING: [filemgmt 56-199] Attempt to get parsing info during refresh. "On-the-fly" syntax checking information may be incorrect. [C:\CSEE4280\GRP2ADD\FinalProject\MemVga\MemVga.srcs\sources_1\imports\FinalProject\Mem\final_project\final_project.srcs\sources_1\new\Memory.sv:]
WARNING: [filemgmt 56-199] Attempt to get parsing info during refresh. "On-the-fly" syntax checking information may be incorrect. [C:\CSEE4280\GRP2ADD\FinalProject\MemVga\MemVga.srcs\sources_1\imports\FinalProject\VGAOutput\VGAOutput.srcs\sources_1\new\VGA_Out.v:]
WARNING: [filemgmt 56-199] Attempt to get parsing info during refresh. "On-the-fly" syntax checking information may be incorrect. [C:\CSEE4280\GRP2ADD\FinalProject\MemVga\MemVga.srcs\sources_1\new\Top.sv:]
WARNING: [filemgmt 56-199] Attempt to get parsing info during refresh. "On-the-fly" syntax checking information may be incorrect. [C:\CSEE4280\GRP2ADD\FinalProject\MemVga\MemVga.srcs\sources_1\new\Top.sv:]
WARNING: [filemgmt 56-199] Attempt to get parsing info during refresh. "On-the-fly" syntax checking information may be incorrect. [C:\CSEE4280\GRP2ADD\FinalProject\MemVga\MemVga.srcs\sources_1\new\Top.sv:]
WARNING: [filemgmt 56-199] Attempt to get parsing info during refresh. "On-the-fly" syntax checking information may be incorrect. [C:\CSEE4280\GRP2ADD\FinalProject\MemVga\MemVga.srcs\sources_1\imports\FinalProject\Mem\final_project\final_project.srcs\sources_1\new\DualPort.sv:]
WARNING: [filemgmt 56-199] Attempt to get parsing info during refresh. "On-the-fly" syntax checking information may be incorrect. [C:\CSEE4280\GRP2ADD\FinalProject\MemVga\MemVga.srcs\sources_1\new\Starting_Pixels.v:]
WARNING: [filemgmt 56-199] Attempt to get parsing info during refresh. "On-the-fly" syntax checking information may be incorrect. [C:\CSEE4280\GRP2ADD\FinalProject\Processing\Processing.srcs\sources_1\new\Auto_Clk.v:]
WARNING: [filemgmt 56-199] Attempt to get parsing info during refresh. "On-the-fly" syntax checking information may be incorrect. [C:\CSEE4280\GRP2ADD\FinalProject\Processing\Processing.srcs\sources_1\new\Auto_Control.v:]
WARNING: [filemgmt 56-199] Attempt to get parsing info during refresh. "On-the-fly" syntax checking information may be incorrect. [C:\CSEE4280\GRP2ADD\FinalProject\MemVga\MemVga.srcs\sources_1\imports\FinalProject\Mem\final_project\final_project.srcs\sources_1\new\Memory.sv:]
WARNING: [filemgmt 56-199] Attempt to get parsing info during refresh. "On-the-fly" syntax checking information may be incorrect. [C:\CSEE4280\GRP2ADD\FinalProject\MemVga\MemVga.srcs\sources_1\imports\FinalProject\VGAOutput\VGAOutput.srcs\sources_1\new\VGA_Out.v:]
WARNING: [filemgmt 56-199] Attempt to get parsing info during refresh. "On-the-fly" syntax checking information may be incorrect. [C:\CSEE4280\GRP2ADD\FinalProject\MemVga\MemVga.srcs\sources_1\new\Starting_Pixels.v:]
WARNING: [filemgmt 56-199] Attempt to get parsing info during refresh. "On-the-fly" syntax checking information may be incorrect. [C:\CSEE4280\GRP2ADD\FinalProject\MemVga\MemVga.srcs\sources_1\new\Starting_Pixels.v:]
WARNING: [filemgmt 56-199] Attempt to get parsing info during refresh. "On-the-fly" syntax checking information may be incorrect. [C:\CSEE4280\GRP2ADD\FinalProject\MemVga\MemVga.srcs\sources_1\new\Top.sv:]
WARNING: [filemgmt 56-199] Attempt to get parsing info during refresh. "On-the-fly" syntax checking information may be incorrect. [C:\CSEE4280\GRP2ADD\FinalProject\MemVga\MemVga.srcs\sources_1\imports\FinalProject\Mem\final_project\final_project.srcs\sources_1\new\DualPort.sv:]
WARNING: [filemgmt 56-199] Attempt to get parsing info during refresh. "On-the-fly" syntax checking information may be incorrect. [C:\CSEE4280\GRP2ADD\FinalProject\MemVga\MemVga.srcs\sources_1\new\Starting_Pixels.v:]
WARNING: [filemgmt 56-199] Attempt to get parsing info during refresh. "On-the-fly" syntax checking information may be incorrect. [C:\CSEE4280\GRP2ADD\FinalProject\Processing\Processing.srcs\sources_1\new\Auto_Clk.v:]
WARNING: [filemgmt 56-199] Attempt to get parsing info during refresh. "On-the-fly" syntax checking information may be incorrect. [C:\CSEE4280\GRP2ADD\FinalProject\Processing\Processing.srcs\sources_1\new\Auto_Control.v:]
WARNING: [filemgmt 56-199] Attempt to get parsing info during refresh. "On-the-fly" syntax checking information may be incorrect. [C:\CSEE4280\GRP2ADD\FinalProject\MemVga\MemVga.srcs\sources_1\imports\FinalProject\Mem\final_project\final_project.srcs\sources_1\new\Memory.sv:]
WARNING: [filemgmt 56-199] Attempt to get parsing info during refresh. "On-the-fly" syntax checking information may be incorrect. [C:\CSEE4280\GRP2ADD\FinalProject\MemVga\MemVga.srcs\sources_1\imports\FinalProject\VGAOutput\VGAOutput.srcs\sources_1\new\VGA_Out.v:]
WARNING: [filemgmt 56-199] Attempt to get parsing info during refresh. "On-the-fly" syntax checking information may be incorrect. [C:\CSEE4280\GRP2ADD\FinalProject\Processing\Processing.srcs\sources_1\new\Auto_Control.v:]
WARNING: [filemgmt 56-199] Attempt to get parsing info during refresh. "On-the-fly" syntax checking information may be incorrect. [C:\CSEE4280\GRP2ADD\FinalProject\Processing\Processing.srcs\sources_1\new\Auto_Control.v:]
WARNING: [filemgmt 56-199] Attempt to get parsing info during refresh. "On-the-fly" syntax checking information may be incorrect. [C:\CSEE4280\GRP2ADD\FinalProject\MemVga\MemVga.srcs\sources_1\new\Top.sv:]
WARNING: [filemgmt 56-199] Attempt to get parsing info during refresh. "On-the-fly" syntax checking information may be incorrect. [C:\CSEE4280\GRP2ADD\FinalProject\MemVga\MemVga.srcs\sources_1\imports\FinalProject\Mem\final_project\final_project.srcs\sources_1\new\DualPort.sv:]
WARNING: [filemgmt 56-199] Attempt to get parsing info during refresh. "On-the-fly" syntax checking information may be incorrect. [C:\CSEE4280\GRP2ADD\FinalProject\MemVga\MemVga.srcs\sources_1\new\Starting_Pixels.v:]
WARNING: [filemgmt 56-199] Attempt to get parsing info during refresh. "On-the-fly" syntax checking information may be incorrect. [C:\CSEE4280\GRP2ADD\FinalProject\Processing\Processing.srcs\sources_1\new\Auto_Clk.v:]
WARNING: [filemgmt 56-199] Attempt to get parsing info during refresh. "On-the-fly" syntax checking information may be incorrect. [C:\CSEE4280\GRP2ADD\FinalProject\Processing\Processing.srcs\sources_1\new\Auto_Control.v:]
WARNING: [filemgmt 56-199] Attempt to get parsing info during refresh. "On-the-fly" syntax checking information may be incorrect. [C:\CSEE4280\GRP2ADD\FinalProject\MemVga\MemVga.srcs\sources_1\imports\FinalProject\Mem\final_project\final_project.srcs\sources_1\new\Memory.sv:]
WARNING: [filemgmt 56-199] Attempt to get parsing info during refresh. "On-the-fly" syntax checking information may be incorrect. [C:\CSEE4280\GRP2ADD\FinalProject\MemVga\MemVga.srcs\sources_1\imports\FinalProject\VGAOutput\VGAOutput.srcs\sources_1\new\VGA_Out.v:]
WARNING: [filemgmt 56-199] Attempt to get parsing info during refresh. "On-the-fly" syntax checking information may be incorrect. [C:\CSEE4280\GRP2ADD\FinalProject\MemVga\MemVga.srcs\sources_1\imports\FinalProject\Mem\final_project\final_project.srcs\sources_1\new\DualPort.sv:]
WARNING: [filemgmt 56-199] Attempt to get parsing info during refresh. "On-the-fly" syntax checking information may be incorrect. [C:\CSEE4280\GRP2ADD\FinalProject\MemVga\MemVga.srcs\sources_1\imports\FinalProject\Mem\final_project\final_project.srcs\sources_1\new\DualPort.sv:]
WARNING: [filemgmt 56-199] Attempt to get parsing info during refresh. "On-the-fly" syntax checking information may be incorrect. [C:\CSEE4280\GRP2ADD\FinalProject\MemVga\MemVga.srcs\sources_1\new\Top.sv:]
WARNING: [filemgmt 56-199] Attempt to get parsing info during refresh. "On-the-fly" syntax checking information may be incorrect. [C:\CSEE4280\GRP2ADD\FinalProject\MemVga\MemVga.srcs\sources_1\imports\FinalProject\Mem\final_project\final_project.srcs\sources_1\new\DualPort.sv:]
WARNING: [filemgmt 56-199] Attempt to get parsing info during refresh. "On-the-fly" syntax checking information may be incorrect. [C:\CSEE4280\GRP2ADD\FinalProject\MemVga\MemVga.srcs\sources_1\new\Starting_Pixels.v:]
WARNING: [filemgmt 56-199] Attempt to get parsing info during refresh. "On-the-fly" syntax checking information may be incorrect. [C:\CSEE4280\GRP2ADD\FinalProject\Processing\Processing.srcs\sources_1\new\Auto_Clk.v:]
WARNING: [filemgmt 56-199] Attempt to get parsing info during refresh. "On-the-fly" syntax checking information may be incorrect. [C:\CSEE4280\GRP2ADD\FinalProject\Processing\Processing.srcs\sources_1\new\Auto_Control.v:]
WARNING: [filemgmt 56-199] Attempt to get parsing info during refresh. "On-the-fly" syntax checking information may be incorrect. [C:\CSEE4280\GRP2ADD\FinalProject\MemVga\MemVga.srcs\sources_1\imports\FinalProject\Mem\final_project\final_project.srcs\sources_1\new\Memory.sv:]
WARNING: [filemgmt 56-199] Attempt to get parsing info during refresh. "On-the-fly" syntax checking information may be incorrect. [C:\CSEE4280\GRP2ADD\FinalProject\MemVga\MemVga.srcs\sources_1\imports\FinalProject\VGAOutput\VGAOutput.srcs\sources_1\new\VGA_Out.v:]
WARNING: [filemgmt 56-199] Attempt to get parsing info during refresh. "On-the-fly" syntax checking information may be incorrect. [C:\CSEE4280\GRP2ADD\FinalProject\MemVga\MemVga.srcs\sources_1\imports\FinalProject\VGAOutput\VGAOutput.srcs\sources_1\new\VGA_Out.v:]
WARNING: [filemgmt 56-199] Attempt to get parsing info during refresh. "On-the-fly" syntax checking information may be incorrect. [C:\CSEE4280\GRP2ADD\FinalProject\MemVga\MemVga.srcs\sources_1\imports\FinalProject\VGAOutput\VGAOutput.srcs\sources_1\new\VGA_Out.v:]
WARNING: [filemgmt 56-199] Attempt to get parsing info during refresh. "On-the-fly" syntax checking information may be incorrect. [C:\CSEE4280\GRP2ADD\FinalProject\MemVga\MemVga.srcs\sources_1\new\Top.sv:]
WARNING: [filemgmt 56-199] Attempt to get parsing info during refresh. "On-the-fly" syntax checking information may be incorrect. [C:\CSEE4280\GRP2ADD\FinalProject\MemVga\MemVga.srcs\sources_1\imports\FinalProject\Mem\final_project\final_project.srcs\sources_1\new\DualPort.sv:]
WARNING: [filemgmt 56-199] Attempt to get parsing info during refresh. "On-the-fly" syntax checking information may be incorrect. [C:\CSEE4280\GRP2ADD\FinalProject\MemVga\MemVga.srcs\sources_1\new\Starting_Pixels.v:]
WARNING: [filemgmt 56-199] Attempt to get parsing info during refresh. "On-the-fly" syntax checking information may be incorrect. [C:\CSEE4280\GRP2ADD\FinalProject\Processing\Processing.srcs\sources_1\new\Auto_Clk.v:]
WARNING: [filemgmt 56-199] Attempt to get parsing info during refresh. "On-the-fly" syntax checking information may be incorrect. [C:\CSEE4280\GRP2ADD\FinalProject\Processing\Processing.srcs\sources_1\new\Auto_Control.v:]
WARNING: [filemgmt 56-199] Attempt to get parsing info during refresh. "On-the-fly" syntax checking information may be incorrect. [C:\CSEE4280\GRP2ADD\FinalProject\MemVga\MemVga.srcs\sources_1\imports\FinalProject\Mem\final_project\final_project.srcs\sources_1\new\Memory.sv:]
WARNING: [filemgmt 56-199] Attempt to get parsing info during refresh. "On-the-fly" syntax checking information may be incorrect. [C:\CSEE4280\GRP2ADD\FinalProject\MemVga\MemVga.srcs\sources_1\imports\FinalProject\VGAOutput\VGAOutput.srcs\sources_1\new\VGA_Out.v:]
WARNING: [filemgmt 56-199] Attempt to get parsing info during refresh. "On-the-fly" syntax checking information may be incorrect. [C:\CSEE4280\GRP2ADD\FinalProject\Processing\Processing.srcs\sources_1\new\Auto_Clk.v:]
WARNING: [filemgmt 56-199] Attempt to get parsing info during refresh. "On-the-fly" syntax checking information may be incorrect. [C:\CSEE4280\GRP2ADD\FinalProject\Processing\Processing.srcs\sources_1\new\Auto_Clk.v:]
WARNING: [filemgmt 56-199] Attempt to get parsing info during refresh. "On-the-fly" syntax checking information may be incorrect. [C:\CSEE4280\GRP2ADD\FinalProject\MemVga\MemVga.srcs\sources_1\new\Top.sv:]
WARNING: [filemgmt 56-199] Attempt to get parsing info during refresh. "On-the-fly" syntax checking information may be incorrect. [C:\CSEE4280\GRP2ADD\FinalProject\MemVga\MemVga.srcs\sources_1\imports\FinalProject\Mem\final_project\final_project.srcs\sources_1\new\DualPort.sv:]
WARNING: [filemgmt 56-199] Attempt to get parsing info during refresh. "On-the-fly" syntax checking information may be incorrect. [C:\CSEE4280\GRP2ADD\FinalProject\MemVga\MemVga.srcs\sources_1\new\Starting_Pixels.v:]
WARNING: [filemgmt 56-199] Attempt to get parsing info during refresh. "On-the-fly" syntax checking information may be incorrect. [C:\CSEE4280\GRP2ADD\FinalProject\Processing\Processing.srcs\sources_1\new\Auto_Clk.v:]
WARNING: [filemgmt 56-199] Attempt to get parsing info during refresh. "On-the-fly" syntax checking information may be incorrect. [C:\CSEE4280\GRP2ADD\FinalProject\MemVga\MemVga.srcs\sources_1\imports\FinalProject\Mem\final_project\final_project.srcs\sources_1\new\Memory.sv:]
WARNING: [filemgmt 56-199] Attempt to get parsing info during refresh. "On-the-fly" syntax checking information may be incorrect. [C:\CSEE4280\GRP2ADD\FinalProject\Processing\Processing.srcs\sources_1\new\Auto_Control.v:]
WARNING: [filemgmt 56-199] Attempt to get parsing info during refresh. "On-the-fly" syntax checking information may be incorrect. [C:\CSEE4280\GRP2ADD\FinalProject\MemVga\MemVga.srcs\sources_1\imports\FinalProject\VGAOutput\VGAOutput.srcs\sources_1\new\VGA_Out.v:]
WARNING: [filemgmt 56-199] Attempt to get parsing info during refresh. "On-the-fly" syntax checking information may be incorrect. [C:\CSEE4280\GRP2ADD\FinalProject\MemVga\MemVga.srcs\sources_1\new\Starting_Pixels.v:]
WARNING: [filemgmt 56-199] Attempt to get parsing info during refresh. "On-the-fly" syntax checking information may be incorrect. [C:\CSEE4280\GRP2ADD\FinalProject\MemVga\MemVga.srcs\sources_1\new\Starting_Pixels.v:]
WARNING: [filemgmt 56-199] Attempt to get parsing info during refresh. "On-the-fly" syntax checking information may be incorrect. [C:\CSEE4280\GRP2ADD\FinalProject\MemVga\MemVga.srcs\sources_1\new\Top.sv:]
WARNING: [filemgmt 56-199] Attempt to get parsing info during refresh. "On-the-fly" syntax checking information may be incorrect. [C:\CSEE4280\GRP2ADD\FinalProject\MemVga\MemVga.srcs\sources_1\imports\FinalProject\Mem\final_project\final_project.srcs\sources_1\new\DualPort.sv:]
WARNING: [filemgmt 56-199] Attempt to get parsing info during refresh. "On-the-fly" syntax checking information may be incorrect. [C:\CSEE4280\GRP2ADD\FinalProject\MemVga\MemVga.srcs\sources_1\new\Starting_Pixels.v:]
WARNING: [filemgmt 56-199] Attempt to get parsing info during refresh. "On-the-fly" syntax checking information may be incorrect. [C:\CSEE4280\GRP2ADD\FinalProject\Processing\Processing.srcs\sources_1\new\Auto_Clk.v:]
WARNING: [filemgmt 56-199] Attempt to get parsing info during refresh. "On-the-fly" syntax checking information may be incorrect. [C:\CSEE4280\GRP2ADD\FinalProject\MemVga\MemVga.srcs\sources_1\imports\FinalProject\Mem\final_project\final_project.srcs\sources_1\new\Memory.sv:]
WARNING: [filemgmt 56-199] Attempt to get parsing info during refresh. "On-the-fly" syntax checking information may be incorrect. [C:\CSEE4280\GRP2ADD\FinalProject\Processing\Processing.srcs\sources_1\new\Auto_Control.v:]
WARNING: [filemgmt 56-199] Attempt to get parsing info during refresh. "On-the-fly" syntax checking information may be incorrect. [C:\CSEE4280\GRP2ADD\FinalProject\MemVga\MemVga.srcs\sources_1\imports\FinalProject\VGAOutput\VGAOutput.srcs\sources_1\new\VGA_Out.v:]
WARNING: [filemgmt 56-199] Attempt to get parsing info during refresh. "On-the-fly" syntax checking information may be incorrect. [C:\CSEE4280\GRP2ADD\FinalProject\Processing\Processing.srcs\sources_1\new\Auto_Clk.v:]
WARNING: [filemgmt 56-199] Attempt to get parsing info during refresh. "On-the-fly" syntax checking information may be incorrect. [C:\CSEE4280\GRP2ADD\FinalProject\Processing\Processing.srcs\sources_1\new\Auto_Clk.v:]
WARNING: [filemgmt 56-199] Attempt to get parsing info during refresh. "On-the-fly" syntax checking information may be incorrect. [C:\CSEE4280\GRP2ADD\FinalProject\MemVga\MemVga.srcs\sources_1\new\Top.sv:]
WARNING: [filemgmt 56-199] Attempt to get parsing info during refresh. "On-the-fly" syntax checking information may be incorrect. [C:\CSEE4280\GRP2ADD\FinalProject\MemVga\MemVga.srcs\sources_1\imports\FinalProject\Mem\final_project\final_project.srcs\sources_1\new\DualPort.sv:]
WARNING: [filemgmt 56-199] Attempt to get parsing info during refresh. "On-the-fly" syntax checking information may be incorrect. [C:\CSEE4280\GRP2ADD\FinalProject\MemVga\MemVga.srcs\sources_1\new\Starting_Pixels.v:]
WARNING: [filemgmt 56-199] Attempt to get parsing info during refresh. "On-the-fly" syntax checking information may be incorrect. [C:\CSEE4280\GRP2ADD\FinalProject\Processing\Processing.srcs\sources_1\new\Auto_Clk.v:]
WARNING: [filemgmt 56-199] Attempt to get parsing info during refresh. "On-the-fly" syntax checking information may be incorrect. [C:\CSEE4280\GRP2ADD\FinalProject\MemVga\MemVga.srcs\sources_1\imports\FinalProject\Mem\final_project\final_project.srcs\sources_1\new\Memory.sv:]
WARNING: [filemgmt 56-199] Attempt to get parsing info during refresh. "On-the-fly" syntax checking information may be incorrect. [C:\CSEE4280\GRP2ADD\FinalProject\Processing\Processing.srcs\sources_1\new\Auto_Control.v:]
WARNING: [filemgmt 56-199] Attempt to get parsing info during refresh. "On-the-fly" syntax checking information may be incorrect. [C:\CSEE4280\GRP2ADD\FinalProject\MemVga\MemVga.srcs\sources_1\imports\FinalProject\VGAOutput\VGAOutput.srcs\sources_1\new\VGA_Out.v:]
WARNING: [filemgmt 56-199] Attempt to get parsing info during refresh. "On-the-fly" syntax checking information may be incorrect. [C:\CSEE4280\GRP2ADD\FinalProject\MemVga\MemVga.srcs\sources_1\imports\FinalProject\Mem\final_project\final_project.srcs\sources_1\new\DualPort.sv:]
WARNING: [filemgmt 56-199] Attempt to get parsing info during refresh. "On-the-fly" syntax checking information may be incorrect. [C:\CSEE4280\GRP2ADD\FinalProject\MemVga\MemVga.srcs\sources_1\imports\FinalProject\Mem\final_project\final_project.srcs\sources_1\new\DualPort.sv:]
WARNING: [filemgmt 56-199] Attempt to get parsing info during refresh. "On-the-fly" syntax checking information may be incorrect. [C:\CSEE4280\GRP2ADD\FinalProject\MemVga\MemVga.srcs\sources_1\new\Top.sv:]
INFO: [Common 17-14] Message 'filemgmt 56-199' appears 100 times and further instances of the messages will be disabled. Use the Tcl command set_msg_config to change the current settings.
reset_run synth_1
INFO: [Project 1-1161] Replacing file C:/CSEE4280/GRP2ADD/FinalProject/MemVga/MemVga.srcs/utils_1/imports/synth_1/Top.dcp with file C:/CSEE4280/GRP2ADD/FinalProject/MemVga/MemVga.runs/synth_1/Top.dcp
launch_runs impl_1 -to_step write_bitstream -jobs 12
[Fri Apr 11 16:07:26 2025] Launched synth_1...
Run output will be captured here: C:/CSEE4280/GRP2ADD/FinalProject/MemVga/MemVga.runs/synth_1/runme.log
[Fri Apr 11 16:07:26 2025] Launched impl_1...
Run output will be captured here: C:/CSEE4280/GRP2ADD/FinalProject/MemVga/MemVga.runs/impl_1/runme.log
WARNING: [filemgmt 56-199] Attempt to get parsing info during refresh. "On-the-fly" syntax checking information may be incorrect. [C:\CSEE4280\GRP2ADD\FinalProject\MemVga\MemVga.srcs\sources_1\new\Top.sv:]
WARNING: [filemgmt 56-199] Attempt to get parsing info during refresh. "On-the-fly" syntax checking information may be incorrect. [C:\CSEE4280\GRP2ADD\FinalProject\MemVga\MemVga.srcs\sources_1\imports\FinalProject\Mem\final_project\final_project.srcs\sources_1\new\DualPort.sv:]
WARNING: [filemgmt 56-199] Attempt to get parsing info during refresh. "On-the-fly" syntax checking information may be incorrect. [C:\CSEE4280\GRP2ADD\FinalProject\MemVga\MemVga.srcs\sources_1\new\Starting_Pixels.v:]
WARNING: [filemgmt 56-199] Attempt to get parsing info during refresh. "On-the-fly" syntax checking information may be incorrect. [C:\CSEE4280\GRP2ADD\FinalProject\Processing\Processing.srcs\sources_1\new\Auto_Clk.v:]
WARNING: [filemgmt 56-199] Attempt to get parsing info during refresh. "On-the-fly" syntax checking information may be incorrect. [C:\CSEE4280\GRP2ADD\FinalProject\MemVga\MemVga.srcs\sources_1\imports\FinalProject\Mem\final_project\final_project.srcs\sources_1\new\Memory.sv:]
WARNING: [filemgmt 56-199] Attempt to get parsing info during refresh. "On-the-fly" syntax checking information may be incorrect. [C:\CSEE4280\GRP2ADD\FinalProject\Processing\Processing.srcs\sources_1\new\Auto_Control.v:]
WARNING: [filemgmt 56-199] Attempt to get parsing info during refresh. "On-the-fly" syntax checking information may be incorrect. [C:\CSEE4280\GRP2ADD\FinalProject\MemVga\MemVga.srcs\sources_1\imports\FinalProject\VGAOutput\VGAOutput.srcs\sources_1\new\VGA_Out.v:]
WARNING: [filemgmt 56-199] Attempt to get parsing info during refresh. "On-the-fly" syntax checking information may be incorrect. [C:\CSEE4280\GRP2ADD\FinalProject\MemVga\MemVga.srcs\sources_1\new\Top.sv:]
WARNING: [filemgmt 56-199] Attempt to get parsing info during refresh. "On-the-fly" syntax checking information may be incorrect. [C:\CSEE4280\GRP2ADD\FinalProject\MemVga\MemVga.srcs\sources_1\new\Top.sv:]
WARNING: [filemgmt 56-199] Attempt to get parsing info during refresh. "On-the-fly" syntax checking information may be incorrect. [C:\CSEE4280\GRP2ADD\FinalProject\MemVga\MemVga.srcs\sources_1\new\Top.sv:]
WARNING: [filemgmt 56-199] Attempt to get parsing info during refresh. "On-the-fly" syntax checking information may be incorrect. [C:\CSEE4280\GRP2ADD\FinalProject\MemVga\MemVga.srcs\sources_1\imports\FinalProject\Mem\final_project\final_project.srcs\sources_1\new\DualPort.sv:]
WARNING: [filemgmt 56-199] Attempt to get parsing info during refresh. "On-the-fly" syntax checking information may be incorrect. [C:\CSEE4280\GRP2ADD\FinalProject\MemVga\MemVga.srcs\sources_1\new\Starting_Pixels.v:]
WARNING: [filemgmt 56-199] Attempt to get parsing info during refresh. "On-the-fly" syntax checking information may be incorrect. [C:\CSEE4280\GRP2ADD\FinalProject\Processing\Processing.srcs\sources_1\new\Auto_Clk.v:]
WARNING: [filemgmt 56-199] Attempt to get parsing info during refresh. "On-the-fly" syntax checking information may be incorrect. [C:\CSEE4280\GRP2ADD\FinalProject\MemVga\MemVga.srcs\sources_1\imports\FinalProject\Mem\final_project\final_project.srcs\sources_1\new\Memory.sv:]
WARNING: [filemgmt 56-199] Attempt to get parsing info during refresh. "On-the-fly" syntax checking information may be incorrect. [C:\CSEE4280\GRP2ADD\FinalProject\Processing\Processing.srcs\sources_1\new\Auto_Control.v:]
WARNING: [filemgmt 56-199] Attempt to get parsing info during refresh. "On-the-fly" syntax checking information may be incorrect. [C:\CSEE4280\GRP2ADD\FinalProject\MemVga\MemVga.srcs\sources_1\imports\FinalProject\VGAOutput\VGAOutput.srcs\sources_1\new\VGA_Out.v:]
WARNING: [filemgmt 56-199] Attempt to get parsing info during refresh. "On-the-fly" syntax checking information may be incorrect. [C:\CSEE4280\GRP2ADD\FinalProject\MemVga\MemVga.srcs\sources_1\new\Starting_Pixels.v:]
WARNING: [filemgmt 56-199] Attempt to get parsing info during refresh. "On-the-fly" syntax checking information may be incorrect. [C:\CSEE4280\GRP2ADD\FinalProject\MemVga\MemVga.srcs\sources_1\new\Starting_Pixels.v:]
WARNING: [filemgmt 56-199] Attempt to get parsing info during refresh. "On-the-fly" syntax checking information may be incorrect. [C:\CSEE4280\GRP2ADD\FinalProject\MemVga\MemVga.srcs\sources_1\new\Top.sv:]
WARNING: [filemgmt 56-199] Attempt to get parsing info during refresh. "On-the-fly" syntax checking information may be incorrect. [C:\CSEE4280\GRP2ADD\FinalProject\MemVga\MemVga.srcs\sources_1\imports\FinalProject\Mem\final_project\final_project.srcs\sources_1\new\DualPort.sv:]
WARNING: [filemgmt 56-199] Attempt to get parsing info during refresh. "On-the-fly" syntax checking information may be incorrect. [C:\CSEE4280\GRP2ADD\FinalProject\MemVga\MemVga.srcs\sources_1\new\Starting_Pixels.v:]
WARNING: [filemgmt 56-199] Attempt to get parsing info during refresh. "On-the-fly" syntax checking information may be incorrect. [C:\CSEE4280\GRP2ADD\FinalProject\Processing\Processing.srcs\sources_1\new\Auto_Clk.v:]
WARNING: [filemgmt 56-199] Attempt to get parsing info during refresh. "On-the-fly" syntax checking information may be incorrect. [C:\CSEE4280\GRP2ADD\FinalProject\MemVga\MemVga.srcs\sources_1\imports\FinalProject\Mem\final_project\final_project.srcs\sources_1\new\Memory.sv:]
WARNING: [filemgmt 56-199] Attempt to get parsing info during refresh. "On-the-fly" syntax checking information may be incorrect. [C:\CSEE4280\GRP2ADD\FinalProject\Processing\Processing.srcs\sources_1\new\Auto_Control.v:]
WARNING: [filemgmt 56-199] Attempt to get parsing info during refresh. "On-the-fly" syntax checking information may be incorrect. [C:\CSEE4280\GRP2ADD\FinalProject\MemVga\MemVga.srcs\sources_1\imports\FinalProject\VGAOutput\VGAOutput.srcs\sources_1\new\VGA_Out.v:]
WARNING: [filemgmt 56-199] Attempt to get parsing info during refresh. "On-the-fly" syntax checking information may be incorrect. [C:\CSEE4280\GRP2ADD\FinalProject\Processing\Processing.srcs\sources_1\new\Auto_Clk.v:]
WARNING: [filemgmt 56-199] Attempt to get parsing info during refresh. "On-the-fly" syntax checking information may be incorrect. [C:\CSEE4280\GRP2ADD\FinalProject\Processing\Processing.srcs\sources_1\new\Auto_Clk.v:]
WARNING: [filemgmt 56-199] Attempt to get parsing info during refresh. "On-the-fly" syntax checking information may be incorrect. [C:\CSEE4280\GRP2ADD\FinalProject\MemVga\MemVga.srcs\sources_1\new\Top.sv:]
WARNING: [filemgmt 56-199] Attempt to get parsing info during refresh. "On-the-fly" syntax checking information may be incorrect. [C:\CSEE4280\GRP2ADD\FinalProject\MemVga\MemVga.srcs\sources_1\imports\FinalProject\Mem\final_project\final_project.srcs\sources_1\new\DualPort.sv:]
WARNING: [filemgmt 56-199] Attempt to get parsing info during refresh. "On-the-fly" syntax checking information may be incorrect. [C:\CSEE4280\GRP2ADD\FinalProject\MemVga\MemVga.srcs\sources_1\new\Starting_Pixels.v:]
WARNING: [filemgmt 56-199] Attempt to get parsing info during refresh. "On-the-fly" syntax checking information may be incorrect. [C:\CSEE4280\GRP2ADD\FinalProject\Processing\Processing.srcs\sources_1\new\Auto_Clk.v:]
WARNING: [filemgmt 56-199] Attempt to get parsing info during refresh. "On-the-fly" syntax checking information may be incorrect. [C:\CSEE4280\GRP2ADD\FinalProject\MemVga\MemVga.srcs\sources_1\imports\FinalProject\Mem\final_project\final_project.srcs\sources_1\new\Memory.sv:]
WARNING: [filemgmt 56-199] Attempt to get parsing info during refresh. "On-the-fly" syntax checking information may be incorrect. [C:\CSEE4280\GRP2ADD\FinalProject\Processing\Processing.srcs\sources_1\new\Auto_Control.v:]
WARNING: [filemgmt 56-199] Attempt to get parsing info during refresh. "On-the-fly" syntax checking information may be incorrect. [C:\CSEE4280\GRP2ADD\FinalProject\MemVga\MemVga.srcs\sources_1\imports\FinalProject\VGAOutput\VGAOutput.srcs\sources_1\new\VGA_Out.v:]
WARNING: [filemgmt 56-199] Attempt to get parsing info during refresh. "On-the-fly" syntax checking information may be incorrect. [C:\CSEE4280\GRP2ADD\FinalProject\MemVga\MemVga.srcs\sources_1\imports\FinalProject\Mem\final_project\final_project.srcs\sources_1\new\DualPort.sv:]
WARNING: [filemgmt 56-199] Attempt to get parsing info during refresh. "On-the-fly" syntax checking information may be incorrect. [C:\CSEE4280\GRP2ADD\FinalProject\MemVga\MemVga.srcs\sources_1\imports\FinalProject\Mem\final_project\final_project.srcs\sources_1\new\DualPort.sv:]
WARNING: [filemgmt 56-199] Attempt to get parsing info during refresh. "On-the-fly" syntax checking information may be incorrect. [C:\CSEE4280\GRP2ADD\FinalProject\MemVga\MemVga.srcs\sources_1\new\Top.sv:]
WARNING: [filemgmt 56-199] Attempt to get parsing info during refresh. "On-the-fly" syntax checking information may be incorrect. [C:\CSEE4280\GRP2ADD\FinalProject\MemVga\MemVga.srcs\sources_1\imports\FinalProject\Mem\final_project\final_project.srcs\sources_1\new\DualPort.sv:]
WARNING: [filemgmt 56-199] Attempt to get parsing info during refresh. "On-the-fly" syntax checking information may be incorrect. [C:\CSEE4280\GRP2ADD\FinalProject\MemVga\MemVga.srcs\sources_1\new\Starting_Pixels.v:]
WARNING: [filemgmt 56-199] Attempt to get parsing info during refresh. "On-the-fly" syntax checking information may be incorrect. [C:\CSEE4280\GRP2ADD\FinalProject\Processing\Processing.srcs\sources_1\new\Auto_Clk.v:]
WARNING: [filemgmt 56-199] Attempt to get parsing info during refresh. "On-the-fly" syntax checking information may be incorrect. [C:\CSEE4280\GRP2ADD\FinalProject\MemVga\MemVga.srcs\sources_1\imports\FinalProject\Mem\final_project\final_project.srcs\sources_1\new\Memory.sv:]
WARNING: [filemgmt 56-199] Attempt to get parsing info during refresh. "On-the-fly" syntax checking information may be incorrect. [C:\CSEE4280\GRP2ADD\FinalProject\Processing\Processing.srcs\sources_1\new\Auto_Control.v:]
WARNING: [filemgmt 56-199] Attempt to get parsing info during refresh. "On-the-fly" syntax checking information may be incorrect. [C:\CSEE4280\GRP2ADD\FinalProject\MemVga\MemVga.srcs\sources_1\imports\FinalProject\VGAOutput\VGAOutput.srcs\sources_1\new\VGA_Out.v:]
WARNING: [filemgmt 56-199] Attempt to get parsing info during refresh. "On-the-fly" syntax checking information may be incorrect. [C:\CSEE4280\GRP2ADD\FinalProject\MemVga\MemVga.srcs\sources_1\imports\FinalProject\VGAOutput\VGAOutput.srcs\sources_1\new\VGA_Out.v:]
WARNING: [filemgmt 56-199] Attempt to get parsing info during refresh. "On-the-fly" syntax checking information may be incorrect. [C:\CSEE4280\GRP2ADD\FinalProject\MemVga\MemVga.srcs\sources_1\imports\FinalProject\VGAOutput\VGAOutput.srcs\sources_1\new\VGA_Out.v:]
WARNING: [filemgmt 56-199] Attempt to get parsing info during refresh. "On-the-fly" syntax checking information may be incorrect. [C:\CSEE4280\GRP2ADD\FinalProject\MemVga\MemVga.srcs\sources_1\new\Top.sv:]
WARNING: [filemgmt 56-199] Attempt to get parsing info during refresh. "On-the-fly" syntax checking information may be incorrect. [C:\CSEE4280\GRP2ADD\FinalProject\MemVga\MemVga.srcs\sources_1\imports\FinalProject\Mem\final_project\final_project.srcs\sources_1\new\DualPort.sv:]
WARNING: [filemgmt 56-199] Attempt to get parsing info during refresh. "On-the-fly" syntax checking information may be incorrect. [C:\CSEE4280\GRP2ADD\FinalProject\MemVga\MemVga.srcs\sources_1\new\Starting_Pixels.v:]
WARNING: [filemgmt 56-199] Attempt to get parsing info during refresh. "On-the-fly" syntax checking information may be incorrect. [C:\CSEE4280\GRP2ADD\FinalProject\Processing\Processing.srcs\sources_1\new\Auto_Clk.v:]
WARNING: [filemgmt 56-199] Attempt to get parsing info during refresh. "On-the-fly" syntax checking information may be incorrect. [C:\CSEE4280\GRP2ADD\FinalProject\MemVga\MemVga.srcs\sources_1\imports\FinalProject\Mem\final_project\final_project.srcs\sources_1\new\Memory.sv:]
WARNING: [filemgmt 56-199] Attempt to get parsing info during refresh. "On-the-fly" syntax checking information may be incorrect. [C:\CSEE4280\GRP2ADD\FinalProject\Processing\Processing.srcs\sources_1\new\Auto_Control.v:]
WARNING: [filemgmt 56-199] Attempt to get parsing info during refresh. "On-the-fly" syntax checking information may be incorrect. [C:\CSEE4280\GRP2ADD\FinalProject\MemVga\MemVga.srcs\sources_1\imports\FinalProject\VGAOutput\VGAOutput.srcs\sources_1\new\VGA_Out.v:]
WARNING: [filemgmt 56-199] Attempt to get parsing info during refresh. "On-the-fly" syntax checking information may be incorrect. [C:\CSEE4280\GRP2ADD\FinalProject\MemVga\MemVga.srcs\sources_1\imports\FinalProject\Mem\final_project\final_project.srcs\sources_1\new\Memory.sv:]
WARNING: [filemgmt 56-199] Attempt to get parsing info during refresh. "On-the-fly" syntax checking information may be incorrect. [C:\CSEE4280\GRP2ADD\FinalProject\MemVga\MemVga.srcs\sources_1\imports\FinalProject\Mem\final_project\final_project.srcs\sources_1\new\Memory.sv:]
WARNING: [filemgmt 56-199] Attempt to get parsing info during refresh. "On-the-fly" syntax checking information may be incorrect. [C:\CSEE4280\GRP2ADD\FinalProject\MemVga\MemVga.srcs\sources_1\new\Top.sv:]
WARNING: [filemgmt 56-199] Attempt to get parsing info during refresh. "On-the-fly" syntax checking information may be incorrect. [C:\CSEE4280\GRP2ADD\FinalProject\MemVga\MemVga.srcs\sources_1\imports\FinalProject\Mem\final_project\final_project.srcs\sources_1\new\DualPort.sv:]
WARNING: [filemgmt 56-199] Attempt to get parsing info during refresh. "On-the-fly" syntax checking information may be incorrect. [C:\CSEE4280\GRP2ADD\FinalProject\MemVga\MemVga.srcs\sources_1\new\Starting_Pixels.v:]
WARNING: [filemgmt 56-199] Attempt to get parsing info during refresh. "On-the-fly" syntax checking information may be incorrect. [C:\CSEE4280\GRP2ADD\FinalProject\Processing\Processing.srcs\sources_1\new\Auto_Clk.v:]
WARNING: [filemgmt 56-199] Attempt to get parsing info during refresh. "On-the-fly" syntax checking information may be incorrect. [C:\CSEE4280\GRP2ADD\FinalProject\MemVga\MemVga.srcs\sources_1\imports\FinalProject\Mem\final_project\final_project.srcs\sources_1\new\Memory.sv:]
WARNING: [filemgmt 56-199] Attempt to get parsing info during refresh. "On-the-fly" syntax checking information may be incorrect. [C:\CSEE4280\GRP2ADD\FinalProject\Processing\Processing.srcs\sources_1\new\Auto_Control.v:]
WARNING: [filemgmt 56-199] Attempt to get parsing info during refresh. "On-the-fly" syntax checking information may be incorrect. [C:\CSEE4280\GRP2ADD\FinalProject\MemVga\MemVga.srcs\sources_1\imports\FinalProject\VGAOutput\VGAOutput.srcs\sources_1\new\VGA_Out.v:]
WARNING: [filemgmt 56-199] Attempt to get parsing info during refresh. "On-the-fly" syntax checking information may be incorrect. [C:\CSEE4280\GRP2ADD\FinalProject\MemVga\MemVga.srcs\sources_1\new\Starting_Pixels.v:]
WARNING: [filemgmt 56-199] Attempt to get parsing info during refresh. "On-the-fly" syntax checking information may be incorrect. [C:\CSEE4280\GRP2ADD\FinalProject\MemVga\MemVga.srcs\sources_1\new\Starting_Pixels.v:]
WARNING: [filemgmt 56-199] Attempt to get parsing info during refresh. "On-the-fly" syntax checking information may be incorrect. [C:\CSEE4280\GRP2ADD\FinalProject\MemVga\MemVga.srcs\sources_1\new\Top.sv:]
WARNING: [filemgmt 56-199] Attempt to get parsing info during refresh. "On-the-fly" syntax checking information may be incorrect. [C:\CSEE4280\GRP2ADD\FinalProject\MemVga\MemVga.srcs\sources_1\imports\FinalProject\Mem\final_project\final_project.srcs\sources_1\new\DualPort.sv:]
WARNING: [filemgmt 56-199] Attempt to get parsing info during refresh. "On-the-fly" syntax checking information may be incorrect. [C:\CSEE4280\GRP2ADD\FinalProject\MemVga\MemVga.srcs\sources_1\new\Starting_Pixels.v:]
WARNING: [filemgmt 56-199] Attempt to get parsing info during refresh. "On-the-fly" syntax checking information may be incorrect. [C:\CSEE4280\GRP2ADD\FinalProject\Processing\Processing.srcs\sources_1\new\Auto_Clk.v:]
WARNING: [filemgmt 56-199] Attempt to get parsing info during refresh. "On-the-fly" syntax checking information may be incorrect. [C:\CSEE4280\GRP2ADD\FinalProject\MemVga\MemVga.srcs\sources_1\imports\FinalProject\Mem\final_project\final_project.srcs\sources_1\new\Memory.sv:]
WARNING: [filemgmt 56-199] Attempt to get parsing info during refresh. "On-the-fly" syntax checking information may be incorrect. [C:\CSEE4280\GRP2ADD\FinalProject\Processing\Processing.srcs\sources_1\new\Auto_Control.v:]
WARNING: [filemgmt 56-199] Attempt to get parsing info during refresh. "On-the-fly" syntax checking information may be incorrect. [C:\CSEE4280\GRP2ADD\FinalProject\MemVga\MemVga.srcs\sources_1\imports\FinalProject\VGAOutput\VGAOutput.srcs\sources_1\new\VGA_Out.v:]
WARNING: [filemgmt 56-199] Attempt to get parsing info during refresh. "On-the-fly" syntax checking information may be incorrect. [C:\CSEE4280\GRP2ADD\FinalProject\MemVga\MemVga.srcs\sources_1\new\Top.sv:]
WARNING: [filemgmt 56-199] Attempt to get parsing info during refresh. "On-the-fly" syntax checking information may be incorrect. [C:\CSEE4280\GRP2ADD\FinalProject\MemVga\MemVga.srcs\sources_1\new\Top.sv:]
WARNING: [filemgmt 56-199] Attempt to get parsing info during refresh. "On-the-fly" syntax checking information may be incorrect. [C:\CSEE4280\GRP2ADD\FinalProject\MemVga\MemVga.srcs\sources_1\new\Top.sv:]
WARNING: [filemgmt 56-199] Attempt to get parsing info during refresh. "On-the-fly" syntax checking information may be incorrect. [C:\CSEE4280\GRP2ADD\FinalProject\MemVga\MemVga.srcs\sources_1\imports\FinalProject\Mem\final_project\final_project.srcs\sources_1\new\DualPort.sv:]
WARNING: [filemgmt 56-199] Attempt to get parsing info during refresh. "On-the-fly" syntax checking information may be incorrect. [C:\CSEE4280\GRP2ADD\FinalProject\MemVga\MemVga.srcs\sources_1\new\Starting_Pixels.v:]
WARNING: [filemgmt 56-199] Attempt to get parsing info during refresh. "On-the-fly" syntax checking information may be incorrect. [C:\CSEE4280\GRP2ADD\FinalProject\Processing\Processing.srcs\sources_1\new\Auto_Clk.v:]
WARNING: [filemgmt 56-199] Attempt to get parsing info during refresh. "On-the-fly" syntax checking information may be incorrect. [C:\CSEE4280\GRP2ADD\FinalProject\MemVga\MemVga.srcs\sources_1\imports\FinalProject\Mem\final_project\final_project.srcs\sources_1\new\Memory.sv:]
WARNING: [filemgmt 56-199] Attempt to get parsing info during refresh. "On-the-fly" syntax checking information may be incorrect. [C:\CSEE4280\GRP2ADD\FinalProject\Processing\Processing.srcs\sources_1\new\Auto_Control.v:]
WARNING: [filemgmt 56-199] Attempt to get parsing info during refresh. "On-the-fly" syntax checking information may be incorrect. [C:\CSEE4280\GRP2ADD\FinalProject\MemVga\MemVga.srcs\sources_1\imports\FinalProject\VGAOutput\VGAOutput.srcs\sources_1\new\VGA_Out.v:]
WARNING: [filemgmt 56-199] Attempt to get parsing info during refresh. "On-the-fly" syntax checking information may be incorrect. [C:\CSEE4280\GRP2ADD\FinalProject\Processing\Processing.srcs\sources_1\new\Auto_Control.v:]
WARNING: [filemgmt 56-199] Attempt to get parsing info during refresh. "On-the-fly" syntax checking information may be incorrect. [C:\CSEE4280\GRP2ADD\FinalProject\Processing\Processing.srcs\sources_1\new\Auto_Control.v:]
WARNING: [filemgmt 56-199] Attempt to get parsing info during refresh. "On-the-fly" syntax checking information may be incorrect. [C:\CSEE4280\GRP2ADD\FinalProject\MemVga\MemVga.srcs\sources_1\new\Top.sv:]
WARNING: [filemgmt 56-199] Attempt to get parsing info during refresh. "On-the-fly" syntax checking information may be incorrect. [C:\CSEE4280\GRP2ADD\FinalProject\MemVga\MemVga.srcs\sources_1\imports\FinalProject\Mem\final_project\final_project.srcs\sources_1\new\DualPort.sv:]
WARNING: [filemgmt 56-199] Attempt to get parsing info during refresh. "On-the-fly" syntax checking information may be incorrect. [C:\CSEE4280\GRP2ADD\FinalProject\MemVga\MemVga.srcs\sources_1\new\Starting_Pixels.v:]
WARNING: [filemgmt 56-199] Attempt to get parsing info during refresh. "On-the-fly" syntax checking information may be incorrect. [C:\CSEE4280\GRP2ADD\FinalProject\Processing\Processing.srcs\sources_1\new\Auto_Clk.v:]
WARNING: [filemgmt 56-199] Attempt to get parsing info during refresh. "On-the-fly" syntax checking information may be incorrect. [C:\CSEE4280\GRP2ADD\FinalProject\MemVga\MemVga.srcs\sources_1\imports\FinalProject\Mem\final_project\final_project.srcs\sources_1\new\Memory.sv:]
WARNING: [filemgmt 56-199] Attempt to get parsing info during refresh. "On-the-fly" syntax checking information may be incorrect. [C:\CSEE4280\GRP2ADD\FinalProject\Processing\Processing.srcs\sources_1\new\Auto_Control.v:]
WARNING: [filemgmt 56-199] Attempt to get parsing info during refresh. "On-the-fly" syntax checking information may be incorrect. [C:\CSEE4280\GRP2ADD\FinalProject\MemVga\MemVga.srcs\sources_1\imports\FinalProject\VGAOutput\VGAOutput.srcs\sources_1\new\VGA_Out.v:]
WARNING: [filemgmt 56-199] Attempt to get parsing info during refresh. "On-the-fly" syntax checking information may be incorrect. [C:\CSEE4280\GRP2ADD\FinalProject\Processing\Processing.srcs\sources_1\new\Auto_Clk.v:]
WARNING: [filemgmt 56-199] Attempt to get parsing info during refresh. "On-the-fly" syntax checking information may be incorrect. [C:\CSEE4280\GRP2ADD\FinalProject\Processing\Processing.srcs\sources_1\new\Auto_Clk.v:]
WARNING: [filemgmt 56-199] Attempt to get parsing info during refresh. "On-the-fly" syntax checking information may be incorrect. [C:\CSEE4280\GRP2ADD\FinalProject\MemVga\MemVga.srcs\sources_1\new\Top.sv:]
WARNING: [filemgmt 56-199] Attempt to get parsing info during refresh. "On-the-fly" syntax checking information may be incorrect. [C:\CSEE4280\GRP2ADD\FinalProject\MemVga\MemVga.srcs\sources_1\imports\FinalProject\Mem\final_project\final_project.srcs\sources_1\new\DualPort.sv:]
WARNING: [filemgmt 56-199] Attempt to get parsing info during refresh. "On-the-fly" syntax checking information may be incorrect. [C:\CSEE4280\GRP2ADD\FinalProject\MemVga\MemVga.srcs\sources_1\new\Starting_Pixels.v:]
WARNING: [filemgmt 56-199] Attempt to get parsing info during refresh. "On-the-fly" syntax checking information may be incorrect. [C:\CSEE4280\GRP2ADD\FinalProject\Processing\Processing.srcs\sources_1\new\Auto_Clk.v:]
WARNING: [filemgmt 56-199] Attempt to get parsing info during refresh. "On-the-fly" syntax checking information may be incorrect. [C:\CSEE4280\GRP2ADD\FinalProject\MemVga\MemVga.srcs\sources_1\imports\FinalProject\Mem\final_project\final_project.srcs\sources_1\new\Memory.sv:]
WARNING: [filemgmt 56-199] Attempt to get parsing info during refresh. "On-the-fly" syntax checking information may be incorrect. [C:\CSEE4280\GRP2ADD\FinalProject\Processing\Processing.srcs\sources_1\new\Auto_Control.v:]
WARNING: [filemgmt 56-199] Attempt to get parsing info during refresh. "On-the-fly" syntax checking information may be incorrect. [C:\CSEE4280\GRP2ADD\FinalProject\MemVga\MemVga.srcs\sources_1\imports\FinalProject\VGAOutput\VGAOutput.srcs\sources_1\new\VGA_Out.v:]
WARNING: [filemgmt 56-199] Attempt to get parsing info during refresh. "On-the-fly" syntax checking information may be incorrect. [C:\CSEE4280\GRP2ADD\FinalProject\MemVga\MemVga.srcs\sources_1\imports\FinalProject\VGAOutput\VGAOutput.srcs\sources_1\new\VGA_Out.v:]
WARNING: [filemgmt 56-199] Attempt to get parsing info during refresh. "On-the-fly" syntax checking information may be incorrect. [C:\CSEE4280\GRP2ADD\FinalProject\MemVga\MemVga.srcs\sources_1\imports\FinalProject\VGAOutput\VGAOutput.srcs\sources_1\new\VGA_Out.v:]
WARNING: [filemgmt 56-199] Attempt to get parsing info during refresh. "On-the-fly" syntax checking information may be incorrect. [C:\CSEE4280\GRP2ADD\FinalProject\MemVga\MemVga.srcs\sources_1\new\Top.sv:]
INFO: [Common 17-14] Message 'filemgmt 56-199' appears 100 times and further instances of the messages will be disabled. Use the Tcl command set_msg_config to change the current settings.
set_property file_type SystemVerilog [get_files  C:/CSEE4280/GRP2ADD/FinalProject/MemVga/MemVga.srcs/sources_1/new/Starting_Pixels.v]
WARNING: [filemgmt 56-199] Attempt to get parsing info during refresh. "On-the-fly" syntax checking information may be incorrect. [C:\CSEE4280\GRP2ADD\FinalProject\MemVga\MemVga.srcs\sources_1\new\Top.sv:]
WARNING: [filemgmt 56-199] Attempt to get parsing info during refresh. "On-the-fly" syntax checking information may be incorrect. [C:\CSEE4280\GRP2ADD\FinalProject\MemVga\MemVga.srcs\sources_1\imports\FinalProject\Mem\final_project\final_project.srcs\sources_1\new\DualPort.sv:]
WARNING: [filemgmt 56-199] Attempt to get parsing info during refresh. "On-the-fly" syntax checking information may be incorrect. [C:\CSEE4280\GRP2ADD\FinalProject\MemVga\MemVga.srcs\sources_1\new\Starting_Pixels.v:]
WARNING: [filemgmt 56-199] Attempt to get parsing info during refresh. "On-the-fly" syntax checking information may be incorrect. [C:\CSEE4280\GRP2ADD\FinalProject\Processing\Processing.srcs\sources_1\new\Auto_Clk.v:]
WARNING: [filemgmt 56-199] Attempt to get parsing info during refresh. "On-the-fly" syntax checking information may be incorrect. [C:\CSEE4280\GRP2ADD\FinalProject\MemVga\MemVga.srcs\sources_1\imports\FinalProject\Mem\final_project\final_project.srcs\sources_1\new\Memory.sv:]
WARNING: [filemgmt 56-199] Attempt to get parsing info during refresh. "On-the-fly" syntax checking information may be incorrect. [C:\CSEE4280\GRP2ADD\FinalProject\Processing\Processing.srcs\sources_1\new\Auto_Control.v:]
WARNING: [filemgmt 56-199] Attempt to get parsing info during refresh. "On-the-fly" syntax checking information may be incorrect. [C:\CSEE4280\GRP2ADD\FinalProject\MemVga\MemVga.srcs\sources_1\imports\FinalProject\VGAOutput\VGAOutput.srcs\sources_1\new\VGA_Out.v:]
WARNING: [filemgmt 56-199] Attempt to get parsing info during refresh. "On-the-fly" syntax checking information may be incorrect. [C:\CSEE4280\GRP2ADD\FinalProject\MemVga\MemVga.srcs\sources_1\new\Top.sv:]
WARNING: [filemgmt 56-199] Attempt to get parsing info during refresh. "On-the-fly" syntax checking information may be incorrect. [C:\CSEE4280\GRP2ADD\FinalProject\MemVga\MemVga.srcs\sources_1\new\Top.sv:]
WARNING: [filemgmt 56-199] Attempt to get parsing info during refresh. "On-the-fly" syntax checking information may be incorrect. [C:\CSEE4280\GRP2ADD\FinalProject\MemVga\MemVga.srcs\sources_1\new\Top.sv:]
WARNING: [filemgmt 56-199] Attempt to get parsing info during refresh. "On-the-fly" syntax checking information may be incorrect. [C:\CSEE4280\GRP2ADD\FinalProject\MemVga\MemVga.srcs\sources_1\imports\FinalProject\Mem\final_project\final_project.srcs\sources_1\new\DualPort.sv:]
WARNING: [filemgmt 56-199] Attempt to get parsing info during refresh. "On-the-fly" syntax checking information may be incorrect. [C:\CSEE4280\GRP2ADD\FinalProject\MemVga\MemVga.srcs\sources_1\new\Starting_Pixels.v:]
WARNING: [filemgmt 56-199] Attempt to get parsing info during refresh. "On-the-fly" syntax checking information may be incorrect. [C:\CSEE4280\GRP2ADD\FinalProject\Processing\Processing.srcs\sources_1\new\Auto_Clk.v:]
WARNING: [filemgmt 56-199] Attempt to get parsing info during refresh. "On-the-fly" syntax checking information may be incorrect. [C:\CSEE4280\GRP2ADD\FinalProject\MemVga\MemVga.srcs\sources_1\imports\FinalProject\Mem\final_project\final_project.srcs\sources_1\new\Memory.sv:]
WARNING: [filemgmt 56-199] Attempt to get parsing info during refresh. "On-the-fly" syntax checking information may be incorrect. [C:\CSEE4280\GRP2ADD\FinalProject\Processing\Processing.srcs\sources_1\new\Auto_Control.v:]
WARNING: [filemgmt 56-199] Attempt to get parsing info during refresh. "On-the-fly" syntax checking information may be incorrect. [C:\CSEE4280\GRP2ADD\FinalProject\MemVga\MemVga.srcs\sources_1\imports\FinalProject\VGAOutput\VGAOutput.srcs\sources_1\new\VGA_Out.v:]
WARNING: [filemgmt 56-199] Attempt to get parsing info during refresh. "On-the-fly" syntax checking information may be incorrect. [C:\CSEE4280\GRP2ADD\FinalProject\MemVga\MemVga.srcs\sources_1\new\Starting_Pixels.v:]
WARNING: [filemgmt 56-199] Attempt to get parsing info during refresh. "On-the-fly" syntax checking information may be incorrect. [C:\CSEE4280\GRP2ADD\FinalProject\MemVga\MemVga.srcs\sources_1\new\Starting_Pixels.v:]
WARNING: [filemgmt 56-199] Attempt to get parsing info during refresh. "On-the-fly" syntax checking information may be incorrect. [C:\CSEE4280\GRP2ADD\FinalProject\MemVga\MemVga.srcs\sources_1\new\Top.sv:]
WARNING: [filemgmt 56-199] Attempt to get parsing info during refresh. "On-the-fly" syntax checking information may be incorrect. [C:\CSEE4280\GRP2ADD\FinalProject\MemVga\MemVga.srcs\sources_1\imports\FinalProject\Mem\final_project\final_project.srcs\sources_1\new\DualPort.sv:]
WARNING: [filemgmt 56-199] Attempt to get parsing info during refresh. "On-the-fly" syntax checking information may be incorrect. [C:\CSEE4280\GRP2ADD\FinalProject\MemVga\MemVga.srcs\sources_1\new\Starting_Pixels.v:]
WARNING: [filemgmt 56-199] Attempt to get parsing info during refresh. "On-the-fly" syntax checking information may be incorrect. [C:\CSEE4280\GRP2ADD\FinalProject\Processing\Processing.srcs\sources_1\new\Auto_Clk.v:]
WARNING: [filemgmt 56-199] Attempt to get parsing info during refresh. "On-the-fly" syntax checking information may be incorrect. [C:\CSEE4280\GRP2ADD\FinalProject\MemVga\MemVga.srcs\sources_1\imports\FinalProject\Mem\final_project\final_project.srcs\sources_1\new\Memory.sv:]
WARNING: [filemgmt 56-199] Attempt to get parsing info during refresh. "On-the-fly" syntax checking information may be incorrect. [C:\CSEE4280\GRP2ADD\FinalProject\Processing\Processing.srcs\sources_1\new\Auto_Control.v:]
WARNING: [filemgmt 56-199] Attempt to get parsing info during refresh. "On-the-fly" syntax checking information may be incorrect. [C:\CSEE4280\GRP2ADD\FinalProject\MemVga\MemVga.srcs\sources_1\imports\FinalProject\VGAOutput\VGAOutput.srcs\sources_1\new\VGA_Out.v:]
WARNING: [filemgmt 56-199] Attempt to get parsing info during refresh. "On-the-fly" syntax checking information may be incorrect. [C:\CSEE4280\GRP2ADD\FinalProject\Processing\Processing.srcs\sources_1\new\Auto_Clk.v:]
WARNING: [filemgmt 56-199] Attempt to get parsing info during refresh. "On-the-fly" syntax checking information may be incorrect. [C:\CSEE4280\GRP2ADD\FinalProject\Processing\Processing.srcs\sources_1\new\Auto_Clk.v:]
WARNING: [filemgmt 56-199] Attempt to get parsing info during refresh. "On-the-fly" syntax checking information may be incorrect. [C:\CSEE4280\GRP2ADD\FinalProject\MemVga\MemVga.srcs\sources_1\new\Top.sv:]
WARNING: [filemgmt 56-199] Attempt to get parsing info during refresh. "On-the-fly" syntax checking information may be incorrect. [C:\CSEE4280\GRP2ADD\FinalProject\MemVga\MemVga.srcs\sources_1\imports\FinalProject\Mem\final_project\final_project.srcs\sources_1\new\DualPort.sv:]
WARNING: [filemgmt 56-199] Attempt to get parsing info during refresh. "On-the-fly" syntax checking information may be incorrect. [C:\CSEE4280\GRP2ADD\FinalProject\MemVga\MemVga.srcs\sources_1\new\Starting_Pixels.v:]
WARNING: [filemgmt 56-199] Attempt to get parsing info during refresh. "On-the-fly" syntax checking information may be incorrect. [C:\CSEE4280\GRP2ADD\FinalProject\Processing\Processing.srcs\sources_1\new\Auto_Clk.v:]
WARNING: [filemgmt 56-199] Attempt to get parsing info during refresh. "On-the-fly" syntax checking information may be incorrect. [C:\CSEE4280\GRP2ADD\FinalProject\MemVga\MemVga.srcs\sources_1\imports\FinalProject\Mem\final_project\final_project.srcs\sources_1\new\Memory.sv:]
WARNING: [filemgmt 56-199] Attempt to get parsing info during refresh. "On-the-fly" syntax checking information may be incorrect. [C:\CSEE4280\GRP2ADD\FinalProject\Processing\Processing.srcs\sources_1\new\Auto_Control.v:]
WARNING: [filemgmt 56-199] Attempt to get parsing info during refresh. "On-the-fly" syntax checking information may be incorrect. [C:\CSEE4280\GRP2ADD\FinalProject\MemVga\MemVga.srcs\sources_1\imports\FinalProject\VGAOutput\VGAOutput.srcs\sources_1\new\VGA_Out.v:]
WARNING: [filemgmt 56-199] Attempt to get parsing info during refresh. "On-the-fly" syntax checking information may be incorrect. [C:\CSEE4280\GRP2ADD\FinalProject\MemVga\MemVga.srcs\sources_1\imports\FinalProject\Mem\final_project\final_project.srcs\sources_1\new\DualPort.sv:]
WARNING: [filemgmt 56-199] Attempt to get parsing info during refresh. "On-the-fly" syntax checking information may be incorrect. [C:\CSEE4280\GRP2ADD\FinalProject\MemVga\MemVga.srcs\sources_1\imports\FinalProject\Mem\final_project\final_project.srcs\sources_1\new\DualPort.sv:]
WARNING: [filemgmt 56-199] Attempt to get parsing info during refresh. "On-the-fly" syntax checking information may be incorrect. [C:\CSEE4280\GRP2ADD\FinalProject\MemVga\MemVga.srcs\sources_1\new\Top.sv:]
WARNING: [filemgmt 56-199] Attempt to get parsing info during refresh. "On-the-fly" syntax checking information may be incorrect. [C:\CSEE4280\GRP2ADD\FinalProject\MemVga\MemVga.srcs\sources_1\imports\FinalProject\Mem\final_project\final_project.srcs\sources_1\new\DualPort.sv:]
WARNING: [filemgmt 56-199] Attempt to get parsing info during refresh. "On-the-fly" syntax checking information may be incorrect. [C:\CSEE4280\GRP2ADD\FinalProject\MemVga\MemVga.srcs\sources_1\new\Starting_Pixels.v:]
WARNING: [filemgmt 56-199] Attempt to get parsing info during refresh. "On-the-fly" syntax checking information may be incorrect. [C:\CSEE4280\GRP2ADD\FinalProject\Processing\Processing.srcs\sources_1\new\Auto_Clk.v:]
WARNING: [filemgmt 56-199] Attempt to get parsing info during refresh. "On-the-fly" syntax checking information may be incorrect. [C:\CSEE4280\GRP2ADD\FinalProject\MemVga\MemVga.srcs\sources_1\imports\FinalProject\Mem\final_project\final_project.srcs\sources_1\new\Memory.sv:]
WARNING: [filemgmt 56-199] Attempt to get parsing info during refresh. "On-the-fly" syntax checking information may be incorrect. [C:\CSEE4280\GRP2ADD\FinalProject\Processing\Processing.srcs\sources_1\new\Auto_Control.v:]
WARNING: [filemgmt 56-199] Attempt to get parsing info during refresh. "On-the-fly" syntax checking information may be incorrect. [C:\CSEE4280\GRP2ADD\FinalProject\MemVga\MemVga.srcs\sources_1\imports\FinalProject\VGAOutput\VGAOutput.srcs\sources_1\new\VGA_Out.v:]
WARNING: [filemgmt 56-199] Attempt to get parsing info during refresh. "On-the-fly" syntax checking information may be incorrect. [C:\CSEE4280\GRP2ADD\FinalProject\MemVga\MemVga.srcs\sources_1\imports\FinalProject\Mem\final_project\final_project.srcs\sources_1\new\Memory.sv:]
WARNING: [filemgmt 56-199] Attempt to get parsing info during refresh. "On-the-fly" syntax checking information may be incorrect. [C:\CSEE4280\GRP2ADD\FinalProject\MemVga\MemVga.srcs\sources_1\imports\FinalProject\Mem\final_project\final_project.srcs\sources_1\new\Memory.sv:]
WARNING: [filemgmt 56-199] Attempt to get parsing info during refresh. "On-the-fly" syntax checking information may be incorrect. [C:\CSEE4280\GRP2ADD\FinalProject\MemVga\MemVga.srcs\sources_1\new\Top.sv:]
WARNING: [filemgmt 56-199] Attempt to get parsing info during refresh. "On-the-fly" syntax checking information may be incorrect. [C:\CSEE4280\GRP2ADD\FinalProject\MemVga\MemVga.srcs\sources_1\imports\FinalProject\Mem\final_project\final_project.srcs\sources_1\new\DualPort.sv:]
WARNING: [filemgmt 56-199] Attempt to get parsing info during refresh. "On-the-fly" syntax checking information may be incorrect. [C:\CSEE4280\GRP2ADD\FinalProject\MemVga\MemVga.srcs\sources_1\new\Starting_Pixels.v:]
WARNING: [filemgmt 56-199] Attempt to get parsing info during refresh. "On-the-fly" syntax checking information may be incorrect. [C:\CSEE4280\GRP2ADD\FinalProject\Processing\Processing.srcs\sources_1\new\Auto_Clk.v:]
WARNING: [filemgmt 56-199] Attempt to get parsing info during refresh. "On-the-fly" syntax checking information may be incorrect. [C:\CSEE4280\GRP2ADD\FinalProject\MemVga\MemVga.srcs\sources_1\imports\FinalProject\Mem\final_project\final_project.srcs\sources_1\new\Memory.sv:]
WARNING: [filemgmt 56-199] Attempt to get parsing info during refresh. "On-the-fly" syntax checking information may be incorrect. [C:\CSEE4280\GRP2ADD\FinalProject\Processing\Processing.srcs\sources_1\new\Auto_Control.v:]
WARNING: [filemgmt 56-199] Attempt to get parsing info during refresh. "On-the-fly" syntax checking information may be incorrect. [C:\CSEE4280\GRP2ADD\FinalProject\MemVga\MemVga.srcs\sources_1\imports\FinalProject\VGAOutput\VGAOutput.srcs\sources_1\new\VGA_Out.v:]
WARNING: [filemgmt 56-199] Attempt to get parsing info during refresh. "On-the-fly" syntax checking information may be incorrect. [C:\CSEE4280\GRP2ADD\FinalProject\MemVga\MemVga.srcs\sources_1\imports\FinalProject\VGAOutput\VGAOutput.srcs\sources_1\new\VGA_Out.v:]
WARNING: [filemgmt 56-199] Attempt to get parsing info during refresh. "On-the-fly" syntax checking information may be incorrect. [C:\CSEE4280\GRP2ADD\FinalProject\MemVga\MemVga.srcs\sources_1\imports\FinalProject\VGAOutput\VGAOutput.srcs\sources_1\new\VGA_Out.v:]
update_compile_order -fileset sources_1
WARNING: [filemgmt 56-199] Attempt to get parsing info during refresh. "On-the-fly" syntax checking information may be incorrect. [C:\CSEE4280\GRP2ADD\FinalProject\MemVga\MemVga.srcs\sources_1\new\Top.sv:]
WARNING: [filemgmt 56-199] Attempt to get parsing info during refresh. "On-the-fly" syntax checking information may be incorrect. [C:\CSEE4280\GRP2ADD\FinalProject\MemVga\MemVga.srcs\sources_1\imports\FinalProject\Mem\final_project\final_project.srcs\sources_1\new\DualPort.sv:]
WARNING: [filemgmt 56-199] Attempt to get parsing info during refresh. "On-the-fly" syntax checking information may be incorrect. [C:\CSEE4280\GRP2ADD\FinalProject\MemVga\MemVga.srcs\sources_1\new\Starting_Pixels.v:]
WARNING: [filemgmt 56-199] Attempt to get parsing info during refresh. "On-the-fly" syntax checking information may be incorrect. [C:\CSEE4280\GRP2ADD\FinalProject\Processing\Processing.srcs\sources_1\new\Auto_Clk.v:]
WARNING: [filemgmt 56-199] Attempt to get parsing info during refresh. "On-the-fly" syntax checking information may be incorrect. [C:\CSEE4280\GRP2ADD\FinalProject\MemVga\MemVga.srcs\sources_1\imports\FinalProject\Mem\final_project\final_project.srcs\sources_1\new\Memory.sv:]
WARNING: [filemgmt 56-199] Attempt to get parsing info during refresh. "On-the-fly" syntax checking information may be incorrect. [C:\CSEE4280\GRP2ADD\FinalProject\Processing\Processing.srcs\sources_1\new\Auto_Control.v:]
WARNING: [filemgmt 56-199] Attempt to get parsing info during refresh. "On-the-fly" syntax checking information may be incorrect. [C:\CSEE4280\GRP2ADD\FinalProject\MemVga\MemVga.srcs\sources_1\imports\FinalProject\VGAOutput\VGAOutput.srcs\sources_1\new\VGA_Out.v:]
WARNING: [filemgmt 56-199] Attempt to get parsing info during refresh. "On-the-fly" syntax checking information may be incorrect. [C:\CSEE4280\GRP2ADD\FinalProject\MemVga\MemVga.srcs\sources_1\new\Starting_Pixels.v:]
WARNING: [filemgmt 56-199] Attempt to get parsing info during refresh. "On-the-fly" syntax checking information may be incorrect. [C:\CSEE4280\GRP2ADD\FinalProject\MemVga\MemVga.srcs\sources_1\new\Starting_Pixels.v:]
WARNING: [filemgmt 56-199] Attempt to get parsing info during refresh. "On-the-fly" syntax checking information may be incorrect. [C:\CSEE4280\GRP2ADD\FinalProject\MemVga\MemVga.srcs\sources_1\new\Top.sv:]
WARNING: [filemgmt 56-199] Attempt to get parsing info during refresh. "On-the-fly" syntax checking information may be incorrect. [C:\CSEE4280\GRP2ADD\FinalProject\MemVga\MemVga.srcs\sources_1\imports\FinalProject\Mem\final_project\final_project.srcs\sources_1\new\DualPort.sv:]
WARNING: [filemgmt 56-199] Attempt to get parsing info during refresh. "On-the-fly" syntax checking information may be incorrect. [C:\CSEE4280\GRP2ADD\FinalProject\MemVga\MemVga.srcs\sources_1\new\Starting_Pixels.v:]
WARNING: [filemgmt 56-199] Attempt to get parsing info during refresh. "On-the-fly" syntax checking information may be incorrect. [C:\CSEE4280\GRP2ADD\FinalProject\Processing\Processing.srcs\sources_1\new\Auto_Clk.v:]
WARNING: [filemgmt 56-199] Attempt to get parsing info during refresh. "On-the-fly" syntax checking information may be incorrect. [C:\CSEE4280\GRP2ADD\FinalProject\MemVga\MemVga.srcs\sources_1\imports\FinalProject\Mem\final_project\final_project.srcs\sources_1\new\Memory.sv:]
WARNING: [filemgmt 56-199] Attempt to get parsing info during refresh. "On-the-fly" syntax checking information may be incorrect. [C:\CSEE4280\GRP2ADD\FinalProject\Processing\Processing.srcs\sources_1\new\Auto_Control.v:]
WARNING: [filemgmt 56-199] Attempt to get parsing info during refresh. "On-the-fly" syntax checking information may be incorrect. [C:\CSEE4280\GRP2ADD\FinalProject\MemVga\MemVga.srcs\sources_1\imports\FinalProject\VGAOutput\VGAOutput.srcs\sources_1\new\VGA_Out.v:]
WARNING: [filemgmt 56-199] Attempt to get parsing info during refresh. "On-the-fly" syntax checking information may be incorrect. [C:\CSEE4280\GRP2ADD\FinalProject\MemVga\MemVga.srcs\sources_1\new\Top.sv:]
WARNING: [filemgmt 56-199] Attempt to get parsing info during refresh. "On-the-fly" syntax checking information may be incorrect. [C:\CSEE4280\GRP2ADD\FinalProject\MemVga\MemVga.srcs\sources_1\new\Top.sv:]
WARNING: [filemgmt 56-199] Attempt to get parsing info during refresh. "On-the-fly" syntax checking information may be incorrect. [C:\CSEE4280\GRP2ADD\FinalProject\MemVga\MemVga.srcs\sources_1\new\Top.sv:]
WARNING: [filemgmt 56-199] Attempt to get parsing info during refresh. "On-the-fly" syntax checking information may be incorrect. [C:\CSEE4280\GRP2ADD\FinalProject\MemVga\MemVga.srcs\sources_1\imports\FinalProject\Mem\final_project\final_project.srcs\sources_1\new\DualPort.sv:]
WARNING: [filemgmt 56-199] Attempt to get parsing info during refresh. "On-the-fly" syntax checking information may be incorrect. [C:\CSEE4280\GRP2ADD\FinalProject\MemVga\MemVga.srcs\sources_1\new\Starting_Pixels.v:]
WARNING: [filemgmt 56-199] Attempt to get parsing info during refresh. "On-the-fly" syntax checking information may be incorrect. [C:\CSEE4280\GRP2ADD\FinalProject\Processing\Processing.srcs\sources_1\new\Auto_Clk.v:]
WARNING: [filemgmt 56-199] Attempt to get parsing info during refresh. "On-the-fly" syntax checking information may be incorrect. [C:\CSEE4280\GRP2ADD\FinalProject\MemVga\MemVga.srcs\sources_1\imports\FinalProject\Mem\final_project\final_project.srcs\sources_1\new\Memory.sv:]
WARNING: [filemgmt 56-199] Attempt to get parsing info during refresh. "On-the-fly" syntax checking information may be incorrect. [C:\CSEE4280\GRP2ADD\FinalProject\Processing\Processing.srcs\sources_1\new\Auto_Control.v:]
WARNING: [filemgmt 56-199] Attempt to get parsing info during refresh. "On-the-fly" syntax checking information may be incorrect. [C:\CSEE4280\GRP2ADD\FinalProject\MemVga\MemVga.srcs\sources_1\imports\FinalProject\VGAOutput\VGAOutput.srcs\sources_1\new\VGA_Out.v:]
WARNING: [filemgmt 56-199] Attempt to get parsing info during refresh. "On-the-fly" syntax checking information may be incorrect. [C:\CSEE4280\GRP2ADD\FinalProject\MemVga\MemVga.srcs\sources_1\imports\FinalProject\Mem\final_project\final_project.srcs\sources_1\new\Memory.sv:]
WARNING: [filemgmt 56-199] Attempt to get parsing info during refresh. "On-the-fly" syntax checking information may be incorrect. [C:\CSEE4280\GRP2ADD\FinalProject\MemVga\MemVga.srcs\sources_1\imports\FinalProject\Mem\final_project\final_project.srcs\sources_1\new\Memory.sv:]
WARNING: [filemgmt 56-199] Attempt to get parsing info during refresh. "On-the-fly" syntax checking information may be incorrect. [C:\CSEE4280\GRP2ADD\FinalProject\MemVga\MemVga.srcs\sources_1\new\Top.sv:]
WARNING: [filemgmt 56-199] Attempt to get parsing info during refresh. "On-the-fly" syntax checking information may be incorrect. [C:\CSEE4280\GRP2ADD\FinalProject\MemVga\MemVga.srcs\sources_1\imports\FinalProject\Mem\final_project\final_project.srcs\sources_1\new\DualPort.sv:]
WARNING: [filemgmt 56-199] Attempt to get parsing info during refresh. "On-the-fly" syntax checking information may be incorrect. [C:\CSEE4280\GRP2ADD\FinalProject\MemVga\MemVga.srcs\sources_1\new\Starting_Pixels.v:]
WARNING: [filemgmt 56-199] Attempt to get parsing info during refresh. "On-the-fly" syntax checking information may be incorrect. [C:\CSEE4280\GRP2ADD\FinalProject\Processing\Processing.srcs\sources_1\new\Auto_Clk.v:]
WARNING: [filemgmt 56-199] Attempt to get parsing info during refresh. "On-the-fly" syntax checking information may be incorrect. [C:\CSEE4280\GRP2ADD\FinalProject\MemVga\MemVga.srcs\sources_1\imports\FinalProject\Mem\final_project\final_project.srcs\sources_1\new\Memory.sv:]
WARNING: [filemgmt 56-199] Attempt to get parsing info during refresh. "On-the-fly" syntax checking information may be incorrect. [C:\CSEE4280\GRP2ADD\FinalProject\Processing\Processing.srcs\sources_1\new\Auto_Control.v:]
WARNING: [filemgmt 56-199] Attempt to get parsing info during refresh. "On-the-fly" syntax checking information may be incorrect. [C:\CSEE4280\GRP2ADD\FinalProject\MemVga\MemVga.srcs\sources_1\imports\FinalProject\VGAOutput\VGAOutput.srcs\sources_1\new\VGA_Out.v:]
WARNING: [filemgmt 56-199] Attempt to get parsing info during refresh. "On-the-fly" syntax checking information may be incorrect. [C:\CSEE4280\GRP2ADD\FinalProject\Processing\Processing.srcs\sources_1\new\Auto_Control.v:]
WARNING: [filemgmt 56-199] Attempt to get parsing info during refresh. "On-the-fly" syntax checking information may be incorrect. [C:\CSEE4280\GRP2ADD\FinalProject\Processing\Processing.srcs\sources_1\new\Auto_Control.v:]
WARNING: [filemgmt 56-199] Attempt to get parsing info during refresh. "On-the-fly" syntax checking information may be incorrect. [C:\CSEE4280\GRP2ADD\FinalProject\MemVga\MemVga.srcs\sources_1\new\Top.sv:]
WARNING: [filemgmt 56-199] Attempt to get parsing info during refresh. "On-the-fly" syntax checking information may be incorrect. [C:\CSEE4280\GRP2ADD\FinalProject\MemVga\MemVga.srcs\sources_1\imports\FinalProject\Mem\final_project\final_project.srcs\sources_1\new\DualPort.sv:]
WARNING: [filemgmt 56-199] Attempt to get parsing info during refresh. "On-the-fly" syntax checking information may be incorrect. [C:\CSEE4280\GRP2ADD\FinalProject\MemVga\MemVga.srcs\sources_1\new\Starting_Pixels.v:]
WARNING: [filemgmt 56-199] Attempt to get parsing info during refresh. "On-the-fly" syntax checking information may be incorrect. [C:\CSEE4280\GRP2ADD\FinalProject\Processing\Processing.srcs\sources_1\new\Auto_Clk.v:]
WARNING: [filemgmt 56-199] Attempt to get parsing info during refresh. "On-the-fly" syntax checking information may be incorrect. [C:\CSEE4280\GRP2ADD\FinalProject\MemVga\MemVga.srcs\sources_1\imports\FinalProject\Mem\final_project\final_project.srcs\sources_1\new\Memory.sv:]
WARNING: [filemgmt 56-199] Attempt to get parsing info during refresh. "On-the-fly" syntax checking information may be incorrect. [C:\CSEE4280\GRP2ADD\FinalProject\Processing\Processing.srcs\sources_1\new\Auto_Control.v:]
WARNING: [filemgmt 56-199] Attempt to get parsing info during refresh. "On-the-fly" syntax checking information may be incorrect. [C:\CSEE4280\GRP2ADD\FinalProject\MemVga\MemVga.srcs\sources_1\imports\FinalProject\VGAOutput\VGAOutput.srcs\sources_1\new\VGA_Out.v:]
WARNING: [filemgmt 56-199] Attempt to get parsing info during refresh. "On-the-fly" syntax checking information may be incorrect. [C:\CSEE4280\GRP2ADD\FinalProject\Processing\Processing.srcs\sources_1\new\Auto_Clk.v:]
WARNING: [filemgmt 56-199] Attempt to get parsing info during refresh. "On-the-fly" syntax checking information may be incorrect. [C:\CSEE4280\GRP2ADD\FinalProject\Processing\Processing.srcs\sources_1\new\Auto_Clk.v:]
WARNING: [filemgmt 56-199] Attempt to get parsing info during refresh. "On-the-fly" syntax checking information may be incorrect. [C:\CSEE4280\GRP2ADD\FinalProject\MemVga\MemVga.srcs\sources_1\new\Top.sv:]
WARNING: [filemgmt 56-199] Attempt to get parsing info during refresh. "On-the-fly" syntax checking information may be incorrect. [C:\CSEE4280\GRP2ADD\FinalProject\MemVga\MemVga.srcs\sources_1\imports\FinalProject\Mem\final_project\final_project.srcs\sources_1\new\DualPort.sv:]
WARNING: [filemgmt 56-199] Attempt to get parsing info during refresh. "On-the-fly" syntax checking information may be incorrect. [C:\CSEE4280\GRP2ADD\FinalProject\MemVga\MemVga.srcs\sources_1\new\Starting_Pixels.v:]
WARNING: [filemgmt 56-199] Attempt to get parsing info during refresh. "On-the-fly" syntax checking information may be incorrect. [C:\CSEE4280\GRP2ADD\FinalProject\Processing\Processing.srcs\sources_1\new\Auto_Clk.v:]
WARNING: [filemgmt 56-199] Attempt to get parsing info during refresh. "On-the-fly" syntax checking information may be incorrect. [C:\CSEE4280\GRP2ADD\FinalProject\MemVga\MemVga.srcs\sources_1\imports\FinalProject\Mem\final_project\final_project.srcs\sources_1\new\Memory.sv:]
WARNING: [filemgmt 56-199] Attempt to get parsing info during refresh. "On-the-fly" syntax checking information may be incorrect. [C:\CSEE4280\GRP2ADD\FinalProject\Processing\Processing.srcs\sources_1\new\Auto_Control.v:]
WARNING: [filemgmt 56-199] Attempt to get parsing info during refresh. "On-the-fly" syntax checking information may be incorrect. [C:\CSEE4280\GRP2ADD\FinalProject\MemVga\MemVga.srcs\sources_1\imports\FinalProject\VGAOutput\VGAOutput.srcs\sources_1\new\VGA_Out.v:]
WARNING: [filemgmt 56-199] Attempt to get parsing info during refresh. "On-the-fly" syntax checking information may be incorrect. [C:\CSEE4280\GRP2ADD\FinalProject\MemVga\MemVga.srcs\sources_1\imports\FinalProject\VGAOutput\VGAOutput.srcs\sources_1\new\VGA_Out.v:]
WARNING: [filemgmt 56-199] Attempt to get parsing info during refresh. "On-the-fly" syntax checking information may be incorrect. [C:\CSEE4280\GRP2ADD\FinalProject\MemVga\MemVga.srcs\sources_1\imports\FinalProject\VGAOutput\VGAOutput.srcs\sources_1\new\VGA_Out.v:]
set_property file_type SystemVerilog [get_files  C:/CSEE4280/GRP2ADD/FinalProject/Processing/Processing.srcs/sources_1/new/Auto_Control.v]
WARNING: [filemgmt 56-199] Attempt to get parsing info during refresh. "On-the-fly" syntax checking information may be incorrect. [C:\CSEE4280\GRP2ADD\FinalProject\MemVga\MemVga.srcs\sources_1\new\Top.sv:]
WARNING: [filemgmt 56-199] Attempt to get parsing info during refresh. "On-the-fly" syntax checking information may be incorrect. [C:\CSEE4280\GRP2ADD\FinalProject\MemVga\MemVga.srcs\sources_1\imports\FinalProject\Mem\final_project\final_project.srcs\sources_1\new\DualPort.sv:]
WARNING: [filemgmt 56-199] Attempt to get parsing info during refresh. "On-the-fly" syntax checking information may be incorrect. [C:\CSEE4280\GRP2ADD\FinalProject\MemVga\MemVga.srcs\sources_1\new\Starting_Pixels.v:]
WARNING: [filemgmt 56-199] Attempt to get parsing info during refresh. "On-the-fly" syntax checking information may be incorrect. [C:\CSEE4280\GRP2ADD\FinalProject\Processing\Processing.srcs\sources_1\new\Auto_Clk.v:]
WARNING: [filemgmt 56-199] Attempt to get parsing info during refresh. "On-the-fly" syntax checking information may be incorrect. [C:\CSEE4280\GRP2ADD\FinalProject\MemVga\MemVga.srcs\sources_1\imports\FinalProject\Mem\final_project\final_project.srcs\sources_1\new\Memory.sv:]
WARNING: [filemgmt 56-199] Attempt to get parsing info during refresh. "On-the-fly" syntax checking information may be incorrect. [C:\CSEE4280\GRP2ADD\FinalProject\Processing\Processing.srcs\sources_1\new\Auto_Control.v:]
WARNING: [filemgmt 56-199] Attempt to get parsing info during refresh. "On-the-fly" syntax checking information may be incorrect. [C:\CSEE4280\GRP2ADD\FinalProject\MemVga\MemVga.srcs\sources_1\imports\FinalProject\VGAOutput\VGAOutput.srcs\sources_1\new\VGA_Out.v:]
WARNING: [filemgmt 56-199] Attempt to get parsing info during refresh. "On-the-fly" syntax checking information may be incorrect. [C:\CSEE4280\GRP2ADD\FinalProject\MemVga\MemVga.srcs\sources_1\imports\FinalProject\VGAOutput\VGAOutput.srcs\sources_1\new\VGA_Out.v:]
WARNING: [filemgmt 56-199] Attempt to get parsing info during refresh. "On-the-fly" syntax checking information may be incorrect. [C:\CSEE4280\GRP2ADD\FinalProject\MemVga\MemVga.srcs\sources_1\imports\FinalProject\VGAOutput\VGAOutput.srcs\sources_1\new\VGA_Out.v:]
WARNING: [filemgmt 56-199] Attempt to get parsing info during refresh. "On-the-fly" syntax checking information may be incorrect. [C:\CSEE4280\GRP2ADD\FinalProject\MemVga\MemVga.srcs\sources_1\new\Top.sv:]
WARNING: [filemgmt 56-199] Attempt to get parsing info during refresh. "On-the-fly" syntax checking information may be incorrect. [C:\CSEE4280\GRP2ADD\FinalProject\MemVga\MemVga.srcs\sources_1\imports\FinalProject\Mem\final_project\final_project.srcs\sources_1\new\DualPort.sv:]
WARNING: [filemgmt 56-199] Attempt to get parsing info during refresh. "On-the-fly" syntax checking information may be incorrect. [C:\CSEE4280\GRP2ADD\FinalProject\MemVga\MemVga.srcs\sources_1\new\Starting_Pixels.v:]
WARNING: [filemgmt 56-199] Attempt to get parsing info during refresh. "On-the-fly" syntax checking information may be incorrect. [C:\CSEE4280\GRP2ADD\FinalProject\Processing\Processing.srcs\sources_1\new\Auto_Clk.v:]
WARNING: [filemgmt 56-199] Attempt to get parsing info during refresh. "On-the-fly" syntax checking information may be incorrect. [C:\CSEE4280\GRP2ADD\FinalProject\MemVga\MemVga.srcs\sources_1\imports\FinalProject\Mem\final_project\final_project.srcs\sources_1\new\Memory.sv:]
WARNING: [filemgmt 56-199] Attempt to get parsing info during refresh. "On-the-fly" syntax checking information may be incorrect. [C:\CSEE4280\GRP2ADD\FinalProject\Processing\Processing.srcs\sources_1\new\Auto_Control.v:]
WARNING: [filemgmt 56-199] Attempt to get parsing info during refresh. "On-the-fly" syntax checking information may be incorrect. [C:\CSEE4280\GRP2ADD\FinalProject\MemVga\MemVga.srcs\sources_1\imports\FinalProject\VGAOutput\VGAOutput.srcs\sources_1\new\VGA_Out.v:]
WARNING: [filemgmt 56-199] Attempt to get parsing info during refresh. "On-the-fly" syntax checking information may be incorrect. [C:\CSEE4280\GRP2ADD\FinalProject\Processing\Processing.srcs\sources_1\new\Auto_Clk.v:]
WARNING: [filemgmt 56-199] Attempt to get parsing info during refresh. "On-the-fly" syntax checking information may be incorrect. [C:\CSEE4280\GRP2ADD\FinalProject\Processing\Processing.srcs\sources_1\new\Auto_Clk.v:]
WARNING: [filemgmt 56-199] Attempt to get parsing info during refresh. "On-the-fly" syntax checking information may be incorrect. [C:\CSEE4280\GRP2ADD\FinalProject\MemVga\MemVga.srcs\sources_1\new\Top.sv:]
WARNING: [filemgmt 56-199] Attempt to get parsing info during refresh. "On-the-fly" syntax checking information may be incorrect. [C:\CSEE4280\GRP2ADD\FinalProject\MemVga\MemVga.srcs\sources_1\imports\FinalProject\Mem\final_project\final_project.srcs\sources_1\new\DualPort.sv:]
WARNING: [filemgmt 56-199] Attempt to get parsing info during refresh. "On-the-fly" syntax checking information may be incorrect. [C:\CSEE4280\GRP2ADD\FinalProject\MemVga\MemVga.srcs\sources_1\new\Starting_Pixels.v:]
WARNING: [filemgmt 56-199] Attempt to get parsing info during refresh. "On-the-fly" syntax checking information may be incorrect. [C:\CSEE4280\GRP2ADD\FinalProject\Processing\Processing.srcs\sources_1\new\Auto_Clk.v:]
WARNING: [filemgmt 56-199] Attempt to get parsing info during refresh. "On-the-fly" syntax checking information may be incorrect. [C:\CSEE4280\GRP2ADD\FinalProject\MemVga\MemVga.srcs\sources_1\imports\FinalProject\Mem\final_project\final_project.srcs\sources_1\new\Memory.sv:]
WARNING: [filemgmt 56-199] Attempt to get parsing info during refresh. "On-the-fly" syntax checking information may be incorrect. [C:\CSEE4280\GRP2ADD\FinalProject\Processing\Processing.srcs\sources_1\new\Auto_Control.v:]
WARNING: [filemgmt 56-199] Attempt to get parsing info during refresh. "On-the-fly" syntax checking information may be incorrect. [C:\CSEE4280\GRP2ADD\FinalProject\MemVga\MemVga.srcs\sources_1\imports\FinalProject\VGAOutput\VGAOutput.srcs\sources_1\new\VGA_Out.v:]
WARNING: [filemgmt 56-199] Attempt to get parsing info during refresh. "On-the-fly" syntax checking information may be incorrect. [C:\CSEE4280\GRP2ADD\FinalProject\MemVga\MemVga.srcs\sources_1\imports\FinalProject\Mem\final_project\final_project.srcs\sources_1\new\Memory.sv:]
WARNING: [filemgmt 56-199] Attempt to get parsing info during refresh. "On-the-fly" syntax checking information may be incorrect. [C:\CSEE4280\GRP2ADD\FinalProject\MemVga\MemVga.srcs\sources_1\imports\FinalProject\Mem\final_project\final_project.srcs\sources_1\new\Memory.sv:]
WARNING: [filemgmt 56-199] Attempt to get parsing info during refresh. "On-the-fly" syntax checking information may be incorrect. [C:\CSEE4280\GRP2ADD\FinalProject\MemVga\MemVga.srcs\sources_1\new\Top.sv:]
WARNING: [filemgmt 56-199] Attempt to get parsing info during refresh. "On-the-fly" syntax checking information may be incorrect. [C:\CSEE4280\GRP2ADD\FinalProject\MemVga\MemVga.srcs\sources_1\imports\FinalProject\Mem\final_project\final_project.srcs\sources_1\new\DualPort.sv:]
WARNING: [filemgmt 56-199] Attempt to get parsing info during refresh. "On-the-fly" syntax checking information may be incorrect. [C:\CSEE4280\GRP2ADD\FinalProject\MemVga\MemVga.srcs\sources_1\new\Starting_Pixels.v:]
WARNING: [filemgmt 56-199] Attempt to get parsing info during refresh. "On-the-fly" syntax checking information may be incorrect. [C:\CSEE4280\GRP2ADD\FinalProject\Processing\Processing.srcs\sources_1\new\Auto_Clk.v:]
WARNING: [filemgmt 56-199] Attempt to get parsing info during refresh. "On-the-fly" syntax checking information may be incorrect. [C:\CSEE4280\GRP2ADD\FinalProject\MemVga\MemVga.srcs\sources_1\imports\FinalProject\Mem\final_project\final_project.srcs\sources_1\new\Memory.sv:]
WARNING: [filemgmt 56-199] Attempt to get parsing info during refresh. "On-the-fly" syntax checking information may be incorrect. [C:\CSEE4280\GRP2ADD\FinalProject\Processing\Processing.srcs\sources_1\new\Auto_Control.v:]
WARNING: [filemgmt 56-199] Attempt to get parsing info during refresh. "On-the-fly" syntax checking information may be incorrect. [C:\CSEE4280\GRP2ADD\FinalProject\MemVga\MemVga.srcs\sources_1\imports\FinalProject\VGAOutput\VGAOutput.srcs\sources_1\new\VGA_Out.v:]
WARNING: [filemgmt 56-199] Attempt to get parsing info during refresh. "On-the-fly" syntax checking information may be incorrect. [C:\CSEE4280\GRP2ADD\FinalProject\MemVga\MemVga.srcs\sources_1\new\Starting_Pixels.v:]
WARNING: [filemgmt 56-199] Attempt to get parsing info during refresh. "On-the-fly" syntax checking information may be incorrect. [C:\CSEE4280\GRP2ADD\FinalProject\MemVga\MemVga.srcs\sources_1\new\Starting_Pixels.v:]
WARNING: [filemgmt 56-199] Attempt to get parsing info during refresh. "On-the-fly" syntax checking information may be incorrect. [C:\CSEE4280\GRP2ADD\FinalProject\MemVga\MemVga.srcs\sources_1\new\Top.sv:]
INFO: [Common 17-14] Message 'filemgmt 56-199' appears 100 times and further instances of the messages will be disabled. Use the Tcl command set_msg_config to change the current settings.
update_compile_order -fileset sources_1
WARNING: [filemgmt 56-199] Attempt to get parsing info during refresh. "On-the-fly" syntax checking information may be incorrect. [C:\CSEE4280\GRP2ADD\FinalProject\MemVga\MemVga.srcs\sources_1\new\Top.sv:]
WARNING: [filemgmt 56-199] Attempt to get parsing info during refresh. "On-the-fly" syntax checking information may be incorrect. [C:\CSEE4280\GRP2ADD\FinalProject\MemVga\MemVga.srcs\sources_1\imports\FinalProject\Mem\final_project\final_project.srcs\sources_1\new\DualPort.sv:]
WARNING: [filemgmt 56-199] Attempt to get parsing info during refresh. "On-the-fly" syntax checking information may be incorrect. [C:\CSEE4280\GRP2ADD\FinalProject\MemVga\MemVga.srcs\sources_1\new\Starting_Pixels.v:]
WARNING: [filemgmt 56-199] Attempt to get parsing info during refresh. "On-the-fly" syntax checking information may be incorrect. [C:\CSEE4280\GRP2ADD\FinalProject\Processing\Processing.srcs\sources_1\new\Auto_Clk.v:]
WARNING: [filemgmt 56-199] Attempt to get parsing info during refresh. "On-the-fly" syntax checking information may be incorrect. [C:\CSEE4280\GRP2ADD\FinalProject\MemVga\MemVga.srcs\sources_1\imports\FinalProject\Mem\final_project\final_project.srcs\sources_1\new\Memory.sv:]
WARNING: [filemgmt 56-199] Attempt to get parsing info during refresh. "On-the-fly" syntax checking information may be incorrect. [C:\CSEE4280\GRP2ADD\FinalProject\Processing\Processing.srcs\sources_1\new\Auto_Control.v:]
WARNING: [filemgmt 56-199] Attempt to get parsing info during refresh. "On-the-fly" syntax checking information may be incorrect. [C:\CSEE4280\GRP2ADD\FinalProject\MemVga\MemVga.srcs\sources_1\imports\FinalProject\VGAOutput\VGAOutput.srcs\sources_1\new\VGA_Out.v:]
WARNING: [filemgmt 56-199] Attempt to get parsing info during refresh. "On-the-fly" syntax checking information may be incorrect. [C:\CSEE4280\GRP2ADD\FinalProject\MemVga\MemVga.srcs\sources_1\new\Top.sv:]
WARNING: [filemgmt 56-199] Attempt to get parsing info during refresh. "On-the-fly" syntax checking information may be incorrect. [C:\CSEE4280\GRP2ADD\FinalProject\MemVga\MemVga.srcs\sources_1\new\Top.sv:]
WARNING: [filemgmt 56-199] Attempt to get parsing info during refresh. "On-the-fly" syntax checking information may be incorrect. [C:\CSEE4280\GRP2ADD\FinalProject\MemVga\MemVga.srcs\sources_1\new\Top.sv:]
WARNING: [filemgmt 56-199] Attempt to get parsing info during refresh. "On-the-fly" syntax checking information may be incorrect. [C:\CSEE4280\GRP2ADD\FinalProject\MemVga\MemVga.srcs\sources_1\imports\FinalProject\Mem\final_project\final_project.srcs\sources_1\new\DualPort.sv:]
WARNING: [filemgmt 56-199] Attempt to get parsing info during refresh. "On-the-fly" syntax checking information may be incorrect. [C:\CSEE4280\GRP2ADD\FinalProject\MemVga\MemVga.srcs\sources_1\new\Starting_Pixels.v:]
WARNING: [filemgmt 56-199] Attempt to get parsing info during refresh. "On-the-fly" syntax checking information may be incorrect. [C:\CSEE4280\GRP2ADD\FinalProject\Processing\Processing.srcs\sources_1\new\Auto_Clk.v:]
WARNING: [filemgmt 56-199] Attempt to get parsing info during refresh. "On-the-fly" syntax checking information may be incorrect. [C:\CSEE4280\GRP2ADD\FinalProject\MemVga\MemVga.srcs\sources_1\imports\FinalProject\Mem\final_project\final_project.srcs\sources_1\new\Memory.sv:]
WARNING: [filemgmt 56-199] Attempt to get parsing info during refresh. "On-the-fly" syntax checking information may be incorrect. [C:\CSEE4280\GRP2ADD\FinalProject\Processing\Processing.srcs\sources_1\new\Auto_Control.v:]
WARNING: [filemgmt 56-199] Attempt to get parsing info during refresh. "On-the-fly" syntax checking information may be incorrect. [C:\CSEE4280\GRP2ADD\FinalProject\MemVga\MemVga.srcs\sources_1\imports\FinalProject\VGAOutput\VGAOutput.srcs\sources_1\new\VGA_Out.v:]
WARNING: [filemgmt 56-199] Attempt to get parsing info during refresh. "On-the-fly" syntax checking information may be incorrect. [C:\CSEE4280\GRP2ADD\FinalProject\MemVga\MemVga.srcs\sources_1\new\Starting_Pixels.v:]
WARNING: [filemgmt 56-199] Attempt to get parsing info during refresh. "On-the-fly" syntax checking information may be incorrect. [C:\CSEE4280\GRP2ADD\FinalProject\MemVga\MemVga.srcs\sources_1\new\Starting_Pixels.v:]
WARNING: [filemgmt 56-199] Attempt to get parsing info during refresh. "On-the-fly" syntax checking information may be incorrect. [C:\CSEE4280\GRP2ADD\FinalProject\MemVga\MemVga.srcs\sources_1\new\Top.sv:]
WARNING: [filemgmt 56-199] Attempt to get parsing info during refresh. "On-the-fly" syntax checking information may be incorrect. [C:\CSEE4280\GRP2ADD\FinalProject\MemVga\MemVga.srcs\sources_1\imports\FinalProject\Mem\final_project\final_project.srcs\sources_1\new\DualPort.sv:]
WARNING: [filemgmt 56-199] Attempt to get parsing info during refresh. "On-the-fly" syntax checking information may be incorrect. [C:\CSEE4280\GRP2ADD\FinalProject\MemVga\MemVga.srcs\sources_1\new\Starting_Pixels.v:]
WARNING: [filemgmt 56-199] Attempt to get parsing info during refresh. "On-the-fly" syntax checking information may be incorrect. [C:\CSEE4280\GRP2ADD\FinalProject\Processing\Processing.srcs\sources_1\new\Auto_Clk.v:]
WARNING: [filemgmt 56-199] Attempt to get parsing info during refresh. "On-the-fly" syntax checking information may be incorrect. [C:\CSEE4280\GRP2ADD\FinalProject\MemVga\MemVga.srcs\sources_1\imports\FinalProject\Mem\final_project\final_project.srcs\sources_1\new\Memory.sv:]
WARNING: [filemgmt 56-199] Attempt to get parsing info during refresh. "On-the-fly" syntax checking information may be incorrect. [C:\CSEE4280\GRP2ADD\FinalProject\Processing\Processing.srcs\sources_1\new\Auto_Control.v:]
WARNING: [filemgmt 56-199] Attempt to get parsing info during refresh. "On-the-fly" syntax checking information may be incorrect. [C:\CSEE4280\GRP2ADD\FinalProject\MemVga\MemVga.srcs\sources_1\imports\FinalProject\VGAOutput\VGAOutput.srcs\sources_1\new\VGA_Out.v:]
WARNING: [filemgmt 56-199] Attempt to get parsing info during refresh. "On-the-fly" syntax checking information may be incorrect. [C:\CSEE4280\GRP2ADD\FinalProject\MemVga\MemVga.srcs\sources_1\imports\FinalProject\Mem\final_project\final_project.srcs\sources_1\new\Memory.sv:]
WARNING: [filemgmt 56-199] Attempt to get parsing info during refresh. "On-the-fly" syntax checking information may be incorrect. [C:\CSEE4280\GRP2ADD\FinalProject\MemVga\MemVga.srcs\sources_1\imports\FinalProject\Mem\final_project\final_project.srcs\sources_1\new\Memory.sv:]
WARNING: [filemgmt 56-199] Attempt to get parsing info during refresh. "On-the-fly" syntax checking information may be incorrect. [C:\CSEE4280\GRP2ADD\FinalProject\MemVga\MemVga.srcs\sources_1\new\Top.sv:]
WARNING: [filemgmt 56-199] Attempt to get parsing info during refresh. "On-the-fly" syntax checking information may be incorrect. [C:\CSEE4280\GRP2ADD\FinalProject\MemVga\MemVga.srcs\sources_1\imports\FinalProject\Mem\final_project\final_project.srcs\sources_1\new\DualPort.sv:]
WARNING: [filemgmt 56-199] Attempt to get parsing info during refresh. "On-the-fly" syntax checking information may be incorrect. [C:\CSEE4280\GRP2ADD\FinalProject\MemVga\MemVga.srcs\sources_1\new\Starting_Pixels.v:]
WARNING: [filemgmt 56-199] Attempt to get parsing info during refresh. "On-the-fly" syntax checking information may be incorrect. [C:\CSEE4280\GRP2ADD\FinalProject\Processing\Processing.srcs\sources_1\new\Auto_Clk.v:]
WARNING: [filemgmt 56-199] Attempt to get parsing info during refresh. "On-the-fly" syntax checking information may be incorrect. [C:\CSEE4280\GRP2ADD\FinalProject\MemVga\MemVga.srcs\sources_1\imports\FinalProject\Mem\final_project\final_project.srcs\sources_1\new\Memory.sv:]
WARNING: [filemgmt 56-199] Attempt to get parsing info during refresh. "On-the-fly" syntax checking information may be incorrect. [C:\CSEE4280\GRP2ADD\FinalProject\Processing\Processing.srcs\sources_1\new\Auto_Control.v:]
WARNING: [filemgmt 56-199] Attempt to get parsing info during refresh. "On-the-fly" syntax checking information may be incorrect. [C:\CSEE4280\GRP2ADD\FinalProject\MemVga\MemVga.srcs\sources_1\imports\FinalProject\VGAOutput\VGAOutput.srcs\sources_1\new\VGA_Out.v:]
WARNING: [filemgmt 56-199] Attempt to get parsing info during refresh. "On-the-fly" syntax checking information may be incorrect. [C:\CSEE4280\GRP2ADD\FinalProject\Processing\Processing.srcs\sources_1\new\Auto_Control.v:]
WARNING: [filemgmt 56-199] Attempt to get parsing info during refresh. "On-the-fly" syntax checking information may be incorrect. [C:\CSEE4280\GRP2ADD\FinalProject\Processing\Processing.srcs\sources_1\new\Auto_Control.v:]
WARNING: [filemgmt 56-199] Attempt to get parsing info during refresh. "On-the-fly" syntax checking information may be incorrect. [C:\CSEE4280\GRP2ADD\FinalProject\MemVga\MemVga.srcs\sources_1\new\Top.sv:]
WARNING: [filemgmt 56-199] Attempt to get parsing info during refresh. "On-the-fly" syntax checking information may be incorrect. [C:\CSEE4280\GRP2ADD\FinalProject\MemVga\MemVga.srcs\sources_1\imports\FinalProject\Mem\final_project\final_project.srcs\sources_1\new\DualPort.sv:]
WARNING: [filemgmt 56-199] Attempt to get parsing info during refresh. "On-the-fly" syntax checking information may be incorrect. [C:\CSEE4280\GRP2ADD\FinalProject\MemVga\MemVga.srcs\sources_1\new\Starting_Pixels.v:]
WARNING: [filemgmt 56-199] Attempt to get parsing info during refresh. "On-the-fly" syntax checking information may be incorrect. [C:\CSEE4280\GRP2ADD\FinalProject\Processing\Processing.srcs\sources_1\new\Auto_Clk.v:]
WARNING: [filemgmt 56-199] Attempt to get parsing info during refresh. "On-the-fly" syntax checking information may be incorrect. [C:\CSEE4280\GRP2ADD\FinalProject\MemVga\MemVga.srcs\sources_1\imports\FinalProject\Mem\final_project\final_project.srcs\sources_1\new\Memory.sv:]
WARNING: [filemgmt 56-199] Attempt to get parsing info during refresh. "On-the-fly" syntax checking information may be incorrect. [C:\CSEE4280\GRP2ADD\FinalProject\Processing\Processing.srcs\sources_1\new\Auto_Control.v:]
WARNING: [filemgmt 56-199] Attempt to get parsing info during refresh. "On-the-fly" syntax checking information may be incorrect. [C:\CSEE4280\GRP2ADD\FinalProject\MemVga\MemVga.srcs\sources_1\imports\FinalProject\VGAOutput\VGAOutput.srcs\sources_1\new\VGA_Out.v:]
WARNING: [filemgmt 56-199] Attempt to get parsing info during refresh. "On-the-fly" syntax checking information may be incorrect. [C:\CSEE4280\GRP2ADD\FinalProject\Processing\Processing.srcs\sources_1\new\Auto_Clk.v:]
WARNING: [filemgmt 56-199] Attempt to get parsing info during refresh. "On-the-fly" syntax checking information may be incorrect. [C:\CSEE4280\GRP2ADD\FinalProject\Processing\Processing.srcs\sources_1\new\Auto_Clk.v:]
WARNING: [filemgmt 56-199] Attempt to get parsing info during refresh. "On-the-fly" syntax checking information may be incorrect. [C:\CSEE4280\GRP2ADD\FinalProject\MemVga\MemVga.srcs\sources_1\new\Top.sv:]
WARNING: [filemgmt 56-199] Attempt to get parsing info during refresh. "On-the-fly" syntax checking information may be incorrect. [C:\CSEE4280\GRP2ADD\FinalProject\MemVga\MemVga.srcs\sources_1\imports\FinalProject\Mem\final_project\final_project.srcs\sources_1\new\DualPort.sv:]
WARNING: [filemgmt 56-199] Attempt to get parsing info during refresh. "On-the-fly" syntax checking information may be incorrect. [C:\CSEE4280\GRP2ADD\FinalProject\MemVga\MemVga.srcs\sources_1\new\Starting_Pixels.v:]
WARNING: [filemgmt 56-199] Attempt to get parsing info during refresh. "On-the-fly" syntax checking information may be incorrect. [C:\CSEE4280\GRP2ADD\FinalProject\Processing\Processing.srcs\sources_1\new\Auto_Clk.v:]
WARNING: [filemgmt 56-199] Attempt to get parsing info during refresh. "On-the-fly" syntax checking information may be incorrect. [C:\CSEE4280\GRP2ADD\FinalProject\MemVga\MemVga.srcs\sources_1\imports\FinalProject\Mem\final_project\final_project.srcs\sources_1\new\Memory.sv:]
WARNING: [filemgmt 56-199] Attempt to get parsing info during refresh. "On-the-fly" syntax checking information may be incorrect. [C:\CSEE4280\GRP2ADD\FinalProject\Processing\Processing.srcs\sources_1\new\Auto_Control.v:]
WARNING: [filemgmt 56-199] Attempt to get parsing info during refresh. "On-the-fly" syntax checking information may be incorrect. [C:\CSEE4280\GRP2ADD\FinalProject\MemVga\MemVga.srcs\sources_1\imports\FinalProject\VGAOutput\VGAOutput.srcs\sources_1\new\VGA_Out.v:]
WARNING: [filemgmt 56-199] Attempt to get parsing info during refresh. "On-the-fly" syntax checking information may be incorrect. [C:\CSEE4280\GRP2ADD\FinalProject\MemVga\MemVga.srcs\sources_1\imports\FinalProject\VGAOutput\VGAOutput.srcs\sources_1\new\VGA_Out.v:]
WARNING: [filemgmt 56-199] Attempt to get parsing info during refresh. "On-the-fly" syntax checking information may be incorrect. [C:\CSEE4280\GRP2ADD\FinalProject\MemVga\MemVga.srcs\sources_1\imports\FinalProject\VGAOutput\VGAOutput.srcs\sources_1\new\VGA_Out.v:]
reset_run synth_1
INFO: [Project 1-1161] Replacing file C:/CSEE4280/GRP2ADD/FinalProject/MemVga/MemVga.srcs/utils_1/imports/synth_1/Top.dcp with file C:/CSEE4280/GRP2ADD/FinalProject/MemVga/MemVga.runs/synth_1/Top.dcp
launch_runs impl_1 -to_step write_bitstream -jobs 12
[Fri Apr 11 16:14:04 2025] Launched synth_1...
Run output will be captured here: C:/CSEE4280/GRP2ADD/FinalProject/MemVga/MemVga.runs/synth_1/runme.log
[Fri Apr 11 16:14:04 2025] Launched impl_1...
Run output will be captured here: C:/CSEE4280/GRP2ADD/FinalProject/MemVga/MemVga.runs/impl_1/runme.log
WARNING: [filemgmt 56-199] Attempt to get parsing info during refresh. "On-the-fly" syntax checking information may be incorrect. [C:\CSEE4280\GRP2ADD\FinalProject\MemVga\MemVga.srcs\sources_1\new\Top.sv:]
WARNING: [filemgmt 56-199] Attempt to get parsing info during refresh. "On-the-fly" syntax checking information may be incorrect. [C:\CSEE4280\GRP2ADD\FinalProject\MemVga\MemVga.srcs\sources_1\imports\FinalProject\Mem\final_project\final_project.srcs\sources_1\new\DualPort.sv:]
WARNING: [filemgmt 56-199] Attempt to get parsing info during refresh. "On-the-fly" syntax checking information may be incorrect. [C:\CSEE4280\GRP2ADD\FinalProject\MemVga\MemVga.srcs\sources_1\new\Starting_Pixels.v:]
WARNING: [filemgmt 56-199] Attempt to get parsing info during refresh. "On-the-fly" syntax checking information may be incorrect. [C:\CSEE4280\GRP2ADD\FinalProject\Processing\Processing.srcs\sources_1\new\Auto_Clk.v:]
WARNING: [filemgmt 56-199] Attempt to get parsing info during refresh. "On-the-fly" syntax checking information may be incorrect. [C:\CSEE4280\GRP2ADD\FinalProject\MemVga\MemVga.srcs\sources_1\imports\FinalProject\Mem\final_project\final_project.srcs\sources_1\new\Memory.sv:]
WARNING: [filemgmt 56-199] Attempt to get parsing info during refresh. "On-the-fly" syntax checking information may be incorrect. [C:\CSEE4280\GRP2ADD\FinalProject\Processing\Processing.srcs\sources_1\new\Auto_Control.v:]
WARNING: [filemgmt 56-199] Attempt to get parsing info during refresh. "On-the-fly" syntax checking information may be incorrect. [C:\CSEE4280\GRP2ADD\FinalProject\MemVga\MemVga.srcs\sources_1\imports\FinalProject\VGAOutput\VGAOutput.srcs\sources_1\new\VGA_Out.v:]
WARNING: [filemgmt 56-199] Attempt to get parsing info during refresh. "On-the-fly" syntax checking information may be incorrect. [C:\CSEE4280\GRP2ADD\FinalProject\MemVga\MemVga.srcs\sources_1\new\Top.sv:]
WARNING: [filemgmt 56-199] Attempt to get parsing info during refresh. "On-the-fly" syntax checking information may be incorrect. [C:\CSEE4280\GRP2ADD\FinalProject\MemVga\MemVga.srcs\sources_1\new\Top.sv:]
WARNING: [filemgmt 56-199] Attempt to get parsing info during refresh. "On-the-fly" syntax checking information may be incorrect. [C:\CSEE4280\GRP2ADD\FinalProject\MemVga\MemVga.srcs\sources_1\new\Top.sv:]
WARNING: [filemgmt 56-199] Attempt to get parsing info during refresh. "On-the-fly" syntax checking information may be incorrect. [C:\CSEE4280\GRP2ADD\FinalProject\MemVga\MemVga.srcs\sources_1\imports\FinalProject\Mem\final_project\final_project.srcs\sources_1\new\DualPort.sv:]
WARNING: [filemgmt 56-199] Attempt to get parsing info during refresh. "On-the-fly" syntax checking information may be incorrect. [C:\CSEE4280\GRP2ADD\FinalProject\MemVga\MemVga.srcs\sources_1\new\Starting_Pixels.v:]
WARNING: [filemgmt 56-199] Attempt to get parsing info during refresh. "On-the-fly" syntax checking information may be incorrect. [C:\CSEE4280\GRP2ADD\FinalProject\Processing\Processing.srcs\sources_1\new\Auto_Clk.v:]
WARNING: [filemgmt 56-199] Attempt to get parsing info during refresh. "On-the-fly" syntax checking information may be incorrect. [C:\CSEE4280\GRP2ADD\FinalProject\MemVga\MemVga.srcs\sources_1\imports\FinalProject\Mem\final_project\final_project.srcs\sources_1\new\Memory.sv:]
WARNING: [filemgmt 56-199] Attempt to get parsing info during refresh. "On-the-fly" syntax checking information may be incorrect. [C:\CSEE4280\GRP2ADD\FinalProject\Processing\Processing.srcs\sources_1\new\Auto_Control.v:]
WARNING: [filemgmt 56-199] Attempt to get parsing info during refresh. "On-the-fly" syntax checking information may be incorrect. [C:\CSEE4280\GRP2ADD\FinalProject\MemVga\MemVga.srcs\sources_1\imports\FinalProject\VGAOutput\VGAOutput.srcs\sources_1\new\VGA_Out.v:]
WARNING: [filemgmt 56-199] Attempt to get parsing info during refresh. "On-the-fly" syntax checking information may be incorrect. [C:\CSEE4280\GRP2ADD\FinalProject\Processing\Processing.srcs\sources_1\new\Auto_Clk.v:]
WARNING: [filemgmt 56-199] Attempt to get parsing info during refresh. "On-the-fly" syntax checking information may be incorrect. [C:\CSEE4280\GRP2ADD\FinalProject\Processing\Processing.srcs\sources_1\new\Auto_Clk.v:]
WARNING: [filemgmt 56-199] Attempt to get parsing info during refresh. "On-the-fly" syntax checking information may be incorrect. [C:\CSEE4280\GRP2ADD\FinalProject\MemVga\MemVga.srcs\sources_1\new\Top.sv:]
WARNING: [filemgmt 56-199] Attempt to get parsing info during refresh. "On-the-fly" syntax checking information may be incorrect. [C:\CSEE4280\GRP2ADD\FinalProject\MemVga\MemVga.srcs\sources_1\imports\FinalProject\Mem\final_project\final_project.srcs\sources_1\new\DualPort.sv:]
WARNING: [filemgmt 56-199] Attempt to get parsing info during refresh. "On-the-fly" syntax checking information may be incorrect. [C:\CSEE4280\GRP2ADD\FinalProject\MemVga\MemVga.srcs\sources_1\new\Starting_Pixels.v:]
WARNING: [filemgmt 56-199] Attempt to get parsing info during refresh. "On-the-fly" syntax checking information may be incorrect. [C:\CSEE4280\GRP2ADD\FinalProject\Processing\Processing.srcs\sources_1\new\Auto_Clk.v:]
WARNING: [filemgmt 56-199] Attempt to get parsing info during refresh. "On-the-fly" syntax checking information may be incorrect. [C:\CSEE4280\GRP2ADD\FinalProject\MemVga\MemVga.srcs\sources_1\imports\FinalProject\Mem\final_project\final_project.srcs\sources_1\new\Memory.sv:]
WARNING: [filemgmt 56-199] Attempt to get parsing info during refresh. "On-the-fly" syntax checking information may be incorrect. [C:\CSEE4280\GRP2ADD\FinalProject\Processing\Processing.srcs\sources_1\new\Auto_Control.v:]
WARNING: [filemgmt 56-199] Attempt to get parsing info during refresh. "On-the-fly" syntax checking information may be incorrect. [C:\CSEE4280\GRP2ADD\FinalProject\MemVga\MemVga.srcs\sources_1\imports\FinalProject\VGAOutput\VGAOutput.srcs\sources_1\new\VGA_Out.v:]
WARNING: [filemgmt 56-199] Attempt to get parsing info during refresh. "On-the-fly" syntax checking information may be incorrect. [C:\CSEE4280\GRP2ADD\FinalProject\Processing\Processing.srcs\sources_1\new\Auto_Control.v:]
WARNING: [filemgmt 56-199] Attempt to get parsing info during refresh. "On-the-fly" syntax checking information may be incorrect. [C:\CSEE4280\GRP2ADD\FinalProject\Processing\Processing.srcs\sources_1\new\Auto_Control.v:]
WARNING: [filemgmt 56-199] Attempt to get parsing info during refresh. "On-the-fly" syntax checking information may be incorrect. [C:\CSEE4280\GRP2ADD\FinalProject\MemVga\MemVga.srcs\sources_1\new\Top.sv:]
WARNING: [filemgmt 56-199] Attempt to get parsing info during refresh. "On-the-fly" syntax checking information may be incorrect. [C:\CSEE4280\GRP2ADD\FinalProject\MemVga\MemVga.srcs\sources_1\imports\FinalProject\Mem\final_project\final_project.srcs\sources_1\new\DualPort.sv:]
WARNING: [filemgmt 56-199] Attempt to get parsing info during refresh. "On-the-fly" syntax checking information may be incorrect. [C:\CSEE4280\GRP2ADD\FinalProject\MemVga\MemVga.srcs\sources_1\new\Starting_Pixels.v:]
WARNING: [filemgmt 56-199] Attempt to get parsing info during refresh. "On-the-fly" syntax checking information may be incorrect. [C:\CSEE4280\GRP2ADD\FinalProject\Processing\Processing.srcs\sources_1\new\Auto_Clk.v:]
WARNING: [filemgmt 56-199] Attempt to get parsing info during refresh. "On-the-fly" syntax checking information may be incorrect. [C:\CSEE4280\GRP2ADD\FinalProject\MemVga\MemVga.srcs\sources_1\imports\FinalProject\Mem\final_project\final_project.srcs\sources_1\new\Memory.sv:]
WARNING: [filemgmt 56-199] Attempt to get parsing info during refresh. "On-the-fly" syntax checking information may be incorrect. [C:\CSEE4280\GRP2ADD\FinalProject\Processing\Processing.srcs\sources_1\new\Auto_Control.v:]
WARNING: [filemgmt 56-199] Attempt to get parsing info during refresh. "On-the-fly" syntax checking information may be incorrect. [C:\CSEE4280\GRP2ADD\FinalProject\MemVga\MemVga.srcs\sources_1\imports\FinalProject\VGAOutput\VGAOutput.srcs\sources_1\new\VGA_Out.v:]
WARNING: [filemgmt 56-199] Attempt to get parsing info during refresh. "On-the-fly" syntax checking information may be incorrect. [C:\CSEE4280\GRP2ADD\FinalProject\MemVga\MemVga.srcs\sources_1\imports\FinalProject\VGAOutput\VGAOutput.srcs\sources_1\new\VGA_Out.v:]
WARNING: [filemgmt 56-199] Attempt to get parsing info during refresh. "On-the-fly" syntax checking information may be incorrect. [C:\CSEE4280\GRP2ADD\FinalProject\MemVga\MemVga.srcs\sources_1\imports\FinalProject\VGAOutput\VGAOutput.srcs\sources_1\new\VGA_Out.v:]
WARNING: [filemgmt 56-199] Attempt to get parsing info during refresh. "On-the-fly" syntax checking information may be incorrect. [C:\CSEE4280\GRP2ADD\FinalProject\MemVga\MemVga.srcs\sources_1\new\Top.sv:]
WARNING: [filemgmt 56-199] Attempt to get parsing info during refresh. "On-the-fly" syntax checking information may be incorrect. [C:\CSEE4280\GRP2ADD\FinalProject\MemVga\MemVga.srcs\sources_1\imports\FinalProject\Mem\final_project\final_project.srcs\sources_1\new\DualPort.sv:]
WARNING: [filemgmt 56-199] Attempt to get parsing info during refresh. "On-the-fly" syntax checking information may be incorrect. [C:\CSEE4280\GRP2ADD\FinalProject\MemVga\MemVga.srcs\sources_1\new\Starting_Pixels.v:]
WARNING: [filemgmt 56-199] Attempt to get parsing info during refresh. "On-the-fly" syntax checking information may be incorrect. [C:\CSEE4280\GRP2ADD\FinalProject\Processing\Processing.srcs\sources_1\new\Auto_Clk.v:]
WARNING: [filemgmt 56-199] Attempt to get parsing info during refresh. "On-the-fly" syntax checking information may be incorrect. [C:\CSEE4280\GRP2ADD\FinalProject\MemVga\MemVga.srcs\sources_1\imports\FinalProject\Mem\final_project\final_project.srcs\sources_1\new\Memory.sv:]
WARNING: [filemgmt 56-199] Attempt to get parsing info during refresh. "On-the-fly" syntax checking information may be incorrect. [C:\CSEE4280\GRP2ADD\FinalProject\Processing\Processing.srcs\sources_1\new\Auto_Control.v:]
WARNING: [filemgmt 56-199] Attempt to get parsing info during refresh. "On-the-fly" syntax checking information may be incorrect. [C:\CSEE4280\GRP2ADD\FinalProject\MemVga\MemVga.srcs\sources_1\imports\FinalProject\VGAOutput\VGAOutput.srcs\sources_1\new\VGA_Out.v:]
WARNING: [filemgmt 56-199] Attempt to get parsing info during refresh. "On-the-fly" syntax checking information may be incorrect. [C:\CSEE4280\GRP2ADD\FinalProject\MemVga\MemVga.srcs\sources_1\new\Starting_Pixels.v:]
WARNING: [filemgmt 56-199] Attempt to get parsing info during refresh. "On-the-fly" syntax checking information may be incorrect. [C:\CSEE4280\GRP2ADD\FinalProject\MemVga\MemVga.srcs\sources_1\new\Starting_Pixels.v:]
WARNING: [filemgmt 56-199] Attempt to get parsing info during refresh. "On-the-fly" syntax checking information may be incorrect. [C:\CSEE4280\GRP2ADD\FinalProject\MemVga\MemVga.srcs\sources_1\new\Top.sv:]
INFO: [Common 17-14] Message 'filemgmt 56-199' appears 100 times and further instances of the messages will be disabled. Use the Tcl command set_msg_config to change the current settings.
exit
INFO: [Common 17-206] Exiting Vivado at Fri Apr 11 16:17:54 2025...
